customer_id,first_name,last_name,email,phone,street_address,city,state,zip_code,loyalty_tier,join_date
1,Brian,Valdez,brian.valdez24@gmail.com,581.808.0132x677,65133 Amanda Dam,Whitemouth,IA,10381,Platinum,2026-06-18
2,Brian,Gray,brian.gray387@outlook.com,582.208.1219x13619,7468 Moore Hill Apt. 098,Lake Leeton,OR,62994,Platinum,2025-04-05
3,Christopher,Sandoval,christopher.sandoval812@outlook.com,+1-638-442-5135,3534 Anderson Rue Suite 751,South Christineshire,CT,10103,Gold,2024-06-27
4,Martha,Warner,martha.warner526@gmail.com,634-487-4016x40052,841 Joseph Coves,West Juan,IL,94559,Silver,2025-10-11
5,Scott,Thornton,scott.thornton749@gmail.com,431.458.6923,12805 Russell Canyon,Michaelton,MH,47399,Gold,2026-05-17
6,Robert,White,robert.white248@yahoo.com,+1-636-454-1458x68501,3421 Brennan Walks Suite 337,Kevinbury,IN,03602,Gold,2025-02-03
7,Sydney,Baker,sydney.baker340@yahoo.com,001-360-688-3561x595,655 Obrien Pass,South Rachelborough,KS,06318,Platinum,2024-10-12
8,Kyle,Ortiz,kyle.ortiz625@gmail.com,969.495.7773,482 Robert Light Apt. 994,Kelleytown,ME,38107,Gold,2025-06-05
9,Christopher,Robertson,christopher.robertson39@outlook.com,220.516.3287,34332 Brandon Mountains Apt. 769,Lake Heather,NM,52884,Bronze,2026-07-12
10,Melinda,Bryant,melinda.bryant874@outlook.com,387-434-7143x455,889 Dodson Mills Suite 872,Colebury,MP,84080,Silver,2023-04-08
11,Jesse,Benson,jesse.benson210@yahoo.com,001-596-670-5466x88937,66587 Brown Village,Priceshire,UT,03061,Silver,2024-06-24
12,Todd,Price,todd.price994@outlook.com,975.256.4641,272 Rebecca Ramp Apt. 162,Whiteview,MS,43407,Silver,2025-10-23
13,Amber,Cooke,amber.cooke849@outlook.com,(699)812-4190,10033 Christine Garden Apt. 719,South Holly,WI,48852,Gold,2024-04-24
14,Shelly,Gonzalez,shelly.gonzalez905@gmail.com,916.857.2628x4987,49190 Patel Shore,Caseymouth,AL,55558,Platinum,2026-02-19
15,Jessica,Adams,jessica.adams746@yahoo.com,949-948-0831x36783,47379 Rogers Park,Hunterborough,MI,34363,Silver,2024-07-13
16,Laura,Davis,laura.davis826@gmail.com,001-574-544-3135x182,3495 Tran Key,Barajasside,MA,46613,Bronze,2025-10-07
17,Todd,Hardy,todd.hardy97@hotmail.com,310.394.7775x2047,34352 Smith Place Apt. 400,Heidiberg,SC,99170,Platinum,2024-04-30
18,Travis,Ray,travis.ray739@gmail.com,496-549-9091x3341,29413 Angela Mall,Port Alexandra,NV,58529,Bronze,2023-05-14
19,Andrea,Moore,andrea.moore622@yahoo.com,(642)910-2499,9740 Keith Haven Suite 134,South Danny,IN,85387,Silver,2023-02-26
20,Taylor,Torres,taylor.torres608@gmail.com,001-949-702-7874x29671,8877 Carly Meadows Suite 940,East Suzanneshire,OR,03220,Silver,2024-05-12
21,Mathew,Santiago,mathew.santiago505@yahoo.com,9879603859,6746 Shawn Island,Marcusfurt,VI,67950,Silver,2025-11-09
22,Brett,Adams,brett.adams415@outlook.com,412.874.8467x737,7710 Jennifer Inlet,New Rickybury,MP,15372,Silver,2023-06-09
23,Sandra,Romero,sandra.romero41@hotmail.com,(858)286-7533x963,46584 Justin Hills,Grimesmouth,ND,63984,Bronze,2023-12-24
24,Julie,Thornton,julie.thornton741@gmail.com,359-561-5865x780,2702 Kane Well Suite 187,Lake Douglasberg,CA,62038,Bronze,2025-04-23
25,Gabrielle,Mitchell,gabrielle.mitchell941@hotmail.com,855-562-3869x2221,161 Scott Square,Rebeccaton,MD,07856,Gold,2024-09-28
26,Roberta,Thomas,roberta.thomas399@gmail.com,(647)243-6713x69594,474 Rachel Mountain Suite 821,Landryshire,ME,84247,Platinum,2026-02-26
27,Dominique,Hill,dominique.hill984@hotmail.com,+1-504-470-9521x4562,743 Robinson Field,Ericaberg,SC,13236,Bronze,2025-12-20
28,Amber,Mata,amber.mata11@yahoo.com,754.596.5137x098,47451 Mccarty Divide Apt. 685,Port Ralphview,ND,16700,Silver,2025-05-19
29,Bryan,Colon,bryan.colon841@gmail.com,001-786-592-6179x640,612 Sophia Hollow Suite 113,South Shawn,TN,97905,Bronze,2024-07-05
30,Sean,Young,sean.young601@gmail.com,218.639.3352,58506 Lopez Crossing Suite 139,North Kristinbury,DC,74501,Gold,2026-04-11
31,Tracey,Huerta,tracey.huerta798@hotmail.com,001-258-991-7839x08470,10205 Brianna Brook Apt. 402,Foxland,NJ,59257,Bronze,2026-03-25
32,Richard,Parks,richard.parks563@yahoo.com,896.311.8367x36576,711 Franklin Circles Apt. 499,Oscarhaven,LA,59970,Bronze,2023-12-15
33,Ronald,Ortega,ronald.ortega251@hotmail.com,001-360-749-4519x83273,71111 Davis Streets Suite 280,Elizabethchester,MI,87708,Gold,2026-03-22
34,Angela,Wilson,angela.wilson484@hotmail.com,(896)812-0183,368 Chelsea Shoals Suite 024,Sandrastad,AL,24278,Gold,2024-07-21
35,Matthew,Wood,matthew.wood747@outlook.com,681.256.1497,910 Eric River Apt. 147,Tuckermouth,MT,36305,Bronze,2023-07-25
36,Randall,Greene,randall.greene984@hotmail.com,988.351.6060,43244 Wilson Parks,Thompsonfurt,ND,92732,Bronze,2026-04-17
37,Lawrence,Patterson,lawrence.patterson904@yahoo.com,(581)764-5352x1818,641 Smith Islands Apt. 975,South Meganbury,NE,77685,Platinum,2024-02-13
38,Jessica,Fuentes,jessica.fuentes377@outlook.com,001-397-999-5527,12432 Kathleen Shoal,East Stephaniefort,NH,99387,Silver,2024-07-03
39,Crystal,Hogan,crystal.hogan908@gmail.com,267.998.0793x59782,8147 Johnson Land,Chaseland,RI,78368,Bronze,2023-01-24
40,Lisa,Monroe,lisa.monroe319@gmail.com,(759)305-1518x64492,203 Ritter Pine,West Nathan,LA,51280,Bronze,2025-02-07
41,Elizabeth,Rangel,elizabeth.rangel892@outlook.com,(635)373-3221,629 Kyle Lane Suite 281,Romerotown,MN,40984,Bronze,2024-10-13
42,Kelli,Conley,kelli.conley553@outlook.com,+1-937-994-7383x47359,592 Moore Falls,Lake Samuel,MT,48250,Silver,2025-11-24
43,Juan,Reyes,juan.reyes237@hotmail.com,(861)737-5060,39240 Sawyer Plaza Apt. 814,Port Ethanmouth,MH,67787,Platinum,2023-08-18
44,Paul,Miller,paul.miller352@gmail.com,379.601.0432x8986,51522 Justin Village,Hortonberg,WV,92977,Silver,2023-08-21
45,Kevin,Williams,kevin.williams775@hotmail.com,296.821.8518,971 Mary Parks Apt. 893,West Ruben,RI,46745,Silver,2026-05-04
46,Theodore,Reid,theodore.reid175@yahoo.com,772.621.7043x030,0515 Jessica Road Apt. 952,West Amyburgh,MP,90243,Silver,2024-10-25
47,Raymond,Ochoa,raymond.ochoa622@yahoo.com,775.384.1616x9284,0345 Michelle Isle Suite 156,Paulfurt,MA,24987,Bronze,2022-12-19
48,Mark,Phillips,mark.phillips246@hotmail.com,001-220-429-7021x3556,627 West Stream Suite 964,North Emilyfurt,MN,67752,Gold,2025-07-06
49,Shannon,Watson,shannon.watson344@outlook.com,001-973-394-7312x172,92856 Banks Gateway Apt. 027,Mcintyreville,KS,34617,Platinum,2026-01-27
50,Evelyn,Bruce,evelyn.bruce79@gmail.com,470.358.9578,518 Vance Vista Apt. 258,North Tracie,WY,18703,Gold,2022-11-27
51,Kyle,Key,kyle.key957@gmail.com,(426)480-1824,669 David Island Apt. 778,Davidside,SC,77543,Gold,2023-12-31
52,Sarah,Perez,sarah.perez134@hotmail.com,690-601-0943x96907,43842 Mendez Course Apt. 992,Lake Claudia,MH,79817,Bronze,2024-09-05
53,John,Aguirre,john.aguirre850@outlook.com,(425)388-1537x1473,7102 Perry Mountain Apt. 592,Michellemouth,VA,45769,Bronze,2022-11-03
54,Kelly,Cruz,kelly.cruz797@outlook.com,695.200.4797,25953 Tyrone Passage Suite 747,North Sierrahaven,NH,32053,Silver,2026-03-25
55,Daniel,Anderson,daniel.anderson505@hotmail.com,+1-891-221-6558x52398,565 Richard Port Apt. 584,South Williamside,KY,82190,Platinum,2022-10-26
56,Benjamin,Reeves,benjamin.reeves446@gmail.com,+1-879-647-0551,729 Mark Ridge Suite 269,Brittneyhaven,MP,67310,Bronze,2026-01-05
57,Rachel,Wiggins,rachel.wiggins120@yahoo.com,409.813.0756,749 Jennifer Prairie,Jacksonfurt,FL,89725,Platinum,2025-07-24
58,James,Shaw,james.shaw800@gmail.com,(549)973-3484x344,028 Ann Shore Suite 865,South Rhonda,MA,72102,Bronze,2023-12-22
59,Timothy,Castro,timothy.castro967@yahoo.com,538.548.4219,1986 Cardenas Trail Apt. 404,West Sandraview,WA,63294,Bronze,2022-11-03
60,Elizabeth,Schmidt,elizabeth.schmidt533@yahoo.com,434.254.0193x8026,16571 Adam Plaza,South Denise,FM,62851,Gold,2026-03-07
61,Randy,Simpson,randy.simpson400@hotmail.com,001-774-320-5493x2966,04991 Mitchell Row Suite 287,Jamesville,MA,21799,Bronze,2024-04-30
62,Elizabeth,Lopez,elizabeth.lopez838@gmail.com,001-404-853-0174,5304 Young Terrace,Stephanieport,OR,95250,Platinum,2025-07-17
63,Wayne,Jacobson,wayne.jacobson158@hotmail.com,001-583-439-1878x51910,145 Jeffrey Dale Suite 279,Robertside,PW,62213,Bronze,2023-04-29
64,Mark,Meyer,mark.meyer329@yahoo.com,3872406403,397 Rachel Mission,South Davidchester,NH,74413,Bronze,2024-06-05
65,Melvin,Brown,melvin.brown976@yahoo.com,(218)625-1286x8230,70462 Katie Stream,Brooksfurt,NV,49980,Silver,2024-08-05
66,Emily,Stephens,emily.stephens261@outlook.com,690.530.6738x302,37524 Sharon Stream Apt. 069,East Jamieville,PA,04901,Gold,2026-02-04
67,Sabrina,Johnston,sabrina.johnston54@hotmail.com,266-824-6287x33427,42836 Hill Point Apt. 687,West Shellyfurt,WY,69243,Silver,2024-05-25
68,Angela,Anderson,angela.anderson447@gmail.com,+1-501-539-8373x540,3517 Davis Stream,North Joseph,TX,79795,Platinum,2025-10-11
69,David,Key,david.key642@hotmail.com,001-875-635-5609x3204,93638 Rowe Light Suite 854,Michaelfort,NH,13425,Platinum,2023-04-10
70,James,Hall,james.hall782@yahoo.com,+1-508-301-0062,8547 Murray Street,Garyside,NM,24624,Silver,2025-08-19
71,Edward,Robinson,edward.robinson538@outlook.com,001-762-611-8233x984,0997 Smith Place Suite 008,Amandaport,AK,66327,Gold,2026-01-02
72,Randy,Watson,randy.watson768@gmail.com,001-921-676-5918x033,9334 Desiree Walks Apt. 166,Tranton,SC,01739,Bronze,2022-10-28
73,Sandra,Cohen,sandra.cohen248@outlook.com,+1-885-762-1850x16315,902 Smith Fords Apt. 614,New John,MP,51508,Bronze,2022-10-02
74,Cynthia,Bowers,cynthia.bowers813@hotmail.com,(426)355-1104x7541,3586 Lopez Prairie Suite 194,Lake Charles,KY,20715,Silver,2023-06-04
75,Ryan,Hawkins,ryan.hawkins351@outlook.com,(824)644-7212,01581 Shields Bridge Suite 661,New Adriana,TX,50404,Silver,2024-06-01
76,Kevin,Patton,kevin.patton489@yahoo.com,(592)745-9375x26547,3799 Stephen Dale Suite 065,Brockmouth,NV,44375,Platinum,2024-03-23
77,Juan,Hartman,juan.hartman48@yahoo.com,842.866.1797,93982 Stephanie Mountain Apt. 741,Chambersberg,SC,40193,Silver,2024-12-08
78,Benjamin,Schmitt,benjamin.schmitt661@outlook.com,288.999.3756x79825,35290 Rasmussen Isle,Rodriguezville,KS,29599,Bronze,2023-01-26
79,Kenneth,Knapp,kenneth.knapp55@gmail.com,801-905-1238x2825,25457 Adriana Keys,Davismouth,MD,09305,Gold,2023-08-12
80,Lauren,Soto,lauren.soto463@gmail.com,001-719-818-2553x71478,660 Shannon Meadow,Smithborough,IL,36984,Bronze,2025-03-23
81,Philip,Wilson,philip.wilson520@outlook.com,(492)496-6278x28274,9249 Emily Island Apt. 341,West Heather,NY,51417,Bronze,2023-12-18
82,Megan,Harvey,megan.harvey823@outlook.com,338-642-7978x819,72368 Ortiz Overpass Suite 772,New Anthonybury,LA,04786,Gold,2025-12-03
83,Amy,Ritter,amy.ritter588@yahoo.com,451-571-3395x962,783 Garcia Village,West Nancy,AZ,59448,Bronze,2026-01-31
84,Jamie,Brown,jamie.brown732@hotmail.com,822-832-5367x294,498 Mario Squares Suite 494,East Sydneychester,PW,08271,Gold,2024-07-19
85,Charles,Norton,charles.norton597@yahoo.com,+1-763-463-7454,8457 Murphy Alley,Lake Teresastad,PR,08801,Platinum,2025-01-12
86,Melissa,Kramer,melissa.kramer775@hotmail.com,824-315-4152x0643,17012 Bryant Meadow,Lake Regina,FM,85697,Platinum,2025-08-14
87,Cody,Lewis,cody.lewis891@outlook.com,861.411.5542,93870 Heather Viaduct,Port Robertberg,NJ,09784,Platinum,2025-05-09
88,Victoria,Thomas,victoria.thomas92@outlook.com,412-519-6565,275 Courtney Drive,Jensenmouth,VI,28975,Silver,2023-10-21
89,Deanna,Wright,deanna.wright549@outlook.com,(352)269-6582x710,043 Julie Hill Apt. 376,East Victorland,NC,02082,Platinum,2023-09-28
90,Jason,Livingston,jason.livingston653@yahoo.com,(291)646-3031x6179,486 Miles Corner Apt. 414,New Samanthaberg,ND,43328,Silver,2025-06-16
91,Judith,Yang,judith.yang339@gmail.com,464-781-4917x78507,20275 Jackson Crossroad,Jessicaville,WI,04348,Gold,2023-04-18
92,Jonathan,Garcia,jonathan.garcia22@outlook.com,+1-763-353-6541,80003 Thomas Lights,East Sarah,PR,05136,Silver,2024-10-04
93,Emily,Williams,emily.williams977@yahoo.com,(534)494-9375x973,061 Cline Trail,Markside,NH,01545,Silver,2022-08-26
94,Sarah,Johnson,sarah.johnson111@yahoo.com,001-441-803-8657x191,050 Sweeney Stream Suite 138,South Travis,AR,19162,Silver,2022-12-11
95,Brittany,Brown,brittany.brown302@yahoo.com,527-975-6185,44565 Chavez Fort,East Derekshire,CT,20870,Platinum,2023-12-08
96,Steven,Phelps,steven.phelps414@gmail.com,320-267-8831x712,49035 Christopher Gateway,Randyton,TX,39670,Platinum,2022-11-20
97,Maria,Haas,maria.haas638@gmail.com,851-907-0296,65199 Lowery Club,North Jamesmouth,AS,17381,Platinum,2022-10-01
98,Patrick,Simmons,patrick.simmons159@hotmail.com,(738)838-0657x87598,24472 Christina Ridges Apt. 476,Brownview,MS,18488,Bronze,2023-10-11
99,Hector,Flores,hector.flores469@hotmail.com,7397652239,40785 Terri Courts,Lake John,ND,97108,Bronze,2026-07-06
100,Brittany,Warner,brittany.warner658@hotmail.com,708.470.5932,929 Mary Valleys Suite 842,Johnsonton,IN,79362,Silver,2026-07-14
101,Leah,Oneill,leah.oneill768@yahoo.com,(526)475-2895,29218 Yu Landing,Willismouth,ME,42785,Gold,2024-03-26
102,Kurt,Barker,kurt.barker576@yahoo.com,713-655-2157x04331,09690 Carrie Valleys,Lake Ariana,NM,18935,Silver,2025-12-21
103,Daniel,Smith,daniel.smith334@outlook.com,705-941-1526x2181,6267 Bell Lane Apt. 793,South Charles,PR,04880,Silver,2025-08-15
104,Anthony,Dunlap,anthony.dunlap921@yahoo.com,843-310-6987x2050,620 Mark Field,Terryside,KS,87086,Bronze,2023-11-17
105,Madison,Weber,madison.weber857@outlook.com,(265)427-0477x434,10324 Thomas Crescent Suite 677,Christopherside,MS,24733,Bronze,2025-10-28
106,Heather,Davis,heather.davis919@outlook.com,4894899217,693 Mary Viaduct Suite 879,South Kent,MO,94126,Platinum,2023-07-12
107,Lindsey,Martinez,lindsey.martinez909@gmail.com,3993861622,63294 Bartlett Valley Apt. 168,Arnoldview,NC,60552,Silver,2025-01-07
108,Kimberly,Floyd,kimberly.floyd924@hotmail.com,9743505444,4679 Johnson Harbor Suite 299,Williamsmouth,UT,31640,Gold,2026-04-27
109,Jeremy,Turner,jeremy.turner31@yahoo.com,762.589.0233x03070,4691 Scott View Suite 785,New Laceyland,ME,93505,Platinum,2023-10-16
110,Micheal,Marshall,micheal.marshall605@outlook.com,540-560-2933,103 Burns Mission Apt. 798,Maxview,WA,90790,Silver,2023-10-09
111,Denise,Palmer,denise.palmer445@outlook.com,(774)637-4896x910,2290 Johnny Valley,Jenniferview,NE,49846,Bronze,2023-11-23
112,Gabrielle,Olson,gabrielle.olson803@hotmail.com,746-666-0993x5387,5444 Edward Track Apt. 096,Erintown,SD,65692,Platinum,2026-03-22
113,George,Sandoval,george.sandoval353@hotmail.com,(949)547-1709x991,1724 Stacey Isle,East Michaelport,MT,43927,Bronze,2024-10-02
114,David,Becker,david.becker946@yahoo.com,3074432927,0223 Ortiz Port Suite 252,South Marvinburgh,MD,83666,Bronze,2025-03-28
115,Ryan,Jordan,ryan.jordan576@hotmail.com,721-868-9421x0447,6008 Jessica Bridge Suite 830,Lake Jessicabury,UT,45635,Platinum,2026-05-27
116,Gloria,Anderson,gloria.anderson101@yahoo.com,(848)390-9010x0167,3260 Jeffrey Curve Apt. 098,North Michael,SD,05398,Silver,2024-12-14
117,Johnny,Miles,johnny.miles827@outlook.com,001-791-841-1739x3483,046 Elaine Groves,South Maria,CT,67555,Gold,2023-11-18
118,Ethan,Kelley,ethan.kelley946@gmail.com,001-681-714-3744x70120,753 Alexander Corners,Port Audreyfort,FL,12308,Gold,2026-01-13
119,Erica,Simmons,erica.simmons864@yahoo.com,(416)367-4676,00225 Kline Road,Natalieland,MN,45422,Gold,2023-03-10
120,Heather,Brown,heather.brown409@yahoo.com,567-701-4508,69797 Cheryl Tunnel,Cherylberg,NJ,64480,Silver,2024-10-31
121,Alexandra,Haynes,alexandra.haynes602@outlook.com,821.575.3540x8386,3756 Mary Point,North Dawnburgh,NY,62011,Gold,2022-12-17
122,Stephen,Solis,stephen.solis642@gmail.com,+1-937-755-0375,77517 Curtis Loop Apt. 880,Port Cassandraport,FM,67129,Bronze,2025-09-02
123,Shaun,Davis,shaun.davis853@yahoo.com,001-361-849-3316x3735,55488 Park Cape,South Donald,VT,97823,Platinum,2022-10-28
124,Sara,Monroe,sara.monroe771@yahoo.com,001-529-622-1699x58669,7982 Smith Street,New Savannahshire,NJ,67129,Bronze,2024-04-26
125,Tamara,Waller,tamara.waller7@hotmail.com,(888)651-5879,26984 Joseph Plaza Apt. 339,Glendaberg,VT,85709,Platinum,2026-05-11
126,Melanie,Stokes,melanie.stokes930@hotmail.com,001-843-580-5719x838,62003 Christensen Estates,Francesberg,MP,08631,Bronze,2024-10-18
127,Kristen,Lindsey,kristen.lindsey57@gmail.com,+1-359-889-3347x2122,066 Frye Spur Suite 800,Jamesmouth,MP,30064,Platinum,2022-10-19
128,Roy,Hawkins,roy.hawkins516@yahoo.com,+1-451-858-3281,94057 Bill Islands,Port Sarahport,NM,75562,Bronze,2024-12-07
129,Amanda,Davis,amanda.davis84@yahoo.com,+1-793-905-6164x840,55543 Barajas View,North Elizabethmouth,IA,84683,Gold,2024-09-11
130,Bradley,Villanueva,bradley.villanueva844@gmail.com,386.312.0750,8112 Courtney Fords,Port Gina,MP,14122,Bronze,2022-11-09
131,Gregory,King,gregory.king969@gmail.com,+1-309-619-0158,346 Hayes Lodge,Stewartfurt,TX,16007,Platinum,2025-12-21
132,Gina,Obrien,gina.obrien541@gmail.com,+1-321-600-9968,6607 Amanda Dale Suite 842,Ericastad,AL,73052,Gold,2023-07-09
133,Kaitlin,Berger,kaitlin.berger83@outlook.com,+1-714-714-1397,68222 Christina Glen Apt. 129,Port Karenside,NH,84999,Bronze,2023-03-04
134,Emily,Young,emily.young879@outlook.com,333-464-5257x77547,135 Hayes Ridges Suite 929,Lindseychester,GA,01134,Bronze,2025-05-15
135,Catherine,Wilkinson,catherine.wilkinson465@hotmail.com,808.548.8725,341 Patricia Vista,Port Bonniefurt,WI,77838,Silver,2026-06-01
136,Kelsey,Quinn,kelsey.quinn884@yahoo.com,+1-727-850-3731x45303,78816 Shaw Shore Apt. 928,South Erik,OK,74663,Platinum,2024-08-15
137,Samantha,Keith,samantha.keith658@hotmail.com,+1-218-446-3865x5779,518 Davenport Greens,South Desiree,MN,77529,Silver,2024-06-30
138,Gabriel,Jones,gabriel.jones52@outlook.com,2304299228,22259 Donna Mall Suite 177,Clarkburgh,SD,54358,Silver,2022-11-11
139,Gabriel,Nielsen,gabriel.nielsen653@outlook.com,+1-484-325-7991x366,904 Jay Rest Suite 723,Burkeshire,GU,24340,Gold,2022-09-11
140,James,Heath,james.heath18@hotmail.com,(408)663-7659x916,91279 Natalie Place Apt. 172,Port Erikachester,NC,55640,Platinum,2024-08-27
141,Katie,Kent,katie.kent454@outlook.com,+1-735-665-1269x4486,9864 Adam Summit,New Alexandrahaven,AL,49656,Platinum,2025-07-09
142,Raymond,Harris,raymond.harris167@gmail.com,365.389.0260x12796,58874 Lane Trail Suite 213,Loganburgh,CT,28610,Platinum,2023-09-29
143,Jeffrey,Miller,jeffrey.miller907@yahoo.com,484.230.9883,669 Dawson Ranch,Port Lorifort,NV,01904,Platinum,2024-02-26
144,John,Smith,john.smith782@hotmail.com,(854)339-3769x042,46566 April Street,North Andreaside,PW,76907,Silver,2024-12-31
145,Charles,Phillips,charles.phillips611@yahoo.com,+1-279-607-1416x33565,489 Benson Lane,Carrillomouth,WI,60643,Gold,2023-09-06
146,Justin,Ross,justin.ross20@gmail.com,933.295.2111,82755 Patricia Grove Apt. 373,Lake John,KS,27603,Platinum,2025-11-16
147,Mercedes,Rubio,mercedes.rubio743@hotmail.com,+1-908-756-2718,9579 Henry Track Suite 639,North Alicia,NE,63195,Platinum,2025-07-22
148,Alan,Craig,alan.craig946@gmail.com,(855)864-7292x93143,155 Lopez Greens Apt. 479,Michaelfort,NE,28095,Silver,2023-06-17
149,Dustin,Haley,dustin.haley579@gmail.com,001-306-912-0347,0267 Wendy Vista,Kristenport,KS,74181,Gold,2025-10-16
150,Matthew,Ward,matthew.ward24@hotmail.com,(494)772-2569x9611,0615 Barbara Run Apt. 455,Hamptonmouth,FM,10778,Gold,2023-08-06
151,Lawrence,Delgado,lawrence.delgado69@yahoo.com,001-313-326-1117x8006,647 Adkins Pike Suite 622,East Jessicaview,WA,92342,Silver,2023-09-28
152,Christine,Miller,christine.miller208@hotmail.com,687-728-2997x968,3347 David Villages Apt. 005,Michellemouth,VI,71356,Silver,2024-09-03
153,Amber,Ballard,amber.ballard92@yahoo.com,001-464-893-0853x68663,5642 Smith Pike Apt. 547,Lake Sandrafort,ME,01698,Gold,2026-02-23
154,Nicholas,Baker,nicholas.baker367@yahoo.com,+1-474-397-3502x080,389 Mitchell Summit Suite 631,East Keith,SC,60183,Silver,2023-10-29
155,Joseph,Espinoza,joseph.espinoza354@hotmail.com,312-504-6187x23460,12073 Fisher Turnpike,Boltonmouth,UT,04660,Bronze,2024-04-05
156,Kelsey,Ramos,kelsey.ramos479@gmail.com,414.674.3503x13650,71837 Maldonado Inlet,Ericton,WA,72535,Platinum,2025-02-10
157,David,Mccormick,david.mccormick11@yahoo.com,+1-828-712-7358x5730,97925 John Parks,Lake Christineton,AR,47099,Silver,2025-09-15
158,Dennis,Roach,dennis.roach695@gmail.com,585-770-8620x959,784 Lopez Ferry Suite 574,North Amanda,NV,39255,Bronze,2025-09-10
159,Bryan,Coffey,bryan.coffey618@yahoo.com,617.231.0967,87829 Morris Row Suite 118,North Maryberg,HI,04600,Bronze,2024-03-08
160,Jeffrey,Robbins,jeffrey.robbins389@gmail.com,841-538-1138,71705 Short Underpass,Port Christinahaven,AZ,96747,Silver,2023-06-13
161,Alicia,Wright,alicia.wright769@hotmail.com,+1-768-752-8975,861 Craig Squares,Andradeburgh,WY,24145,Silver,2026-03-21
162,Nathan,Duran,nathan.duran845@outlook.com,2826404335,593 Nicholas Plaza Suite 577,Smithton,LA,78588,Silver,2026-07-14
163,Angela,Hawkins,angela.hawkins479@hotmail.com,001-369-631-5727,07522 Richardson Prairie,East Jonathan,ME,12547,Gold,2022-10-14
164,Jessica,Johnston,jessica.johnston386@gmail.com,305.589.2583x20679,55661 Julie Vista,Lake Kimberlyfurt,AR,40449,Silver,2024-06-17
165,Keith,Foster,keith.foster224@hotmail.com,683.876.9389x8331,1790 Baker Locks,Ayalaberg,WV,18178,Bronze,2024-01-01
166,Gail,Johnston,gail.johnston913@outlook.com,+1-427-603-3521x103,665 Lee Key,Port Kevinstad,RI,58462,Gold,2022-09-07
167,Matthew,Brock,matthew.brock271@gmail.com,001-680-242-0439,7053 James Pike Suite 879,Lake Holly,AK,49863,Silver,2024-08-08
168,Diana,Smith,diana.smith886@outlook.com,787.980.0384,451 Kelly Run Suite 368,West Toddside,CO,24935,Bronze,2024-04-19
169,Julie,Smith,julie.smith145@hotmail.com,(416)889-3639,4384 Connie Wells Suite 084,East Matthew,MO,86606,Gold,2023-12-15
170,Renee,Murphy,renee.murphy523@gmail.com,+1-892-851-8812x5205,29832 Barker Pine,South Wendy,WI,19526,Bronze,2023-12-01
171,Scott,Peck,scott.peck442@outlook.com,+1-875-226-7722x330,31220 Obrien Ridge Apt. 933,West Christopherfort,DC,66341,Gold,2023-10-10
172,Stephanie,Walker,stephanie.walker55@yahoo.com,(256)599-9880x8177,12797 Delacruz Gateway,Sullivanton,PA,96882,Platinum,2024-10-30
173,Amanda,Terrell,amanda.terrell210@outlook.com,(449)808-2771x81298,680 Kelly Locks,Kimport,NH,22322,Bronze,2024-05-20
174,Marcus,Johnson,marcus.johnson408@hotmail.com,(489)426-8602x5922,371 Nguyen Run Apt. 111,Waltersland,NC,93205,Bronze,2025-11-23
175,Jennifer,Barnes,jennifer.barnes950@yahoo.com,+1-273-539-7767x199,742 Rachel Flats Apt. 940,Jimenezfort,ND,01254,Platinum,2026-05-18
176,Amy,Harvey,amy.harvey759@hotmail.com,(622)749-9982x79501,22050 Melissa Shores,Markland,AR,14773,Silver,2024-03-11
177,Priscilla,Wilkins,priscilla.wilkins938@yahoo.com,001-681-779-4695,147 David Wall Suite 586,Lake Jason,AR,14827,Bronze,2023-03-06
178,Christina,Crawford,christina.crawford15@yahoo.com,+1-330-734-4144x8850,2934 Aaron Burg Suite 139,Gutierrezmouth,MI,73955,Bronze,2024-01-29
179,Randy,Carroll,randy.carroll900@hotmail.com,776-308-4958x80395,35577 Debbie Orchard,Lake Steven,VI,70882,Silver,2023-04-05
180,Juan,Johnson,juan.johnson105@yahoo.com,938-442-1503x1780,829 Lopez Crescent Suite 504,Millerbury,MN,59733,Gold,2023-06-08
181,Matthew,Webb,matthew.webb532@hotmail.com,5185409435,2182 Jenny Mount Suite 810,Sarahland,MA,61695,Silver,2023-11-05
182,Joshua,Flores,joshua.flores587@outlook.com,(214)995-8702,142 Joshua Bridge Apt. 385,Josephport,OK,32590,Platinum,2026-06-20
183,Emma,Rodriguez,emma.rodriguez804@hotmail.com,001-679-721-7174x77332,66299 Jensen Inlet,Lisaside,CO,99557,Silver,2024-04-17
184,Isaac,Stark,isaac.stark777@hotmail.com,858-514-8769,7701 Rodriguez Neck Suite 245,New Dakota,GU,94122,Silver,2025-04-07
185,John,Moore,john.moore896@yahoo.com,699-875-8172,1539 Mueller Mews Suite 832,Lake Sarahshire,MP,64284,Bronze,2022-12-03
186,Carmen,Jennings,carmen.jennings869@yahoo.com,254.894.6519,7013 Paige Throughway Apt. 227,Petershire,NV,26147,Gold,2026-03-25
187,David,Phillips,david.phillips419@gmail.com,(483)227-2386x56242,008 Rodriguez Haven Apt. 369,Garrettfurt,MO,50513,Gold,2022-12-06
188,Deborah,Thomas,deborah.thomas235@hotmail.com,(753)226-9097x3846,621 Dawn Mall Suite 969,South William,OH,59489,Bronze,2022-10-14
189,Ashley,Bush,ashley.bush505@hotmail.com,+1-994-990-5807,712 Marshall Common,East Thomasland,TX,83559,Platinum,2025-01-24
190,Jessica,Fisher,jessica.fisher698@gmail.com,442-994-4401x929,2094 Brown Mountains Apt. 904,West Toddberg,NY,10575,Platinum,2024-03-13
191,Lindsey,Green,lindsey.green490@gmail.com,272.439.5041,2805 Tammy Ranch,Port Tyler,MT,50723,Platinum,2024-08-06
192,Raymond,Turner,raymond.turner882@hotmail.com,6183569454,6742 Smith Union,Reyesmouth,NC,90006,Silver,2023-09-17
193,Destiny,Myers,destiny.myers922@hotmail.com,6615817534,938 Byrd Falls,Amytown,MP,09407,Silver,2022-10-08
194,Andrew,Davis,andrew.davis881@gmail.com,817.746.5421x406,111 Nicholas Track,North Heather,KS,39110,Gold,2022-11-18
195,Jonathan,Hess,jonathan.hess783@gmail.com,+1-417-241-0119x4707,1739 White Overpass,East Amberchester,IL,80974,Platinum,2022-10-14
196,Elizabeth,Adams,elizabeth.adams554@yahoo.com,+1-755-346-0158,9087 Graham Vista Apt. 830,Finleyfort,DE,74850,Bronze,2026-03-15
197,Steve,Miranda,steve.miranda675@yahoo.com,(603)909-3761,80634 Mosley Roads,Tommouth,WA,25334,Silver,2024-11-23
198,Tammie,Cain,tammie.cain230@outlook.com,001-231-502-7079,50506 Jason Shoal,Bentleyside,FL,97632,Gold,2025-08-10
199,Deborah,Smith,deborah.smith691@yahoo.com,(356)351-9825x30925,1792 Lisa Coves,South Brookebury,CA,27061,Bronze,2023-10-16
200,Donald,Perry,donald.perry403@outlook.com,001-946-872-3248,273 Dennis Turnpike Suite 207,North Adrianland,VT,85927,Bronze,2023-08-23
201,Sharon,Bishop,sharon.bishop796@outlook.com,918.519.5883,279 Courtney Tunnel,Michaeltown,OH,31386,Platinum,2023-10-20
202,Brian,Rodriguez,brian.rodriguez960@gmail.com,597-901-0822x07811,772 Elizabeth Cape,Lake Michaelborough,NE,33450,Gold,2025-02-22
203,Bethany,Barnes,bethany.barnes415@yahoo.com,+1-472-265-2735x435,15313 Kane Lane Apt. 179,Brownchester,FL,28834,Bronze,2025-07-27
204,Ashley,Ramirez,ashley.ramirez536@yahoo.com,001-983-916-8739,7625 Olivia Rapids,Port Laura,RI,22774,Bronze,2023-10-24
205,Alexis,Patterson,alexis.patterson585@yahoo.com,001-880-568-6717x73180,56939 Robin Avenue,Bairdton,NJ,96639,Gold,2023-03-11
206,Michael,Allen,michael.allen582@hotmail.com,+1-570-316-5804x6498,74279 Tiffany Mountain,Port Jacqueline,HI,49052,Platinum,2025-04-06
207,Nicole,Fitzgerald,nicole.fitzgerald774@gmail.com,+1-532-553-8179,501 Diaz River,West Michaelside,VT,09283,Gold,2023-12-27
208,Michael,Adams,michael.adams241@hotmail.com,001-613-371-1624x112,0155 Tucker Pine Apt. 788,Shannonstad,AS,88752,Gold,2025-08-03
209,Earl,Hernandez,earl.hernandez803@gmail.com,903-985-6955,046 Thomas Manor,Rojastown,LA,25281,Silver,2024-07-28
210,Kevin,Anderson,kevin.anderson130@gmail.com,001-422-531-0592x745,43754 Eddie Haven Suite 292,Ianburgh,MP,93314,Gold,2025-01-06
211,Jasmine,Wade,jasmine.wade818@gmail.com,+1-347-649-2975x1702,57828 Martinez Burg Suite 727,Ericside,NY,43922,Silver,2022-09-24
212,Richard,Randall,richard.randall679@hotmail.com,475.899.8056,1509 Brandy Forges Suite 301,Rhodesland,NY,52198,Gold,2024-03-13
213,Paul,Smith,paul.smith520@outlook.com,+1-212-834-7851x961,4781 Jessica Mills Suite 742,Chandlerchester,DC,77463,Silver,2025-05-05
214,Robin,Perry,robin.perry306@outlook.com,9245471462,923 Marisa Highway Suite 049,Troymouth,IN,04018,Bronze,2022-09-30
215,David,Ramirez,david.ramirez663@gmail.com,001-290-642-9025x7252,597 Oneill Road,Mccannville,MN,67678,Gold,2024-02-29
216,Robert,Barr,robert.barr356@hotmail.com,001-951-889-5202x845,44818 Katie Falls Apt. 928,Moniqueport,KY,90343,Platinum,2024-01-27
217,Samantha,Martin,samantha.martin986@gmail.com,452-579-8524x0132,83389 Robert Club,Port Davidtown,NJ,46141,Platinum,2023-12-07
218,David,Anderson,david.anderson94@outlook.com,540-514-0119,1107 Williams Coves,Port Donnashire,AR,61984,Silver,2023-05-31
219,Ellen,Johnson,ellen.johnson241@hotmail.com,001-408-933-4280x13875,495 Martin Parkway,New Ashley,CT,76278,Platinum,2025-06-28
220,Susan,White,susan.white400@hotmail.com,+1-601-957-1647,6383 Rodriguez Island Apt. 718,South Kathryn,VT,38285,Silver,2023-08-02
221,Angela,Roberts,angela.roberts553@yahoo.com,001-621-653-5396x1367,17520 Powers Locks Suite 811,South Richard,OR,13833,Bronze,2025-11-03
222,Kristine,Schneider,kristine.schneider957@hotmail.com,001-301-370-2695x2499,7967 Hernandez Motorway Apt. 147,Hallberg,AK,13556,Gold,2025-06-08
223,Karen,Saunders,karen.saunders390@gmail.com,6028842762,47784 Pacheco Plains Apt. 061,Colefurt,NV,60749,Bronze,2024-09-12
224,Kathryn,Carroll,kathryn.carroll737@hotmail.com,(745)800-9025x590,889 Alvarez Walk Apt. 806,Troyfurt,RI,89169,Platinum,2023-01-15
225,Ronnie,Braun,ronnie.braun626@hotmail.com,+1-769-386-4079x05696,0333 Watkins Spurs Apt. 415,North Amanda,AZ,60913,Platinum,2026-01-23
226,Tracy,Vazquez,tracy.vazquez555@yahoo.com,+1-334-340-4963,7852 Cox Mews,South Cynthia,WY,10373,Platinum,2025-02-21
227,Matthew,Jones,matthew.jones518@hotmail.com,(808)229-7374,3514 Reynolds Plains Suite 366,Colleenmouth,TN,72271,Silver,2024-11-05
228,James,Ford,james.ford858@yahoo.com,963.912.3034,46651 Meghan Grove,Debbieview,TX,79305,Gold,2025-01-02
229,Vickie,Henderson,vickie.henderson529@yahoo.com,694-916-5162x31981,24204 Hopkins Fall,Lake Toddtown,AR,11501,Platinum,2026-05-22
230,Christopher,Greene,christopher.greene768@gmail.com,(615)286-7342x575,9636 Drew Extensions Apt. 476,Michelleton,NM,70423,Gold,2025-05-15
231,Tammy,Obrien,tammy.obrien698@gmail.com,760.864.4134x327,348 Parker Squares,Rebeccaville,ND,31484,Platinum,2025-12-25
232,Austin,Delacruz,austin.delacruz659@yahoo.com,+1-527-420-6345x9112,6561 Holly Parkways Apt. 569,Shawntown,WV,07329,Silver,2026-03-24
233,Brooke,Jenkins,brooke.jenkins378@gmail.com,2898317342,7242 Marsh Flat Apt. 652,Waltershire,IN,03218,Gold,2025-04-03
234,Roy,Green,roy.green905@gmail.com,476-226-3934x3626,2910 Ayala Motorway,Wilsonborough,ID,35392,Gold,2023-11-10
235,Theresa,Young,theresa.young774@hotmail.com,737-459-9004x89646,59710 Anderson Islands Suite 366,Charlesside,AR,07331,Platinum,2026-06-03
236,Anita,Carpenter,anita.carpenter746@outlook.com,001-456-944-9485x6257,87572 Logan Pines Suite 241,Bradleyberg,NM,37332,Platinum,2022-11-07
237,Jacob,Brown,jacob.brown583@gmail.com,512.215.1342x2849,74276 Wanda Park,South Michaelside,NM,60500,Bronze,2024-11-11
238,Katie,White,katie.white690@gmail.com,001-477-549-0509x759,71504 Phillip Ramp,Port Marcustown,CO,60824,Silver,2026-04-19
239,Brandon,Schneider,brandon.schneider287@yahoo.com,001-921-947-6492x51583,18961 Scott Garden Suite 103,South Kimberly,LA,85326,Gold,2026-05-23
240,Paul,Adams,paul.adams873@outlook.com,261.374.2243x864,65926 Davis Passage Suite 732,Rosehaven,CO,38604,Gold,2026-07-11
241,Brandon,Rodriguez,brandon.rodriguez258@yahoo.com,001-345-697-7945x232,1794 Scott Common Apt. 172,Port Phillip,CO,55059,Platinum,2026-05-02
242,Emily,Hamilton,emily.hamilton472@hotmail.com,001-564-912-2031x030,61027 Holt Ways,Turnerstad,UT,88817,Silver,2025-05-20
243,Dustin,Allen,dustin.allen144@outlook.com,001-333-849-6050,47276 Darren Drives,Maynardfort,AK,59419,Gold,2024-05-23
244,Melinda,Mclaughlin,melinda.mclaughlin191@yahoo.com,579-957-6024,76789 Hall Circle Apt. 695,West Patriciachester,FM,62542,Silver,2024-02-02
245,Samuel,Romero,samuel.romero700@outlook.com,222.232.9716x7433,724 Moyer Village Suite 729,West Hannah,CO,87933,Platinum,2024-02-25
246,Nicole,Kelly,nicole.kelly851@yahoo.com,001-308-242-8910x77119,80156 Christina Crest,South Jonathan,MA,47063,Silver,2024-10-13
247,Daniel,Soto,daniel.soto560@gmail.com,437-360-3754,2478 Oconnor Courts,Lake Michael,GU,18559,Gold,2023-10-04
248,Nathan,Fischer,nathan.fischer415@yahoo.com,001-481-215-5626x060,328 Cobb Dam Suite 667,Sherrymouth,FL,01804,Gold,2025-04-24
249,Tina,Lloyd,tina.lloyd82@outlook.com,610-785-6288x4318,6845 Smith Harbors Apt. 673,Terryfurt,WI,26360,Silver,2025-11-05
250,Cynthia,Johnson,cynthia.johnson546@outlook.com,499.889.3544,46810 Green Parkways Suite 101,Evanstown,NH,44931,Platinum,2024-11-01
251,Joan,Garcia,joan.garcia183@outlook.com,958-869-8864,7126 Miller Circle,Beasleyfort,IL,58980,Platinum,2024-06-30
252,Hannah,Gould,hannah.gould172@yahoo.com,+1-661-715-9408x215,28277 Tammy Passage Apt. 377,Lake Ericside,MN,16067,Platinum,2023-12-01
253,Kelly,Johnson,kelly.johnson969@yahoo.com,9674949756,96044 Isaac Streets,Smithside,MI,09356,Silver,2025-11-12
254,Dillon,Fields,dillon.fields352@outlook.com,+1-212-509-4818x1398,725 Lauren Shores Suite 636,Ambermouth,WA,36857,Bronze,2025-10-25
255,Thomas,Prince,thomas.prince229@gmail.com,(690)370-5626x0856,820 Buchanan Gardens,Millerside,PA,42500,Platinum,2023-02-11
256,Tina,Weaver,tina.weaver379@outlook.com,346-610-3399x37886,24124 Gregory Circle Suite 200,Petermouth,FL,54610,Bronze,2022-11-19
257,Lucas,Tran,lucas.tran975@hotmail.com,(271)283-2582x38687,0630 Spencer Radial,East Kathrynberg,ME,74982,Gold,2026-01-30
258,Steven,Calderon,steven.calderon980@hotmail.com,616-912-8463x9855,200 Nelson Glen Suite 539,Brandonside,OK,09667,Gold,2023-10-15
259,John,Bird,john.bird17@outlook.com,+1-318-907-1569x5620,79502 Chelsea Avenue Apt. 268,Farmerside,CO,85579,Platinum,2024-03-14
260,Sharon,Wallace,sharon.wallace792@outlook.com,(904)479-3036x149,045 Christopher Ridges,Lindseybury,IN,65225,Gold,2024-12-21
261,James,Rodgers,james.rodgers230@gmail.com,+1-894-887-0605,92124 Nicole Stream,Jamestown,UT,89333,Silver,2023-10-16
262,David,Holmes,david.holmes314@gmail.com,001-836-213-3254x1107,8030 Hull Place Suite 506,West Christopher,OK,03826,Bronze,2025-02-22
263,Laura,Mcconnell,laura.mcconnell949@gmail.com,8653120704,17350 Stone Freeway Apt. 997,Lake Seanville,CO,08455,Platinum,2023-01-22
264,Erica,Hansen,erica.hansen614@hotmail.com,+1-407-685-9311x09193,6196 Michelle Turnpike Apt. 767,Hobbsville,MA,85818,Silver,2024-02-20
265,Robert,Hardy,robert.hardy49@yahoo.com,550-589-2038x8065,32002 Silva Passage Suite 498,East Terrance,PA,45445,Gold,2025-05-08
266,Rebekah,Glover,rebekah.glover596@yahoo.com,001-237-793-3756x362,77959 Jensen Manor Suite 217,South Jeffreytown,SC,29733,Gold,2022-09-01
267,Charles,Johnson,charles.johnson813@gmail.com,001-825-383-2302x4102,47395 Theresa Flat,West Grant,FM,34841,Bronze,2024-01-24
268,Sharon,Torres,sharon.torres859@outlook.com,586.655.9630,5289 Johns Circles,East Nicoleberg,WY,25357,Silver,2025-12-25
269,Edgar,Wright,edgar.wright404@outlook.com,001-558-577-7496x903,89731 Gibbs Ridges Apt. 286,Victormouth,HI,42683,Bronze,2024-07-19
270,Michelle,Foster,michelle.foster334@outlook.com,+1-256-477-6657x546,6925 Pierce Dale Apt. 478,Jerryton,NH,67644,Platinum,2024-07-03
271,Jesus,Brewer,jesus.brewer111@outlook.com,243-992-8404x4566,48881 House Courts Apt. 150,West James,MA,33272,Gold,2025-05-29
272,William,Juarez,william.juarez208@gmail.com,236-963-7780x52924,3337 Zachary Turnpike,Sharpmouth,MA,11756,Silver,2026-01-26
273,Donna,Gomez,donna.gomez747@yahoo.com,+1-399-766-3618x637,6684 Matthews Port,East Ericmouth,OK,83055,Gold,2025-01-17
274,Suzanne,Fowler,suzanne.fowler635@yahoo.com,3584025662,21820 Johnson Flat Apt. 643,West Donna,CA,60094,Platinum,2024-11-27
275,Robert,Paul,robert.paul488@gmail.com,(993)785-9777x9014,23467 Cassandra Inlet Apt. 874,North Vickie,NV,08885,Silver,2025-08-08
276,Megan,Sparks,megan.sparks818@hotmail.com,784-813-7681x511,263 Rachel Street Suite 762,South Hollyton,IA,21201,Platinum,2024-07-17
277,Frederick,Clark,frederick.clark872@outlook.com,001-925-677-7118x372,0176 Reese Walks,South Benjamin,KS,15532,Bronze,2026-03-16
278,Evan,Roberson,evan.roberson17@outlook.com,001-208-237-0816x470,41862 Emily Branch,Ericstad,HI,28900,Silver,2025-11-28
279,Nicholas,Harris,nicholas.harris714@gmail.com,+1-822-806-8155x83938,3310 Johnson Bridge,Loriland,IN,13162,Gold,2023-02-20
280,Jesse,Rodriguez,jesse.rodriguez974@gmail.com,+1-792-441-9562,06506 Stephen Circles Suite 950,East Robertfort,CT,93893,Bronze,2025-04-29
281,Kathleen,Watts,kathleen.watts795@outlook.com,836-539-1025x7432,50997 Dixon Streets Apt. 890,North Christina,MH,16761,Silver,2025-05-10
282,Benjamin,Mclean,benjamin.mclean468@hotmail.com,480.933.9685,524 Schneider Trace Apt. 864,East Melaniemouth,MA,32253,Bronze,2025-04-21
283,Adam,Kane,adam.kane713@hotmail.com,942.533.6293x449,02321 Brittany Village,East William,NE,95526,Bronze,2023-10-13
284,Michelle,Olson,michelle.olson620@yahoo.com,+1-982-382-4674x746,6277 Wagner Street Suite 270,Simmonsland,WV,39852,Platinum,2024-01-16
285,Derrick,Harrison,derrick.harrison7@outlook.com,660-716-9236,00857 Frost Locks,Patrickport,SD,77611,Gold,2024-10-16
286,Jenna,Reid,jenna.reid133@yahoo.com,+1-892-401-1669x183,066 John Bypass Suite 024,Blackburnberg,KS,32930,Gold,2026-02-25
287,Ronald,Holt,ronald.holt412@yahoo.com,4117686462,461 Daisy Trail Suite 243,Haletown,GA,64952,Silver,2023-06-02
288,Jane,Gonzalez,jane.gonzalez958@outlook.com,291.521.4161x415,179 Jacob Circle,Port Katherine,KS,54082,Platinum,2024-08-28
289,Todd,Hodges,todd.hodges427@gmail.com,001-759-765-5553x56690,40901 Alexa Avenue,Morrisonview,NM,62528,Gold,2026-01-20
290,Craig,Bryant,craig.bryant885@hotmail.com,905-305-7397x69156,209 Misty Harbors Apt. 579,Robertsonborough,AL,84134,Platinum,2025-09-30
291,Paul,Lawson,paul.lawson552@hotmail.com,(371)378-3332,980 Tyler Corners,Marisaside,VI,61685,Gold,2024-06-22
292,Victoria,Johnson,victoria.johnson306@yahoo.com,+1-363-734-1411,4347 Elizabeth Place Suite 153,Lake Matthewfurt,SD,84662,Silver,2025-10-10
293,Brittany,Lopez,brittany.lopez505@outlook.com,(455)628-9931x60875,525 Ray Alley,Bryanside,ID,51376,Gold,2026-03-09
294,Jeffery,Frazier,jeffery.frazier759@outlook.com,274.460.5233,420 Parker Spurs,West Wendyshire,NJ,83217,Gold,2026-04-08
295,Tony,Myers,tony.myers751@hotmail.com,001-486-912-5904x729,86567 Todd Lock,New Jessicaport,UT,26072,Gold,2025-08-02
296,Timothy,Merritt,timothy.merritt816@outlook.com,2183596263,30591 Nicholas Meadow,North Cody,NJ,24045,Gold,2023-08-26
297,Randy,Turner,randy.turner183@yahoo.com,678-330-9997,617 Hill Shoal,Richardsonville,DE,11332,Gold,2026-01-01
298,Brittany,Cruz,brittany.cruz981@gmail.com,+1-413-512-9208x7510,9215 Jennifer Wall Apt. 606,Brownshire,ND,94053,Bronze,2025-05-26
299,Evan,Hart,evan.hart832@hotmail.com,+1-287-529-7585x98831,18458 Rodney Shoals,East Kevinhaven,MH,38957,Gold,2022-10-13
300,Jacob,Evans,jacob.evans27@yahoo.com,+1-726-471-4628x3143,98395 Anderson Road,Jonesview,KS,50541,Bronze,2024-05-29
301,Lorraine,Stewart,lorraine.stewart904@gmail.com,901-363-6112x849,0931 Martinez Creek Suite 151,Reginaview,FL,30092,Bronze,2024-11-15
302,Michael,Armstrong,michael.armstrong160@outlook.com,+1-482-922-6940x53967,491 George Terrace Suite 258,Woodsberg,KS,01745,Gold,2024-02-17
303,Lauren,Shaw,lauren.shaw655@yahoo.com,+1-370-868-2778,8341 Russell Island Apt. 113,East Barbaraland,WA,37968,Silver,2022-09-07
304,Christina,Bartlett,christina.bartlett75@yahoo.com,921.852.8506,685 Virginia Shore,New Shaneburgh,TX,69119,Silver,2023-05-08
305,Nathaniel,Wilson,nathaniel.wilson659@gmail.com,+1-780-379-7050x9754,144 Carter Forest,Lake Crystalfurt,IL,40454,Gold,2022-08-25
306,Michael,Bowen,michael.bowen890@outlook.com,(754)856-2841x7722,0167 Christopher Passage Apt. 617,East Kaylaview,IN,62196,Bronze,2022-08-26
307,Michael,Harrell,michael.harrell214@gmail.com,316-378-7256x862,34026 Manning Bypass,Lake James,NJ,87695,Gold,2025-12-30
308,Andrew,Moore,andrew.moore349@hotmail.com,001-963-392-8234x14363,305 Bray Street,South Timothyport,NM,11329,Bronze,2025-08-10
309,Jessica,Carr,jessica.carr535@yahoo.com,806-968-4335,231 Richard Harbor,East Ronald,RI,26668,Platinum,2022-11-20
310,William,Schneider,william.schneider569@yahoo.com,362-247-5541,45456 Luis Causeway Apt. 000,Jasonfort,KY,79999,Bronze,2025-07-12
311,Andrea,Atkins,andrea.atkins291@outlook.com,+1-433-271-1895x4738,5989 Allen Harbor Apt. 961,East Crystalville,AZ,77382,Gold,2023-03-03
312,James,Pierce,james.pierce872@hotmail.com,001-903-867-8812,557 Rhonda Cliff Suite 688,East Carolberg,LA,06457,Platinum,2025-01-06
313,Kimberly,Morales,kimberly.morales601@hotmail.com,+1-412-630-8340,20293 Natasha Turnpike Suite 884,Melissaport,VT,35695,Silver,2023-03-11
314,Joseph,Gibbs,joseph.gibbs512@yahoo.com,850-605-3424x0891,81059 Nguyen Squares,Jenniferchester,MH,80649,Platinum,2026-04-29
315,Connie,Munoz,connie.munoz460@hotmail.com,(272)623-9724,3543 Moore Fort,Richardsonfort,CO,65507,Gold,2023-04-27
316,Nicole,Roth,nicole.roth659@hotmail.com,366-601-0023,21637 Garcia Pine,Lake Karen,AL,79575,Silver,2023-03-26
317,Sheena,Greene,sheena.greene765@gmail.com,6843810018,85132 Malone Mills,West Martin,FL,32457,Silver,2024-10-19
318,Olivia,Perry,olivia.perry376@yahoo.com,731-345-1951,03662 Rios Fork,Mcdanielville,NM,22725,Gold,2026-06-08
319,Bradley,Hernandez,bradley.hernandez295@yahoo.com,302-325-2677,592 Hernandez Shores Suite 945,West Sabrinastad,KS,93733,Bronze,2025-01-30
320,Ronald,Acosta,ronald.acosta539@yahoo.com,566.887.8878,52265 Snyder Orchard,Guzmanmouth,DC,86216,Silver,2022-12-24
321,Bianca,Fisher,bianca.fisher725@gmail.com,5555247286,135 James Vista,West Angelaberg,PW,14939,Silver,2026-02-22
322,Jeffrey,Burgess,jeffrey.burgess195@gmail.com,(802)452-1310,260 Watson Squares,Lake Bonniefort,MP,78348,Silver,2025-11-18
323,Ian,Manning,ian.manning205@yahoo.com,884.498.4362x418,6570 Rodriguez Circle Apt. 928,North Randy,NE,89617,Bronze,2025-10-14
324,Jason,Montgomery,jason.montgomery642@outlook.com,+1-463-341-1159x5034,2891 Woods Shoal,Wilcoxburgh,AR,49191,Bronze,2022-11-26
325,Jason,Smith,jason.smith61@hotmail.com,001-446-283-5652x15681,83034 Tiffany Port Apt. 970,West Christopherport,AL,47247,Bronze,2025-02-14
326,Laura,Woods,laura.woods907@gmail.com,(688)798-5725,2271 Stephanie Fort,Port Erin,FL,94683,Silver,2025-04-11
327,Melissa,Jordan,melissa.jordan426@outlook.com,(914)695-5112,39912 Davis Bridge Apt. 481,Davismouth,GA,39246,Platinum,2024-08-21
328,Tiffany,Hines,tiffany.hines164@yahoo.com,351-668-7409x03802,219 Williams Walks Suite 669,South Michael,PR,82372,Platinum,2024-03-22
329,Eric,Ross,eric.ross354@gmail.com,(663)965-1559x7371,67157 Day Viaduct,Rodriguezburgh,VA,14702,Silver,2022-10-15
330,Amy,Fry,amy.fry786@hotmail.com,830.330.6442x1214,359 Vanessa Trail,Brownstad,WY,56876,Platinum,2023-11-23
331,Morgan,Hayes,morgan.hayes532@gmail.com,001-426-759-6089x319,342 Christopher Meadow Suite 423,Sherifort,NJ,70690,Platinum,2025-06-13
332,Valerie,Mcmillan,valerie.mcmillan182@yahoo.com,+1-591-503-3682x9635,27275 Laura Spring Suite 480,Hardingberg,SC,59395,Gold,2025-07-07
333,Barbara,Smith,barbara.smith492@hotmail.com,(328)392-8664x649,44817 Gutierrez Knoll Suite 868,Danielburgh,NH,56650,Gold,2026-01-19
334,Mary,Davis,mary.davis267@outlook.com,001-578-661-3715x76605,617 Cynthia Parkway,Lake Kellychester,IL,29714,Gold,2023-10-06
335,Nichole,Baker,nichole.baker496@yahoo.com,+1-863-496-0962,306 Alexis Drives Suite 895,Georgeshire,NE,32198,Platinum,2024-05-04
336,Rebecca,Holmes,rebecca.holmes159@gmail.com,+1-492-509-8196x0275,12819 Cameron Road Suite 825,North Christopher,NE,02013,Gold,2025-05-26
337,Rachael,Phillips,rachael.phillips146@gmail.com,+1-811-324-4211x753,640 Miller Divide,Lake Traciville,DE,60679,Platinum,2024-09-17
338,Laura,Gutierrez,laura.gutierrez392@yahoo.com,(279)298-0284x139,136 Preston Roads Suite 224,East Donnaton,DE,45433,Bronze,2024-10-29
339,William,Hernandez,william.hernandez402@gmail.com,668.463.4234x6199,30523 Jessica Crossroad Suite 473,West Jeanport,NH,98175,Silver,2026-01-01
340,Jamie,Bowen,jamie.bowen736@hotmail.com,001-464-798-5601,6945 Catherine Meadow Apt. 955,South Garyton,NY,33670,Bronze,2024-06-14
341,Krystal,Howard,krystal.howard661@hotmail.com,381.664.9383,55251 Lucas Branch,Jasonshire,WY,42648,Silver,2025-09-02
342,Cathy,Ware,cathy.ware65@hotmail.com,272-695-9639,665 Gonzalez Causeway,Jimenezview,MT,16132,Silver,2022-09-13
343,Dawn,Chase,dawn.chase204@hotmail.com,955-961-8579x064,4260 Matthew Brook,South Codychester,VA,39953,Silver,2026-03-27
344,Danielle,Lozano,danielle.lozano949@yahoo.com,+1-600-740-1041,103 Margaret Dam Apt. 563,North James,MH,48850,Bronze,2025-07-20
345,Cheyenne,Burnett,cheyenne.burnett334@yahoo.com,345.373.1441x5833,229 Wilson Island Apt. 967,New Allisonshire,NJ,87174,Silver,2024-09-23
346,Brian,Smith,brian.smith159@yahoo.com,+1-528-312-3567x9836,6371 Clark Ramp,Kathleenport,VT,60010,Platinum,2023-10-22
347,Rodney,Parks,rodney.parks903@yahoo.com,881-756-3268,71130 Lopez Burgs,Stanleymouth,MI,35310,Bronze,2022-11-07
348,Scott,Wood,scott.wood751@hotmail.com,603-513-1009,663 Lopez Fall,Alyssafort,NC,57329,Gold,2022-11-27
349,Amanda,Hill,amanda.hill674@gmail.com,001-497-243-2512x257,6134 Harris Turnpike Apt. 549,Jessicaville,HI,66461,Gold,2025-06-16
350,Thomas,Cook,thomas.cook242@yahoo.com,3946388221,1209 Montes Prairie,South Morganfort,DE,06422,Silver,2026-01-16
351,Jill,Chavez,jill.chavez919@yahoo.com,8267325703,474 Ellis Views Suite 458,Rodriguezhaven,VA,84360,Gold,2023-07-03
352,Julie,Lee,julie.lee669@outlook.com,7986591679,148 Archer Wells Apt. 455,Lawrenceview,ME,25479,Silver,2023-02-04
353,Tara,Porter,tara.porter809@yahoo.com,791-607-4065x0042,2849 Kevin Heights,Port Kennethmouth,AZ,28986,Gold,2025-12-18
354,Michele,Ortega,michele.ortega570@outlook.com,+1-466-561-4494x2965,42369 Kelly Bypass,Fitzpatrickbury,AS,89433,Gold,2023-09-09
355,Derek,Spencer,derek.spencer428@gmail.com,(375)467-6670x806,1497 Nicholas Wells Suite 128,Bensonhaven,TX,93902,Platinum,2025-03-29
356,Rebecca,Buchanan,rebecca.buchanan743@hotmail.com,249-575-0198,98940 Martinez Skyway Apt. 787,North Brianville,MA,78402,Platinum,2024-10-26
357,Douglas,Yang,douglas.yang225@yahoo.com,4875601467,32440 Hanson Flats Apt. 102,New Collinborough,CT,62595,Platinum,2026-03-16
358,Melanie,Green,melanie.green297@yahoo.com,897-854-6617,916 Daisy Ferry Apt. 328,South Timothy,LA,87996,Bronze,2023-04-04
359,Anthony,Bryant,anthony.bryant585@outlook.com,001-686-681-2259x572,94097 Rebecca Knoll Apt. 774,East Michaelhaven,IL,46223,Gold,2024-04-19
360,Carlos,Franco,carlos.franco887@outlook.com,+1-617-375-3312x66109,7929 Anderson Islands Suite 996,North Anthonyburgh,IN,13154,Platinum,2022-10-14
361,Melanie,Jones,melanie.jones626@gmail.com,332.568.3190,025 Holly Lane Apt. 983,West Travis,TX,37999,Silver,2022-10-07
362,Lisa,Barry,lisa.barry915@hotmail.com,(617)366-1912,9815 Faith Stream Suite 339,Masonstad,RI,73730,Platinum,2023-02-16
363,Victor,Williams,victor.williams3@yahoo.com,669-508-1974x0056,34465 Monique Estate Suite 189,Port April,RI,66043,Silver,2024-01-18
364,Pamela,Brown,pamela.brown451@gmail.com,+1-718-872-4010x783,503 Jones Port,West Tinachester,PA,97401,Silver,2024-08-27
365,Kevin,Horn,kevin.horn57@outlook.com,001-526-768-2171x955,00389 Fleming Street,New Timothyfurt,WI,49945,Silver,2024-06-25
366,Samantha,Allen,samantha.allen683@hotmail.com,924.305.5934x296,036 Vicki Bridge,Port Brian,AR,17109,Platinum,2025-06-01
367,Chase,Wright,chase.wright737@gmail.com,+1-381-505-6974,5374 Deleon Highway,New Patricia,MD,91959,Silver,2026-07-03
368,Derrick,Daugherty,derrick.daugherty503@outlook.com,204.849.6410x4967,8315 Barry Freeway,Santosmouth,DE,03291,Silver,2024-04-05
369,Scott,Walker,scott.walker594@yahoo.com,001-401-886-4876x9984,68040 Pineda Rest Suite 493,West Jessicachester,VI,56540,Silver,2024-08-11
370,Julie,Middleton,julie.middleton153@gmail.com,+1-290-914-9542x7707,44138 Morgan Locks,New Joshuaview,TN,33336,Bronze,2022-10-13
371,Tammy,Castillo,tammy.castillo138@outlook.com,723.222.9031x0287,0914 Ashley Mill,West Katie,KY,34519,Platinum,2024-12-23
372,Jennifer,Brown,jennifer.brown747@gmail.com,(216)442-0595x56574,0580 Michael Club Suite 181,East Mark,MN,89763,Silver,2024-03-11
373,Bradley,Conrad,bradley.conrad178@gmail.com,313-298-9868,93588 Case Lane,Lake Jessicafurt,WV,85594,Bronze,2025-03-17
374,Thomas,Warren,thomas.warren272@hotmail.com,(488)515-7937x639,4394 Mark Union Suite 375,Lake Johnchester,MN,10946,Platinum,2025-12-05
375,Regina,Craig,regina.craig532@hotmail.com,+1-232-870-2164x8712,445 Wilson Lodge,Wagnerberg,OK,65276,Gold,2022-09-23
376,Hannah,Fritz,hannah.fritz701@yahoo.com,001-999-810-1576,866 Anderson Square,Lake Kelly,MA,44625,Gold,2023-11-09
377,Katherine,Graves,katherine.graves684@outlook.com,828.694.1347x509,981 Paula Ramp,Emilymouth,MS,42501,Silver,2023-12-31
378,Patrick,Todd,patrick.todd243@hotmail.com,324.549.1342,36849 Garcia Haven,North Keith,NM,58030,Bronze,2024-12-21
379,Mary,Fischer,mary.fischer818@gmail.com,482.674.1176x741,088 Adam Village,West Jamesshire,NE,96457,Silver,2025-09-26
380,Elizabeth,Schmitt,elizabeth.schmitt18@outlook.com,001-450-861-8538x003,315 William Harbor,Mccoyhaven,TX,10211,Gold,2026-05-02
381,Sherry,Nunez,sherry.nunez242@hotmail.com,001-420-664-9693x578,2727 Anderson Roads Apt. 830,Jonesside,RI,27835,Bronze,2026-03-14
382,Jesse,Carter,jesse.carter835@outlook.com,651.656.2779x630,6958 Phillips Forges Apt. 467,Johnchester,DE,23595,Bronze,2024-10-13
383,Jason,Rosales,jason.rosales472@gmail.com,276-239-2831x9952,85456 Lamb Manors Suite 404,Chandlermouth,SC,06481,Gold,2026-01-14
384,Nicholas,Deleon,nicholas.deleon856@yahoo.com,883.900.0818,8108 Michael Flat Apt. 863,Lauriestad,MA,54685,Silver,2022-10-21
385,Eric,Turner,eric.turner893@gmail.com,318-860-0892,304 Lisa Lane,Andersonview,VI,11631,Bronze,2023-06-14
386,Marie,Villarreal,marie.villarreal798@yahoo.com,288-836-0765x8173,8044 Harris Greens Suite 646,East Tammyside,KY,63854,Silver,2025-11-27
387,Jesse,Wood,jesse.wood798@outlook.com,926-697-8930,452 Cody Extension,Port Sheri,OR,33264,Bronze,2024-05-17
388,Larry,Morgan,larry.morgan95@outlook.com,377-488-1161x62028,59960 Vaughn Throughway,Gardnermouth,SD,31399,Silver,2023-06-19
389,Samuel,Stanton,samuel.stanton490@outlook.com,748-659-5922x4839,7287 Kaitlyn Plaza,Rossport,DE,57580,Silver,2024-08-19
390,Steven,Mayer,steven.mayer59@yahoo.com,+1-375-710-9792,87056 Edward Cliff,West Jacquelineborough,UT,12801,Bronze,2025-05-01
391,Angie,Perez,angie.perez591@hotmail.com,(813)742-4912,44694 Weber Lodge,Annborough,CA,78179,Platinum,2025-01-27
392,Kelsey,Vargas,kelsey.vargas85@yahoo.com,302-587-6754,973 Aaron Fort Apt. 192,East Thomas,AL,42881,Platinum,2025-01-03
393,Phillip,Schroeder,phillip.schroeder96@gmail.com,+1-518-865-2057x56398,4858 Nicole Ville Apt. 242,Castrofort,UT,33339,Silver,2024-03-20
394,Harold,Adkins,harold.adkins408@gmail.com,2479604409,75830 Murphy Land,Wesleytown,PA,36287,Silver,2025-03-17
395,Crystal,Henry,crystal.henry750@yahoo.com,+1-705-218-4390x5529,810 Johnson Station Apt. 221,Flowersville,AR,58615,Bronze,2025-06-14
396,Richard,Monroe,richard.monroe213@yahoo.com,001-304-348-5157x9197,38241 Scott Harbor,Lake William,HI,83771,Bronze,2026-07-13
397,Christopher,Blair,christopher.blair888@hotmail.com,+1-532-540-6424x2956,9020 Dana Mount,Lake Sherryport,MP,89746,Platinum,2023-10-14
398,Nicole,Thompson,nicole.thompson478@yahoo.com,(654)235-8841x83437,7417 Lane Keys Suite 209,Mooreshire,IL,92538,Bronze,2023-02-12
399,Zachary,Welch,zachary.welch118@gmail.com,925-942-7820,79559 Barrett Bypass Suite 150,South Thomas,MA,85420,Bronze,2025-02-24
400,Barbara,Graham,barbara.graham116@hotmail.com,001-402-482-4983,3459 Olson Locks Suite 038,South Ronaldview,OK,53028,Platinum,2025-06-12
401,Mason,Choi,mason.choi108@yahoo.com,723-236-1328,2576 Steven Shoals,East Nicole,ME,40809,Silver,2024-08-27
402,Erik,Garcia,erik.garcia43@gmail.com,+1-769-768-1579x03923,376 Mccarthy Track Apt. 625,South Kerri,MH,37619,Bronze,2024-01-26
403,Walter,Smith,walter.smith458@yahoo.com,3467226817,32730 Kevin Course Suite 626,West Larry,TX,63501,Gold,2025-07-17
404,Jessica,Rios,jessica.rios678@hotmail.com,757.658.5126x86120,25298 Parks Branch Suite 660,Ronaldville,PA,59518,Silver,2023-06-19
405,Zachary,Mendez,zachary.mendez203@yahoo.com,+1-642-245-6075,0740 Miranda Mount Suite 095,Ronaldport,WI,03585,Bronze,2025-02-27
406,Daniel,Dennis,daniel.dennis301@yahoo.com,001-370-815-5029,21812 Cynthia Meadows Suite 579,Port Rebecca,VA,69124,Platinum,2024-10-21
407,Tina,Miller,tina.miller390@outlook.com,001-805-497-3642x480,6024 Mary Meadows Apt. 394,Christinaside,PR,32450,Silver,2025-07-05
408,Justin,Smith,justin.smith550@gmail.com,001-797-796-9586x7805,62447 Davis Fork,Lake Markland,RI,38227,Silver,2024-02-06
409,Lynn,Hernandez,lynn.hernandez467@outlook.com,857-270-2992x9596,82646 Donna Ports Apt. 785,East Juliehaven,MN,40351,Bronze,2025-10-27
410,Teresa,Hawkins,teresa.hawkins154@outlook.com,(886)553-6945x5158,68269 Collin Forge Apt. 194,Port Erik,WI,96768,Silver,2026-04-12
411,Richard,Sherman,richard.sherman103@gmail.com,8932299819,2264 Amanda Isle Suite 216,Mccannchester,ID,83917,Gold,2024-01-03
412,Chelsea,Jackson,chelsea.jackson24@hotmail.com,924-310-3977x39732,150 Arnold Way Apt. 275,East Thomas,VT,26687,Silver,2026-01-16
413,Cassandra,Rivera,cassandra.rivera945@outlook.com,001-898-307-7046x05687,71006 Atkins Cliffs,Rosarioside,DE,94321,Bronze,2023-01-24
414,Dustin,Baker,dustin.baker591@outlook.com,001-617-273-4547x574,256 Thomas Gardens,Clarkville,MA,84653,Silver,2025-11-11
415,Donald,Boyd,donald.boyd154@outlook.com,001-422-294-6430x394,59544 Ashley Inlet,Marquezport,FL,97983,Platinum,2023-09-23
416,Michael,Romero,michael.romero132@gmail.com,353-543-3249,9252 Mills Lane Suite 287,South Penny,AL,88154,Silver,2024-02-21
417,Victor,Hudson,victor.hudson718@outlook.com,001-981-407-9833x4233,833 Beck Locks,West Williamview,OH,70592,Gold,2022-10-18
418,Tiffany,Baker,tiffany.baker739@hotmail.com,971-673-1893,31284 Jared Gardens Suite 718,West Kristyland,ID,63192,Bronze,2025-01-17
419,Alec,Jordan,alec.jordan830@gmail.com,987-384-4483x54884,739 Gay Glen,Guzmanfort,SC,23639,Silver,2025-11-04
420,Sonya,Freeman,sonya.freeman733@outlook.com,548.445.8714,772 Cameron Meadows Suite 175,East Kimberly,WV,30883,Silver,2024-01-01
421,Eric,Miranda,eric.miranda798@hotmail.com,(224)855-5746x966,92587 Chan Grove,West Thomas,PR,40296,Bronze,2022-11-10
422,Tanya,Gomez,tanya.gomez795@gmail.com,+1-533-498-7411,4033 Phillips Landing,West Ronaldfurt,MD,73648,Silver,2024-01-04
423,Jennifer,David,jennifer.david993@hotmail.com,001-515-762-2949x3817,67349 Brown Centers Suite 485,Mcleanville,NJ,18101,Bronze,2025-01-22
424,Amy,Guerrero,amy.guerrero146@outlook.com,+1-744-290-2166x67080,021 Krueger Lake Suite 325,Perezstad,MA,26582,Silver,2025-01-11
425,Samuel,Johnson,samuel.johnson435@outlook.com,001-479-731-6477,749 Walters Street Apt. 918,New Erichaven,PR,11999,Gold,2022-12-08
426,Hunter,Johnston,hunter.johnston553@outlook.com,001-558-473-9592,606 Smith Village Suite 003,Ronaldview,PR,29715,Platinum,2023-07-03
427,Kyle,Garcia,kyle.garcia315@yahoo.com,001-850-527-1607x36077,85155 Dominique Flats,Frankview,IN,28974,Silver,2023-07-02
428,Kelli,Lawrence,kelli.lawrence867@gmail.com,(833)818-5748x17006,28981 Katherine Crest,Yangstad,WA,42035,Gold,2026-04-10
429,Craig,Ward,craig.ward965@gmail.com,(870)409-3459,64316 Smith Harbor Suite 023,New Albert,NC,20916,Silver,2024-05-29
430,Gerald,Mayer,gerald.mayer27@yahoo.com,+1-850-405-0702x608,251 Anthony Ford,Richardstad,PW,35258,Platinum,2023-04-19
431,Craig,Bailey,craig.bailey953@gmail.com,542.458.5917x7932,61177 Chase Plain,Taylortown,ME,62923,Platinum,2026-01-19
432,Sheri,Perez,sheri.perez127@outlook.com,298.889.4256x529,164 John Glen,Lake Donna,MA,93622,Silver,2025-04-24
433,Brandon,Gonzalez,brandon.gonzalez491@yahoo.com,(473)679-4871x4855,20326 Smith Orchard,Mathewsborough,SC,76155,Platinum,2024-01-28
434,Lindsay,Freeman,lindsay.freeman285@gmail.com,001-542-454-7681x826,158 Brown Lakes Suite 082,East Theresaville,DE,72651,Silver,2026-03-13
435,Erin,Parsons,erin.parsons614@gmail.com,225.821.2932x89634,589 Anna Pines,Port Amandaside,IN,91424,Platinum,2023-11-20
436,Peter,Boyd,peter.boyd737@gmail.com,(736)326-6933,7524 Charles Station Suite 399,North Karinaberg,FL,63537,Platinum,2023-08-03
437,Tabitha,Hill,tabitha.hill437@gmail.com,641.389.7215x406,92372 Hodges Branch Apt. 848,Port Courtneyfort,IN,87063,Platinum,2025-04-16
438,Steven,Richards,steven.richards234@yahoo.com,+1-585-864-5101x7397,3811 Allen Vista Suite 660,Port Kaylaview,MH,33487,Silver,2025-06-16
439,Joseph,Osborn,joseph.osborn881@outlook.com,(460)257-7980x66039,996 Williams Coves Apt. 911,West Betty,VT,79643,Bronze,2025-04-22
440,Sonya,Garcia,sonya.garcia351@outlook.com,+1-656-352-7155x9835,74555 Joshua Tunnel Apt. 574,East Angela,VI,72233,Gold,2026-07-07
441,Jennifer,Fowler,jennifer.fowler976@yahoo.com,439-848-8488,726 Joseph Station Suite 557,Kariburgh,MD,02588,Bronze,2025-04-03
442,Heather,Gonzalez,heather.gonzalez228@outlook.com,999-515-3703x8240,964 Jennifer Place,Randyfurt,CT,97007,Bronze,2026-03-03
443,Heather,Robinson,heather.robinson256@gmail.com,001-636-728-9696,3204 Tamara Walks,Masseychester,OH,72751,Bronze,2026-01-16
444,Laurie,Reynolds,laurie.reynolds18@outlook.com,293-958-3749,58512 Heath Squares Apt. 892,Port Valeriefort,ND,41590,Platinum,2025-04-04
445,Samuel,Garza,samuel.garza980@hotmail.com,694-709-7626x374,08780 Woods Squares,North Evelyn,CA,94724,Platinum,2023-08-13
446,Ashley,Liu,ashley.liu378@hotmail.com,001-922-407-1511x69666,89509 Jennifer Knolls Apt. 191,Crossborough,IA,79344,Gold,2026-03-25
447,Matthew,Davis,matthew.davis638@gmail.com,+1-751-320-8005x64099,64712 Morales Forks Suite 157,New Jonathanton,OH,08253,Gold,2023-05-11
448,Jacob,Oliver,jacob.oliver454@outlook.com,427.309.0814x41529,351 Carol Ports,South Jasmine,FM,23765,Gold,2024-09-28
449,James,Moore,james.moore292@hotmail.com,+1-691-781-5899x88683,8671 Matthew Lakes Apt. 373,Williamston,PW,63471,Silver,2023-03-15
450,Seth,Gonzalez,seth.gonzalez969@yahoo.com,001-208-203-1499x825,6617 Travis Islands Suite 964,Gayport,WI,90161,Gold,2022-10-29
451,Tammy,Cruz,tammy.cruz492@gmail.com,373.699.0063,068 William Springs Apt. 317,East Jennifer,CA,94090,Silver,2022-08-24
452,Rebecca,Keller,rebecca.keller857@outlook.com,001-206-966-4374x906,63560 Donald Gateway Suite 694,Lake Jill,KY,54136,Platinum,2023-03-05
453,Elizabeth,Walker,elizabeth.walker445@gmail.com,249-941-1631x8732,27128 Jackson Streets,Stephaniefurt,LA,70789,Bronze,2024-08-29
454,Daniel,Perez,daniel.perez46@gmail.com,001-202-854-2573,11369 Kim Divide Suite 908,Port Jason,MD,06236,Bronze,2024-03-29
455,Eric,Carter,eric.carter817@gmail.com,7117688092,23570 Jones Gardens,Angelaberg,OH,42123,Bronze,2022-10-15
456,Douglas,Garcia,douglas.garcia213@gmail.com,001-664-796-7379,60906 Melody Track,New Amytown,SD,62947,Platinum,2025-05-02
457,Spencer,Calhoun,spencer.calhoun568@yahoo.com,8644207683,8532 Walsh Extensions,Kiddburgh,MN,97495,Bronze,2026-03-14
458,Courtney,Clark,courtney.clark461@hotmail.com,895.478.6543,6777 Ford Junction Suite 628,East Jay,ID,75000,Gold,2024-08-16
459,Daniel,Pearson,daniel.pearson782@gmail.com,+1-924-792-6932x65732,603 Matthew Estate Suite 862,Johnsonborough,MS,74870,Platinum,2025-03-22
460,Sarah,Salazar,sarah.salazar166@hotmail.com,923.941.5959,111 Alan Wall,West Melissamouth,MH,47253,Bronze,2024-01-25
461,Jane,Roberts,jane.roberts558@gmail.com,001-943-412-7102x676,222 Wilson River,Mooreside,SC,62048,Bronze,2025-11-20
462,Andrew,Watts,andrew.watts832@outlook.com,(213)854-1597,9927 Tara Skyway Suite 515,East Dennisport,TX,52093,Platinum,2023-05-06
463,Michael,King,michael.king110@yahoo.com,280-629-0904x63766,075 Brett Garden Suite 476,Billymouth,TN,11018,Bronze,2025-08-03
464,Nicholas,Richardson,nicholas.richardson890@gmail.com,(251)729-3110,5254 Tracy Grove Apt. 715,North Lisaville,IA,10254,Gold,2026-04-29
465,Regina,Jones,regina.jones722@gmail.com,001-616-258-3737x927,519 Brian Dam Apt. 121,North Ryanbury,IL,07054,Platinum,2024-07-04
466,Jackson,Smith,jackson.smith87@yahoo.com,(869)649-6843,42893 Jacqueline Club,East Melinda,WV,30348,Bronze,2026-02-17
467,Melvin,Allen,melvin.allen419@hotmail.com,(717)901-5959x19457,442 Bryan Park,Raventon,RI,99545,Bronze,2024-03-14
468,Victor,Hines,victor.hines253@gmail.com,(766)202-5626,339 Brad Knoll Suite 775,Fordmouth,NV,20513,Platinum,2024-06-21
469,Lacey,Stanley,lacey.stanley730@yahoo.com,784-333-7976x6270,92310 Kennedy Groves,Jamesfort,MO,21251,Gold,2022-11-28
470,Stephanie,Mccarthy,stephanie.mccarthy82@gmail.com,552-759-7107x56335,38736 Smith Inlet Apt. 549,Carrberg,NC,37449,Gold,2025-04-27
471,Ruth,Kaufman,ruth.kaufman370@outlook.com,981-862-9518x77941,595 Rachel Islands Apt. 993,South Anna,FM,03043,Platinum,2025-12-06
472,James,Carrillo,james.carrillo308@yahoo.com,598-833-9914x03884,0733 Mark Views,Hoffmanview,MD,64031,Platinum,2024-06-04
473,Jackie,Farrell,jackie.farrell180@gmail.com,+1-475-714-7439x742,3240 Denise Track Suite 157,South Connie,OH,21076,Silver,2022-09-12
474,David,Parrish,david.parrish26@gmail.com,3804271122,2568 Cristina Rue Suite 625,Lake Justinshire,WV,75019,Platinum,2025-08-29
475,Jimmy,Fischer,jimmy.fischer187@outlook.com,230.580.0370,1651 Morales Circle Suite 628,Port Jaredburgh,DE,34678,Gold,2025-11-07
476,Jesse,Hernandez,jesse.hernandez458@hotmail.com,7393033970,556 Smith Track,Travischester,OH,09408,Platinum,2025-02-05
477,Nicole,Hicks,nicole.hicks611@outlook.com,853-554-6147x079,3280 Baker Landing,Mooreborough,WV,80142,Platinum,2023-05-31
478,Daniel,Hughes,daniel.hughes31@yahoo.com,5394438040,339 Whitaker Spring,New Lisa,MN,61289,Bronze,2026-04-14
479,Matthew,Porter,matthew.porter575@gmail.com,804-776-9210x533,576 Samantha Neck Suite 319,North Melissaton,PR,01970,Gold,2022-12-13
480,Joshua,Valdez,joshua.valdez204@yahoo.com,001-884-240-9712x316,14247 David Roads Apt. 720,North Jennymouth,VI,76493,Platinum,2022-10-13
481,Tyler,Rivas,tyler.rivas161@hotmail.com,3967873045,09014 Higgins Flats Suite 043,Lake Shane,AL,85721,Gold,2024-07-25
482,Lori,Stephens,lori.stephens859@hotmail.com,(478)765-6194,588 Malik Route Suite 629,Watsonstad,WI,38832,Platinum,2024-02-25
483,Debbie,Hayes,debbie.hayes448@yahoo.com,(416)518-8081x9048,58295 Melissa Ports,Port Laura,GU,91362,Bronze,2025-07-14
484,Jenna,Rogers,jenna.rogers362@gmail.com,+1-672-530-8172x1436,5868 Robinson Keys,Wattsville,IN,84448,Silver,2024-12-05
485,Danielle,Lynn,danielle.lynn851@yahoo.com,+1-260-994-5653x46997,00413 Maria Springs,North Jonville,NE,47361,Platinum,2022-10-04
486,Vincent,Bell,vincent.bell20@gmail.com,+1-911-231-7653,768 Roberto Radial Suite 706,South Katherineland,NJ,33551,Bronze,2023-12-31
487,Kyle,Waters,kyle.waters273@hotmail.com,+1-704-891-8727x4204,96102 Selena Mills Apt. 827,Heidifurt,AS,70711,Platinum,2023-02-03
488,Gloria,Schmitt,gloria.schmitt436@gmail.com,001-273-971-1222,77306 Kelsey Cape,Ianmouth,VI,90027,Gold,2024-09-25
489,Michael,Hale,michael.hale989@outlook.com,245-476-8321,858 Robert Bypass,Samuelchester,CA,09043,Bronze,2022-12-29
490,Ashley,Ortega,ashley.ortega774@gmail.com,001-260-650-8018x498,858 Woods Turnpike Apt. 961,East Jamesport,DC,98364,Bronze,2026-05-15
491,Lisa,Flores,lisa.flores52@hotmail.com,(428)521-7819,3377 Lewis Extensions,Transide,PR,09796,Platinum,2025-04-16
492,Karen,Franco,karen.franco683@hotmail.com,362.439.8471x69061,46060 Norman Burgs Apt. 567,Lake Rebecca,NJ,81096,Bronze,2025-11-29
493,Darlene,Wood,darlene.wood936@outlook.com,588-591-4444x98355,7548 Calhoun Walk Suite 876,South Matthew,UT,64683,Bronze,2024-02-09
494,Teresa,Lee,teresa.lee21@outlook.com,(714)533-9527,644 Santiago Field Apt. 435,Jamesmouth,OR,68673,Silver,2024-04-16
495,Todd,Nelson,todd.nelson557@gmail.com,889-863-4067x917,524 Johnny Lane Suite 013,Sarahmouth,OH,76992,Gold,2023-12-16
496,David,White,david.white588@gmail.com,533.499.9485,01418 Anderson Court Suite 309,North Danielview,LA,56836,Gold,2022-09-21
497,Angela,Stewart,angela.stewart256@gmail.com,(833)979-2234x10346,63890 Christopher Streets,Lisaville,CT,32770,Gold,2023-07-14
498,Jesse,Boone,jesse.boone804@yahoo.com,850-478-9679x35219,772 Jefferson Terrace Suite 084,Lake Travis,WY,69174,Bronze,2025-12-23
499,Richard,Robinson,richard.robinson262@gmail.com,(556)607-6761x645,4343 Burke Mountains Apt. 931,Marqueztown,MS,75429,Gold,2024-03-08
500,Rhonda,Green,rhonda.green663@hotmail.com,(919)480-4184,39898 Meghan Light,Brandonbury,CO,93182,Platinum,2023-11-15
501,Donald,Graham,donald.graham803@hotmail.com,362.930.3911x1428,64281 Monica River,New Diamondburgh,LA,72320,Silver,2024-12-23
502,Kathleen,Cummings,kathleen.cummings664@gmail.com,7626207223,230 Foley Trafficway,Williamtown,NY,66628,Silver,2024-08-04
503,John,Thompson,john.thompson475@hotmail.com,+1-868-486-8785x99648,329 Carlos Lane,North Justin,NC,64720,Bronze,2024-10-06
504,Michaela,Martinez,michaela.martinez834@hotmail.com,5364279246,19541 Reyes Hills,Andrewfort,ID,98845,Platinum,2022-09-11
505,Rachel,Mckee,rachel.mckee618@outlook.com,+1-761-594-5887x0715,6775 Steven Mall Apt. 321,Nathanielstad,NH,51167,Bronze,2023-12-12
506,Sandra,Martin,sandra.martin421@hotmail.com,345-408-9177x68089,84008 Crystal Landing,South Richardmouth,MI,81997,Bronze,2026-02-18
507,Nicholas,Guerrero,nicholas.guerrero153@yahoo.com,001-236-326-8943,422 Christopher Lights Suite 630,West Alexanderberg,ID,55338,Platinum,2023-04-27
508,Michele,Baker,michele.baker294@gmail.com,758-629-8493x30674,37271 Elizabeth Valleys Suite 957,Barbaraside,FM,97771,Platinum,2024-09-29
509,Teresa,Esparza,teresa.esparza492@outlook.com,001-488-956-6695x413,441 Angela Vista,East Steven,FL,13424,Silver,2025-06-11
510,Carl,Edwards,carl.edwards239@yahoo.com,(793)866-3439x2529,6626 Good Isle,Davidbury,NM,64970,Gold,2026-04-03
511,Christopher,Miller,christopher.miller448@yahoo.com,001-259-210-2451x091,86712 Aaron Fall,East Kellystad,TX,90372,Silver,2026-02-13
512,Sandra,Clarke,sandra.clarke755@outlook.com,+1-634-806-5277x584,1494 Marie Haven Apt. 179,Erichaven,CT,65567,Bronze,2024-05-27
513,Lindsay,Young,lindsay.young626@hotmail.com,001-614-555-9376x6189,533 Hernandez Drives Apt. 109,East Danielmouth,DC,20073,Bronze,2026-06-08
514,Thomas,Johnson,thomas.johnson69@outlook.com,(357)925-6592x0246,3510 Maureen Unions,Perryfort,NH,86789,Silver,2026-05-08
515,Vanessa,Hernandez,vanessa.hernandez905@hotmail.com,(850)517-8332x584,89743 Robert Trail,Lake Michaelmouth,AS,81094,Silver,2024-06-22
516,Kayla,Simon,kayla.simon27@yahoo.com,699.835.9374x403,9848 Williams Isle,South Bridgetland,NJ,55190,Platinum,2023-10-03
517,Adam,Perez,adam.perez53@hotmail.com,749.407.9388x41368,3606 Susan Unions,Amandaside,MT,02643,Silver,2024-12-10
518,Diana,Smith,diana.smith109@gmail.com,(451)344-8811,53701 Sarah Street Suite 244,Martinchester,IL,96073,Platinum,2026-04-03
519,Sharon,Mckay,sharon.mckay57@yahoo.com,315-315-2638x409,2175 Vincent Village,Dixonfort,TN,81027,Bronze,2023-04-26
520,Dustin,Martin,dustin.martin646@outlook.com,991.537.8765x5300,5056 Garcia Passage,Lewisborough,RI,84057,Bronze,2022-08-22
521,Ashley,Smith,ashley.smith871@gmail.com,001-251-690-5348x6401,560 Atkins Corner Apt. 198,New Derekfort,OH,72800,Silver,2025-06-14
522,Tamara,Taylor,tamara.taylor379@hotmail.com,001-712-389-9151x145,2456 Theresa Lakes Apt. 744,Johnsonport,MD,24719,Silver,2023-05-27
523,Barbara,Aguilar,barbara.aguilar919@gmail.com,001-904-261-5402x11901,04488 Lisa Plaza,Rebeccaport,CT,53408,Bronze,2024-08-14
524,Lisa,Sullivan,lisa.sullivan456@gmail.com,001-522-283-6084x937,2983 Matthew Ferry,Lake Lisafort,IL,96019,Gold,2024-06-14
525,Jason,Estrada,jason.estrada951@gmail.com,397-501-6934x292,452 Beltran Loop,Josephville,VT,55580,Bronze,2023-03-10
526,Jennifer,Hall,jennifer.hall994@hotmail.com,001-806-815-3722x155,016 Tammy Harbor,New Aaronborough,VT,15020,Gold,2025-06-06
527,April,Hill,april.hill312@yahoo.com,6405672007,236 Lopez Shores,South Tracy,KY,57838,Silver,2024-05-20
528,Daniel,Mitchell,daniel.mitchell777@gmail.com,637.720.3763x8821,2607 Brenda Keys Suite 373,Maryfurt,KY,21532,Platinum,2024-11-04
529,Jonathan,Garcia,jonathan.garcia970@outlook.com,(505)486-9507,601 John Haven Suite 389,Lake Tyler,NC,00942,Silver,2023-02-01
530,Jessica,Le,jessica.le585@hotmail.com,936.880.1192x3603,4936 Davis Mountains Apt. 350,Michaelbury,ND,44204,Gold,2024-11-25
531,Wendy,Jones,wendy.jones449@gmail.com,553-291-1498,233 Nathan Camp Suite 096,West Dawnmouth,MH,27906,Silver,2024-08-25
532,Hannah,Weaver,hannah.weaver64@gmail.com,282.401.9043x223,3651 William Forks,Aaronstad,MI,99241,Gold,2023-06-17
533,Margaret,Gonzalez,margaret.gonzalez554@gmail.com,360.425.0826x1123,0739 Anthony Stream Apt. 546,Lake Bryan,MH,21350,Platinum,2024-05-22
534,Daniel,Perez,daniel.perez486@outlook.com,354-393-0364x687,8889 Mercado Estate,South Roger,RI,58837,Platinum,2026-01-05
535,Heather,Lester,heather.lester683@gmail.com,(330)789-8138,818 Foster Run,North April,ND,30883,Silver,2024-11-09
536,Amanda,Green,amanda.green863@yahoo.com,+1-281-357-2450x0000,220 Henry Villages Apt. 231,New Scott,NE,94993,Platinum,2023-12-30
537,Frederick,Harmon,frederick.harmon577@gmail.com,+1-618-944-4218x29987,37178 Brown Roads,Lake Edwardstad,MD,50183,Gold,2024-11-05
538,Renee,Jones,renee.jones610@hotmail.com,6434655158,8905 Harrison Parkways,Mcdonaldton,PA,06904,Bronze,2024-05-07
539,Nicholas,Martinez,nicholas.martinez783@gmail.com,(699)287-9509x82210,48355 Michael View Apt. 960,Lake Terrychester,IL,32009,Silver,2023-02-23
540,Michelle,King,michelle.king524@hotmail.com,636.438.1643x21269,804 Hayden Row,New Stacy,NM,33139,Gold,2024-11-04
541,Ashley,Caldwell,ashley.caldwell811@yahoo.com,4648625540,4203 Avila Curve Suite 863,West Susanview,CO,61051,Platinum,2025-12-24
542,Jeremy,Lowe,jeremy.lowe574@yahoo.com,001-231-753-8882x45279,243 Elizabeth Mountains Suite 464,Williamhaven,NY,03449,Platinum,2022-10-14
543,Keith,Fowler,keith.fowler744@hotmail.com,001-818-709-3391x3732,33353 Matthews Station Apt. 632,North Codymouth,NC,61639,Platinum,2023-08-02
544,Benjamin,Russell,benjamin.russell681@gmail.com,001-488-200-2300x91561,119 Chang Islands,Davishaven,PR,53873,Gold,2023-08-31
545,Haley,Cook,haley.cook45@outlook.com,+1-911-789-4184x336,4916 Nicole Springs Apt. 659,Denniston,CA,41294,Silver,2026-03-10
546,Anthony,Taylor,anthony.taylor731@gmail.com,001-842-888-6050x5376,22399 Charles Mission Suite 556,North Jonathanton,UT,98282,Gold,2025-12-27
547,Julia,Stone,julia.stone927@gmail.com,(827)415-3123x4550,26003 Abigail Ford,Peterland,GU,04075,Platinum,2024-06-24
548,Ashley,Washington,ashley.washington116@outlook.com,243-378-8260x33591,8293 Roberts Canyon Apt. 348,Port Allisonmouth,WI,25938,Platinum,2025-06-18
549,Mitchell,Vazquez,mitchell.vazquez46@hotmail.com,001-826-699-9699,085 Linda Heights,North Jennifer,NV,33956,Silver,2026-02-26
550,Angela,Jacobs,angela.jacobs182@hotmail.com,001-493-823-1234,84285 Walsh Port Apt. 259,West Andrewhaven,FM,41080,Gold,2024-05-05
551,Anne,Yu,anne.yu691@yahoo.com,(734)583-8935,9087 Raymond Crest,Gallaghertown,SD,58433,Gold,2026-06-12
552,Stephanie,Taylor,stephanie.taylor741@hotmail.com,(895)382-6418x6965,0561 Rachel Port,Petersonside,AS,19800,Gold,2026-02-25
553,Jay,Hoffman,jay.hoffman110@hotmail.com,340.202.7300x86966,23859 Hooper Terrace Apt. 434,Weaverbury,OR,41230,Platinum,2023-02-14
554,Martha,Hines,martha.hines187@outlook.com,+1-415-207-6283x976,13950 Sierra Lane,New Deborahland,LA,83058,Bronze,2025-09-23
555,Micheal,Walsh,micheal.walsh907@hotmail.com,677-260-2991,77794 Martin Station Suite 266,New Derrick,AK,73306,Gold,2024-04-25
556,Sharon,Leonard,sharon.leonard856@hotmail.com,3325119206,33373 Sharon Island Suite 235,Rodriguezside,CO,61351,Platinum,2025-10-25
557,Robert,Bryan,robert.bryan560@yahoo.com,001-850-626-4801,77895 Martinez Forge Suite 184,Josephton,VA,22612,Gold,2023-11-02
558,Wanda,Young,wanda.young959@hotmail.com,(421)302-1798,416 Ferguson Divide,Figueroafort,TN,67792,Bronze,2025-04-18
559,James,Stone,james.stone273@hotmail.com,8538970798,98579 Hall Meadow Apt. 831,New Erin,MD,54034,Gold,2025-07-09
560,Sara,Wilson,sara.wilson156@gmail.com,(735)952-1650,067 Rachel Path Apt. 050,Fernandezland,TN,22906,Platinum,2023-01-26
561,Gloria,Sullivan,gloria.sullivan12@yahoo.com,6892843699,182 Tina Dam,Ashleymouth,WV,78380,Gold,2023-04-19
562,David,Sellers,david.sellers105@hotmail.com,+1-887-907-1523,93869 Romero Highway Apt. 495,Lake Christopherstad,NV,82560,Silver,2024-04-14
563,Tim,Ryan,tim.ryan164@outlook.com,+1-729-596-8722,97461 Jennifer Shore,Simpsonside,NM,50894,Silver,2024-09-22
564,Virginia,Johnson,virginia.johnson846@hotmail.com,(795)679-0012x4825,806 Faith Turnpike Apt. 504,Lake Patriciastad,WV,51639,Gold,2023-09-11
565,Ian,Mills,ian.mills556@yahoo.com,+1-491-756-2415,632 Serrano Ridge Suite 232,Kristinebury,VI,26003,Bronze,2025-09-12
566,Veronica,Webb,veronica.webb515@yahoo.com,001-765-950-7846x850,2926 Miranda Forges Suite 895,East Michellehaven,CT,73892,Gold,2025-11-29
567,Erin,Summers,erin.summers548@hotmail.com,959.334.0153x64154,34918 Sara Creek,Georgeburgh,AR,26603,Silver,2024-01-06
568,Maria,Harris,maria.harris629@gmail.com,7094421410,259 Lisa Mountains,East Laurenmouth,PR,42092,Platinum,2024-07-26
569,Patrick,Moreno,patrick.moreno141@outlook.com,(738)888-5622,987 Cassie Village,Port Timothy,KY,47816,Platinum,2024-05-24
570,Brian,Nguyen,brian.nguyen492@yahoo.com,001-294-428-2491x165,8744 Devon Squares Suite 854,Jessicachester,MN,42093,Platinum,2026-03-31
571,Adam,Williams,adam.williams617@gmail.com,4553708368,5393 Susan Curve,Port Markmouth,CA,27809,Platinum,2023-11-01
572,Kevin,Rosales,kevin.rosales23@gmail.com,(558)425-4318,9972 Mccarty Spurs Apt. 677,Dawnberg,WA,01335,Bronze,2025-08-20
573,Amy,Velasquez,amy.velasquez308@gmail.com,836.347.2387x50827,12392 Courtney Road,North Nicholastown,FM,12277,Silver,2025-06-15
574,Stephen,Buchanan,stephen.buchanan850@gmail.com,001-476-383-1608x2717,7545 Webb Light Apt. 905,New Christopher,GU,88290,Silver,2024-07-27
575,Grace,Gonzalez,grace.gonzalez367@yahoo.com,001-765-591-4388x2325,920 White Drives,Lake Robert,GA,13714,Silver,2025-12-25
576,Becky,Kline,becky.kline732@hotmail.com,(943)909-5449x7912,8446 Tracy Rue,Mclaughlinfort,IN,21677,Bronze,2022-08-21
577,Jacob,Thompson,jacob.thompson239@yahoo.com,+1-883-222-0125,05397 Higgins Forest,Zimmermanmouth,DC,76467,Platinum,2024-12-15
578,Jacob,Johnson,jacob.johnson737@hotmail.com,+1-786-300-3044x3619,8797 Bailey Fords,Elizabethstad,HI,31538,Bronze,2024-07-31
579,Carl,Conley,carl.conley350@yahoo.com,948.330.9309x6713,91029 Kimberly Stream,Elizabethland,ME,26563,Silver,2025-03-19
580,Tammy,Thomas,tammy.thomas45@outlook.com,+1-211-916-6122x019,221 Eric Way,Ortizberg,AR,15596,Gold,2023-03-16
581,Jennifer,Stanley,jennifer.stanley570@gmail.com,824-421-1408,39304 Ryan Junction Apt. 802,Curtisport,WI,68788,Platinum,2024-01-22
582,Michelle,Ray,michelle.ray341@gmail.com,001-499-652-9701x371,29462 Mary Ramp Apt. 556,Port Judytown,AS,28631,Silver,2023-06-09
583,Rodney,Howard,rodney.howard369@outlook.com,(292)973-8740x299,564 Jason Burg Suite 120,South Sarah,NE,16637,Gold,2025-09-06
584,Jennifer,Miller,jennifer.miller508@yahoo.com,7348030109,063 David Haven Apt. 554,Port Natalie,SC,84654,Gold,2024-09-26
585,Anne,Tate,anne.tate128@gmail.com,(347)360-1080,6491 Ramos Springs Suite 546,East John,MP,14450,Platinum,2022-10-16
586,Jared,Shaffer,jared.shaffer326@gmail.com,+1-257-812-9015x07138,317 Hill Course Suite 268,New Alexanderville,AS,95759,Silver,2024-07-20
587,Cristian,Brown,cristian.brown714@outlook.com,001-862-658-8576,1045 Vasquez Flats,Thompsonborough,AK,02785,Gold,2024-09-25
588,Anthony,Martinez,anthony.martinez29@hotmail.com,259-218-3270,3396 Lynn Mill,Maryfurt,NE,20019,Platinum,2023-10-04
589,Richard,Coleman,richard.coleman866@gmail.com,001-281-694-9053x15204,9011 Sergio Oval Suite 140,Lake Dianashire,IA,71788,Platinum,2025-05-17
590,Maria,Underwood,maria.underwood774@hotmail.com,574.407.7943,873 James Ramp Suite 166,Curtisfurt,CT,19957,Bronze,2025-11-13
591,Marcus,White,marcus.white791@yahoo.com,(311)560-2041,919 Roman Cliff Suite 262,East Tannerhaven,NH,71352,Gold,2024-03-12
592,Gabrielle,Potter,gabrielle.potter609@gmail.com,775-988-3978,11708 Reilly Pass Apt. 186,Kevinberg,GA,99831,Bronze,2022-09-03
593,Amber,Brown,amber.brown888@hotmail.com,496-911-2879x4296,8067 Kennedy Course,Port Jacob,OK,11658,Platinum,2025-09-18
594,Karen,Lane,karen.lane854@yahoo.com,+1-832-474-8835x6517,040 Perez Crest Suite 196,West Ronaldfort,MH,72832,Bronze,2023-11-14
595,Danielle,Dyer,danielle.dyer279@gmail.com,802.685.1622x593,496 Payne Stravenue Suite 960,Shawnport,FL,08989,Platinum,2024-12-06
596,Amy,Smith,amy.smith278@hotmail.com,579.791.6091x14131,8688 Christina Mews,West Randall,FL,99184,Bronze,2025-06-09
597,Karla,Greene,karla.greene807@yahoo.com,+1-681-965-0254,61337 Kline Junctions,East Bradley,KS,42603,Gold,2023-03-29
598,Jose,Jensen,jose.jensen638@yahoo.com,001-480-388-0678,0344 Kristin Mall Suite 177,Port Zacharyview,PA,71049,Platinum,2023-10-12
599,Christopher,Nelson,christopher.nelson642@hotmail.com,+1-687-748-6941x559,59266 Gardner Ridges,Lake Theresa,MO,91789,Gold,2026-01-16
600,Donna,Rodriguez,donna.rodriguez560@hotmail.com,871-560-3988,920 Vang Gateway,Smallton,MI,15363,Silver,2024-06-01
601,Leonard,Jenkins,leonard.jenkins716@hotmail.com,889-942-0466x4896,89455 Nicholas Avenue,North Brookeshire,ME,18311,Platinum,2024-05-15
602,Brendan,Mccormick,brendan.mccormick320@hotmail.com,+1-706-623-5466x226,04565 Avila Junctions Apt. 974,Tamiborough,WY,66878,Gold,2022-11-09
603,Daniel,Chen,daniel.chen706@gmail.com,+1-616-801-1241x158,00622 Gregory Hill Apt. 767,Collinsberg,WV,41920,Gold,2022-11-18
604,Adam,Strong,adam.strong349@outlook.com,(370)447-2642x612,79867 Frey Crossroad,Port Christian,OK,78557,Gold,2022-11-08
605,James,King,james.king823@gmail.com,621-683-8545x4006,3659 Delacruz Place Apt. 785,West Tonya,NY,23416,Bronze,2025-05-27
606,Michael,Pearson,michael.pearson128@yahoo.com,001-363-934-2720x38862,231 Donald Fields Apt. 748,Flemingland,NV,57961,Silver,2024-02-17
607,Jennifer,Pena,jennifer.pena60@hotmail.com,+1-282-249-3534,96304 Espinoza Fields,South Chelseabury,MD,94766,Gold,2026-04-10
608,Samantha,Graves,samantha.graves253@hotmail.com,554-946-0838x517,167 Wagner Passage,Port Ronaldburgh,KY,33806,Bronze,2025-08-15
609,Kristen,Rodriguez,kristen.rodriguez360@gmail.com,001-890-545-7927x14724,91287 Sawyer Street Suite 999,Mcneilhaven,NY,20817,Bronze,2022-10-12
610,Lisa,Hensley,lisa.hensley486@gmail.com,287-506-2932,424 Rebecca Village Apt. 972,East Ashley,CT,20286,Platinum,2023-05-04
611,Dustin,Williams,dustin.williams700@gmail.com,698.276.1081x43561,23200 Heather Lights,Hamiltonville,AZ,04407,Silver,2026-07-11
612,Jenny,Hurst,jenny.hurst853@hotmail.com,700-630-7620,3198 Kristi Harbor Suite 823,Kyleshire,MD,89142,Silver,2024-01-10
613,Stephanie,Chapman,stephanie.chapman432@outlook.com,207-785-1699x4970,50066 Henderson Course Apt. 065,Mikaylaland,VT,29965,Silver,2025-11-29
614,Anna,Lee,anna.lee421@yahoo.com,(888)489-1787x91505,348 Nicholas Stream Suite 269,Gloverhaven,IN,71271,Bronze,2024-03-02
615,Shawn,Jones,shawn.jones528@outlook.com,7953217558,0932 Sherry Curve Suite 578,South Alexis,CO,73022,Gold,2024-08-01
616,Tommy,Carter,tommy.carter382@gmail.com,499-962-6422,274 Guzman Tunnel,North Amberside,FL,37244,Platinum,2024-01-18
617,William,Jones,william.jones498@gmail.com,368-820-9225x70900,454 Daniel Plaza,Erinstad,NM,06447,Bronze,2023-07-24
618,Sara,Roach,sara.roach26@outlook.com,378-482-2473,0723 Joshua Way Suite 282,Paigeview,AL,08157,Silver,2024-05-29
619,Charles,David,charles.david306@outlook.com,252-461-0537,71058 Christopher Ports Suite 092,Blackwellville,GU,86607,Silver,2023-06-23
620,Bradley,Ford,bradley.ford49@outlook.com,(898)776-9893,500 Scott Squares Apt. 894,Hollybury,AS,85155,Platinum,2023-03-09
621,Brooke,Ramirez,brooke.ramirez385@outlook.com,+1-796-432-1743x57483,61982 Harris Inlet Apt. 310,Martinberg,MI,74095,Platinum,2024-05-31
622,Alyssa,Sullivan,alyssa.sullivan442@hotmail.com,264.962.8055,606 Lee Plaza Apt. 448,New Kevin,HI,42171,Platinum,2026-02-05
623,Sean,Hill,sean.hill52@outlook.com,+1-508-355-1074x091,5795 Miller Locks,East Anne,VA,01776,Platinum,2022-12-24
624,Wendy,Ford,wendy.ford269@yahoo.com,001-212-401-2275x950,90254 Fleming Center Apt. 206,Samanthamouth,GU,35634,Bronze,2026-04-13
625,Robert,Burnett,robert.burnett840@outlook.com,707-217-3279x8059,51532 Levy Shoal,Scottmouth,AZ,57918,Gold,2026-07-06
626,Jerry,Potter,jerry.potter434@outlook.com,652-303-6089x411,06493 Mejia Bridge,Lake Phyllis,DE,00894,Platinum,2023-07-26
627,Veronica,Rogers,veronica.rogers775@hotmail.com,8672990069,553 Parks Junctions,North Michael,CA,04860,Gold,2022-12-09
628,Amy,Love,amy.love551@gmail.com,2065776255,0378 Benson Crossroad Apt. 394,Biancastad,VI,29995,Platinum,2023-04-23
629,Cynthia,Poole,cynthia.poole802@outlook.com,001-302-392-3345,3654 Rachel Ferry,Danielside,KS,24588,Gold,2022-09-09
630,Jo,Johnson,jo.johnson988@yahoo.com,616-767-3290,605 Adam Track,Dixonbury,AL,20354,Silver,2026-07-03
631,Stephen,Webster,stephen.webster801@gmail.com,255.982.1477x092,9212 Collins Locks Apt. 336,Port Alan,UT,19043,Platinum,2023-02-10
632,Christopher,Cooper,christopher.cooper134@yahoo.com,389-370-5916,80236 Corey Underpass,North Michael,PW,69239,Gold,2024-10-06
633,Samuel,Nichols,samuel.nichols265@hotmail.com,689.731.8692x8972,819 Carroll Mountain Suite 216,Lake Brentmouth,PW,31477,Platinum,2026-05-18
634,Larry,Brown,larry.brown803@yahoo.com,622.504.1447,227 Aaron Fall,New Kelly,DC,82456,Silver,2025-09-25
635,David,Curry,david.curry789@hotmail.com,001-523-222-7752x135,65993 Emily Street,East Barryborough,AR,36807,Gold,2026-06-12
636,Kimberly,Anderson,kimberly.anderson718@outlook.com,475.369.1983x210,5064 Gonzalez Springs,West Jenniferbury,MP,58168,Bronze,2024-05-23
637,Felicia,Hess,felicia.hess112@hotmail.com,384.519.6622,4690 Brandi Pines,North Sherry,AK,35060,Gold,2023-02-17
638,Robert,Smith,robert.smith619@outlook.com,001-686-655-0494,6856 Stevens Terrace,South Jesusfurt,FL,11525,Silver,2025-06-01
639,Barry,Sanford,barry.sanford948@gmail.com,714-624-3625,49339 Cooper Hollow Suite 273,Port Gary,DC,57365,Bronze,2025-06-28
640,Edward,Shelton,edward.shelton712@hotmail.com,599-464-3385,799 Jodi Lodge,Lake John,ME,93721,Silver,2025-09-08
641,Tammy,Hays,tammy.hays877@yahoo.com,7549576947,50583 John Flats Apt. 311,Melindahaven,NM,53672,Bronze,2024-05-01
642,Brenda,Jacobson,brenda.jacobson180@yahoo.com,621-325-4508x095,535 Samuel Port Suite 466,Riversland,NE,27845,Gold,2026-02-02
643,Matthew,Hodges,matthew.hodges186@hotmail.com,(635)291-4261,5966 Richard Falls,Port Sandratown,NH,36700,Platinum,2025-06-19
644,Stephanie,Curtis,stephanie.curtis988@hotmail.com,410.408.1785,26145 Lewis Valleys,South Ashleybury,TN,60518,Platinum,2023-02-19
645,Christopher,Blair,christopher.blair319@hotmail.com,832.808.6523x7772,84523 Ochoa Shoals Suite 268,Greenfort,AR,15237,Silver,2025-07-11
646,Mario,Lopez,mario.lopez783@outlook.com,(821)242-5731,14005 Lisa Plain Apt. 055,North Anthonyberg,NJ,89946,Bronze,2025-03-12
647,Kevin,Ponce,kevin.ponce400@gmail.com,562.509.2973x52595,68172 James Flat,Deanstad,VT,20708,Bronze,2023-04-04
648,Gary,Bowman,gary.bowman81@yahoo.com,(907)361-0870x826,93899 Aaron Lakes Suite 353,East Rodney,CO,66990,Gold,2025-11-16
649,William,Moore,william.moore727@gmail.com,+1-682-417-6484x67357,0107 Eric Courts,Deannaside,IN,73675,Bronze,2023-03-30
650,Jason,Booker,jason.booker382@outlook.com,+1-292-822-5606x29535,222 Cynthia Throughway,Jonberg,MI,73929,Platinum,2023-08-28
651,Marissa,Reid,marissa.reid62@gmail.com,618-852-0136x2608,11804 Sutton Overpass Suite 130,Caldwellbury,PR,73755,Bronze,2023-08-08
652,Ashley,Cortez,ashley.cortez111@hotmail.com,001-855-564-0919,1547 Michael Glen Apt. 215,South Tiffanyview,CA,10658,Platinum,2025-02-19
653,Manuel,Payne,manuel.payne493@hotmail.com,939-836-9678,07020 Jackson Estate Apt. 197,East Jessicaland,FL,40803,Silver,2022-10-12
654,Ashley,Mills,ashley.mills201@gmail.com,001-607-559-8897x86533,26773 Lauren Trail,East Samuel,MS,88968,Silver,2023-02-12
655,Carrie,Soto,carrie.soto592@outlook.com,949-874-7000x268,4308 White Crossing Apt. 021,West Meganstad,NM,50064,Platinum,2023-12-05
656,Kyle,Ortega,kyle.ortega954@gmail.com,2068355373,6497 Mclean Corners Suite 365,Vazquezton,KS,43836,Gold,2023-10-14
657,Annette,Jensen,annette.jensen457@yahoo.com,(712)682-7636x431,1195 Ashley Light Apt. 530,Brittneytown,HI,48736,Platinum,2026-07-10
658,Alice,Horn,alice.horn812@outlook.com,991-669-9939x3449,654 Sandoval Gateway Suite 544,West Jenna,WY,10068,Silver,2023-08-03
659,Bailey,Nelson,bailey.nelson654@hotmail.com,+1-989-441-3210,0882 Jeffrey Ramp Suite 862,Cummingsborough,OK,88189,Bronze,2022-11-20
660,Hayley,Wilson,hayley.wilson151@gmail.com,4045496461,75485 Justin Station Suite 557,Port Kimberly,AZ,32539,Silver,2025-01-13
661,Brian,Johnson,brian.johnson55@yahoo.com,(819)593-1458x43456,21375 Lin Pines Suite 359,Courtneyfort,AL,73295,Gold,2022-12-26
662,Charles,Michael,charles.michael235@hotmail.com,810.243.7968,34236 Sarah Streets Apt. 033,Stephenburgh,KS,53791,Gold,2022-10-06
663,Andrea,Valenzuela,andrea.valenzuela234@hotmail.com,635-802-3850x2289,294 Mullins Causeway Apt. 177,Calebview,ID,05421,Gold,2024-04-15
664,Matthew,West,matthew.west714@hotmail.com,903.303.3467,233 Abigail Drives Apt. 020,West Richard,CT,28750,Bronze,2025-09-30
665,Heather,Santiago,heather.santiago473@outlook.com,223-598-4723,5076 Kimberly Ridge Suite 530,West Darlene,IL,07847,Silver,2023-10-11
666,Jennifer,Sampson,jennifer.sampson378@outlook.com,9509764871,28471 Christopher Stravenue,East Dorothy,DC,38862,Silver,2023-12-28
667,Mallory,Gutierrez,mallory.gutierrez318@yahoo.com,681-422-5909x56684,0658 Amanda Mill,Port Erica,SC,19943,Bronze,2023-09-05
668,Todd,Burton,todd.burton688@yahoo.com,+1-301-670-7403x925,121 Christopher Causeway Apt. 878,East Heidiside,MT,97854,Gold,2025-07-30
669,Michael,George,michael.george900@outlook.com,(805)742-2162,1222 Dougherty Summit,Johnside,NH,24328,Gold,2025-07-16
670,Lisa,Garza,lisa.garza817@outlook.com,770-520-5968x519,30833 Phillips Mills Apt. 488,Romeroshire,MA,02040,Bronze,2025-12-23
671,Evelyn,Crawford,evelyn.crawford33@hotmail.com,(725)392-0616,6329 Gutierrez Grove,South Samantha,NJ,42300,Gold,2023-03-25
672,Lisa,Anderson,lisa.anderson313@outlook.com,(637)226-2942x06615,229 Wilson Islands Suite 302,Leslieshire,MO,30987,Gold,2025-05-17
673,Elizabeth,Morgan,elizabeth.morgan668@hotmail.com,322-712-1548,13800 Berry Walk,Lake Melissa,CA,84697,Gold,2024-11-30
674,Eric,Graham,eric.graham758@yahoo.com,+1-700-862-9877x87358,764 Dalton Prairie Apt. 854,South Kyleport,WV,18007,Silver,2025-05-03
675,Richard,Bautista,richard.bautista866@gmail.com,(413)620-4104,419 Ramsey Forge Suite 219,Lake Sarah,AS,19484,Bronze,2024-11-20
676,Jay,Kaufman,jay.kaufman144@yahoo.com,(883)818-0036,789 Christopher Wall Suite 269,Barbarahaven,CT,85919,Silver,2022-09-18
677,Joan,Mcgee,joan.mcgee958@hotmail.com,7524438380,05328 Lee Locks,Port Cole,MD,83313,Gold,2024-05-27
678,Megan,Gilbert,megan.gilbert789@hotmail.com,896.933.7618x51862,76862 Avila Gardens,East Megan,FM,27607,Bronze,2023-01-26
679,John,Arnold,john.arnold462@hotmail.com,001-935-827-9187x5067,13282 Rachel Stravenue,North Emily,PR,67098,Platinum,2023-01-11
680,Debra,Henderson,debra.henderson783@yahoo.com,981.459.6983x845,208 Melissa Via Suite 319,South Catherine,MT,15807,Silver,2025-09-30
681,Emma,Ewing,emma.ewing681@outlook.com,(457)734-9899,665 Ferguson Track,New Molly,OK,12848,Silver,2024-01-05
682,Jeffrey,Nelson,jeffrey.nelson502@yahoo.com,617-999-6708x0897,074 Beth Rest Apt. 747,Port Christina,NE,77868,Bronze,2023-09-16
683,Angie,Jennings,angie.jennings197@hotmail.com,264-498-0445,4183 Rodriguez Mountain Apt. 478,Jamieshire,ND,70390,Silver,2025-06-11
684,Danielle,Drake,danielle.drake840@gmail.com,5822484581,2102 Taylor Mount,South Ricardoside,PA,08523,Platinum,2024-12-28
685,Natalie,Berry,natalie.berry363@gmail.com,001-518-256-3027x5000,057 Estrada Plains,New Brooke,NJ,34830,Bronze,2025-07-07
686,Michael,Myers,michael.myers821@gmail.com,001-370-218-7260x01365,99530 Hughes Court Suite 937,Ryanshire,AR,66384,Platinum,2023-08-10
687,Joseph,Phillips,joseph.phillips986@yahoo.com,(299)767-2562x221,99067 Ortega Manors Suite 524,South Donaldberg,DE,42916,Bronze,2023-08-18
688,Jason,Reid,jason.reid262@outlook.com,783.750.7124,0474 Lester Hollow Suite 559,New Samuel,GA,13134,Silver,2023-07-21
689,Craig,Miles,craig.miles34@hotmail.com,726.448.8395x8558,36221 Sarah Tunnel,Youngberg,SC,61228,Silver,2023-05-25
690,Breanna,Torres,breanna.torres333@yahoo.com,6549914774,51618 Burns Ridges Apt. 710,Sabrinahaven,PR,83958,Gold,2023-08-09
691,Kathy,Fowler,kathy.fowler640@yahoo.com,578.880.3318,47841 Wilson Prairie Suite 973,Keithborough,AZ,44196,Gold,2022-12-24
692,Morgan,Jones,morgan.jones869@yahoo.com,404.386.2515,89260 Hunter Extensions,West Laurafort,ND,62788,Gold,2024-07-08
693,Heather,Ortiz,heather.ortiz13@gmail.com,667-517-7629x691,3780 William Way,West Rogerfort,ID,38844,Bronze,2023-07-09
694,Lisa,Taylor,lisa.taylor528@gmail.com,652.611.8968,6450 Hannah Creek Apt. 898,Timothyshire,AK,70138,Platinum,2023-05-08
695,Debra,Price,debra.price452@hotmail.com,390-422-1797,979 Kim Points Suite 759,Karenberg,NC,97742,Gold,2023-11-24
696,Allison,Lopez,allison.lopez527@gmail.com,511.923.0388x56811,70598 Moon Greens Suite 143,Crawfordburgh,NC,51778,Platinum,2026-03-05
697,Amber,Hill,amber.hill354@yahoo.com,235.715.8807,009 Martha Mills Suite 905,Dylanchester,NE,77204,Gold,2023-06-16
698,David,Foster,david.foster261@outlook.com,(755)313-6090,93910 Susan Place,Port Ashley,NJ,40789,Gold,2026-04-07
699,Wayne,Martinez,wayne.martinez268@outlook.com,735-589-6933,0243 Clark Cliff Suite 873,Toddberg,PW,58155,Platinum,2026-01-08
700,Christine,Bush,christine.bush55@yahoo.com,001-825-251-1643,561 Chen Highway Suite 315,Hooverbury,OR,64378,Gold,2025-06-07
701,Dennis,Romero,dennis.romero705@gmail.com,928-716-4416x1019,7270 Amy Manor,Ortizmouth,PW,33186,Platinum,2025-04-28
702,Patricia,Cook,patricia.cook618@yahoo.com,(581)744-4718,4051 Jacob Points Apt. 273,West Douglaschester,IL,55842,Platinum,2026-01-01
703,Jason,Smith,jason.smith722@gmail.com,851-335-8727x17430,067 Green Throughway Apt. 922,Sheenahaven,NH,35840,Bronze,2025-12-24
704,Daniel,Reyes,daniel.reyes658@outlook.com,001-233-364-7704x1309,034 Brittany Trace Apt. 873,Ramosstad,NY,29657,Silver,2024-02-10
705,James,Petersen,james.petersen660@gmail.com,(677)320-4410x079,28262 Baker Expressway Apt. 412,North Cheryl,VA,86008,Silver,2025-01-10
706,Jason,Nelson,jason.nelson550@hotmail.com,+1-870-598-7264,109 Klein Inlet,Lake Sandraberg,WV,36814,Gold,2023-05-28
707,Gregory,Miller,gregory.miller896@hotmail.com,968-461-6307x0286,2240 Collier Square Apt. 261,New Mariaton,AZ,25721,Platinum,2022-11-12
708,Sarah,Hernandez,sarah.hernandez601@yahoo.com,9575795001,95366 Chad Lake,South Susan,OR,04587,Bronze,2023-03-17
709,Matthew,Yates,matthew.yates314@outlook.com,+1-469-408-7167,73971 Karen Bypass,Jacksonland,CT,27265,Platinum,2023-02-19
710,Angel,Colon,angel.colon593@yahoo.com,244.422.5216,461 Rodriguez Expressway Apt. 707,Kirkchester,AR,19467,Platinum,2024-01-30
711,Herbert,Pruitt,herbert.pruitt108@outlook.com,(251)432-7617x948,20944 Salinas Mountains Apt. 690,Lake Ian,SD,82487,Platinum,2023-10-10
712,Stacy,Wilcox,stacy.wilcox698@yahoo.com,001-849-286-4786x86237,851 Johnson Coves Apt. 915,East Lindaside,FM,53533,Gold,2026-06-27
713,Alec,Fox,alec.fox386@yahoo.com,(640)606-9836x92353,4083 Nicholson Point Apt. 919,South Kellyshire,DC,11740,Bronze,2024-10-17
714,Samuel,Cole,samuel.cole830@gmail.com,523-572-0550,213 Flores Meadows,East Jennifer,AL,22543,Platinum,2022-08-20
715,Bruce,Smith,bruce.smith728@outlook.com,(292)832-7379x8979,46739 Cheryl Alley Apt. 141,Yatestown,OR,12604,Silver,2022-08-30
716,Amber,Quinn,amber.quinn275@yahoo.com,737-611-8151,186 Cooke Loaf Apt. 000,Gabriellebury,NE,16064,Silver,2024-01-11
717,Walter,Malone,walter.malone852@yahoo.com,449-646-6720x108,03401 Harris Track Apt. 466,South Marcshire,PA,78781,Platinum,2026-05-16
718,Dawn,Smith,dawn.smith167@yahoo.com,9266208581,818 Samantha Shoal,New Sean,WI,38378,Silver,2025-07-22
719,Mark,Taylor,mark.taylor582@gmail.com,001-282-685-1816x12559,3642 Maxwell Motorway,North Kennethburgh,RI,12913,Silver,2025-06-15
720,Michelle,Sanders,michelle.sanders116@hotmail.com,410.212.3296x151,79230 Simmons Burg,North Davidbury,NC,19286,Bronze,2025-05-30
721,Rebecca,Potts,rebecca.potts402@yahoo.com,960-419-1530x5734,76653 Collins Stream Apt. 422,Barnesbury,PR,83602,Silver,2023-09-24
722,Jimmy,Grant,jimmy.grant177@gmail.com,001-965-662-2419x768,76822 Sherman Summit Apt. 726,Hatfieldhaven,MO,55329,Silver,2025-12-26
723,Cindy,Kennedy,cindy.kennedy172@yahoo.com,689-874-2235x4340,290 Michael Camp,Proctorville,AS,67381,Bronze,2026-05-13
724,Joanne,Gray,joanne.gray46@gmail.com,441-911-9738x818,21564 Martin Glens,North Tara,TN,91066,Bronze,2023-09-07
725,Aaron,Barnett,aaron.barnett190@yahoo.com,(564)605-1102x1254,3594 Jennifer Pines,Brendachester,ND,03541,Silver,2022-12-22
726,Leah,Lopez,leah.lopez911@gmail.com,2323031978,60498 Smith Garden,Thomashaven,MS,07430,Bronze,2023-01-02
727,Lindsey,Johnson,lindsey.johnson65@hotmail.com,001-716-725-9084x19478,47131 Adkins Radial,Gillside,MT,06476,Platinum,2022-08-31
728,Courtney,Jones,courtney.jones445@hotmail.com,001-937-416-1608x819,3582 Andrew Expressway Suite 807,Port Taylor,WV,07872,Bronze,2023-03-06
729,Patricia,Rhodes,patricia.rhodes47@gmail.com,+1-885-457-8002x44323,7718 Todd Villages Apt. 076,North Ianport,OH,02457,Platinum,2023-04-26
730,Tara,Martinez,tara.martinez733@hotmail.com,(316)891-3952x150,9685 Green Shores,Smithmouth,TX,89975,Bronze,2026-06-06
731,Kenneth,Thomas,kenneth.thomas12@gmail.com,001-519-283-9248x481,70335 Tiffany Via,Patriciaburgh,LA,28272,Gold,2022-09-01
732,Kevin,Rodriguez,kevin.rodriguez194@outlook.com,263-339-5348x1105,105 Brandon Courts Suite 167,Kathrynside,MS,92026,Platinum,2026-05-15
733,Kathleen,Barr,kathleen.barr816@gmail.com,001-717-775-1239x59781,2789 Foley Crossing Suite 738,Manuelville,DC,72067,Gold,2023-09-24
734,Eric,Dickerson,eric.dickerson64@yahoo.com,001-954-567-7205x1710,972 Jessica Brook,West Kristin,NE,99903,Gold,2022-11-19
735,Margaret,Marshall,margaret.marshall951@outlook.com,441.748.5726x029,4783 Beck Circle Apt. 175,Tiffanyhaven,AK,24842,Silver,2023-09-24
736,Kaylee,Foster,kaylee.foster657@gmail.com,001-535-838-6762x592,72884 Shane Meadow Suite 207,Vegaberg,NJ,09361,Bronze,2025-09-11
737,William,Alvarez,william.alvarez806@hotmail.com,001-734-905-0892x73961,0488 Garza Fort,North Heather,WI,49065,Gold,2024-06-13
738,Stephanie,Frank,stephanie.frank432@yahoo.com,422-473-6273x202,56707 Porter Junction Suite 426,New Janettown,IA,69571,Silver,2024-09-03
739,Dakota,Juarez,dakota.juarez323@outlook.com,(498)430-5216x9039,7691 Rodriguez Expressway Apt. 429,Danielview,MP,72916,Platinum,2022-10-01
740,Rachel,Burgess,rachel.burgess888@outlook.com,616.537.0500,42647 Bruce Plains,Port Charlesmouth,FM,03034,Bronze,2023-07-07
741,Jack,Conley,jack.conley36@gmail.com,680.283.9065,4693 Michelle Mill,New Joshua,NV,57285,Silver,2023-04-16
742,Nicole,Gilbert,nicole.gilbert751@gmail.com,(404)996-0266x765,93932 Haynes Trace Suite 281,New David,MS,29626,Platinum,2026-04-18
743,Gabriel,Newman,gabriel.newman856@hotmail.com,(460)420-8019x290,97499 Johnson Stream Apt. 886,Lisachester,WA,65402,Silver,2025-11-27
744,Christian,Watson,christian.watson4@outlook.com,(610)725-5501x935,90448 Brenda Extensions Apt. 533,East Adam,GA,32571,Gold,2026-01-04
745,Jennifer,Merritt,jennifer.merritt967@outlook.com,536-329-6208x0598,9888 Neal Fords,Port Kimberly,ID,21761,Platinum,2023-03-01
746,Marie,Kramer,marie.kramer449@gmail.com,349.554.2106x294,29075 Edwards Well Apt. 012,South Richard,CA,63562,Gold,2026-06-17
747,Shane,Howell,shane.howell21@gmail.com,875-328-6461x209,226 Jones Forks,South Nathanfurt,DC,56016,Platinum,2024-07-13
748,Lindsey,Perez,lindsey.perez444@hotmail.com,553-455-0514,928 Stewart Dam,Bruceburgh,VT,14380,Platinum,2023-01-19
749,Bonnie,Garcia,bonnie.garcia276@gmail.com,001-442-221-8834x581,087 Lowery Mountain,West Steven,DC,49569,Bronze,2023-11-29
750,Kelsey,Webb,kelsey.webb14@hotmail.com,(215)790-2578x464,7693 Nicole Throughway,New Brittany,OH,56861,Gold,2025-05-01
751,Wesley,Mueller,wesley.mueller307@gmail.com,846.472.9254x35519,825 Page Neck,South Kristina,AK,97449,Bronze,2024-12-26
752,Erik,White,erik.white721@yahoo.com,+1-201-222-3414x9929,18256 Katherine Hills Suite 286,New Kathleen,FM,24130,Gold,2025-03-14
753,Jacqueline,Butler,jacqueline.butler2@hotmail.com,(532)517-4003x91019,702 Ross Greens,Mariaton,OR,47858,Gold,2024-03-14
754,Kathryn,Ryan,kathryn.ryan103@hotmail.com,605.564.6160x7626,24711 Patrick Avenue,South Tammyhaven,FL,60978,Gold,2025-08-21
755,Alicia,Ayers,alicia.ayers791@hotmail.com,+1-513-336-1094x41642,95372 Joseph Course,Mckenzieberg,PR,29721,Bronze,2024-04-12
756,Michael,Yoder,michael.yoder536@gmail.com,961-575-5188x701,37277 Mills Neck Suite 063,Cassandraburgh,RI,06399,Gold,2023-05-11
757,Kevin,White,kevin.white792@yahoo.com,001-753-586-9479x02548,8374 Ingram Club,Jacksonview,MI,56652,Platinum,2024-03-26
758,Megan,Taylor,megan.taylor430@yahoo.com,685.557.4216,7238 Gross Grove,Lake Alexandertown,PA,44921,Gold,2023-12-29
759,Kimberly,Morrison,kimberly.morrison568@yahoo.com,937-788-4437x0661,378 Jose Meadow,West Tracychester,WA,12803,Platinum,2026-05-12
760,Robert,Kemp,robert.kemp548@hotmail.com,001-810-284-5078,63681 Hopkins Square Apt. 858,North Edwardfort,UT,22381,Silver,2023-11-10
761,Theresa,Cox,theresa.cox398@hotmail.com,218.922.2667x9419,50337 Melendez Ramp Apt. 306,Newmanborough,AK,53526,Bronze,2024-10-14
762,Deborah,Jordan,deborah.jordan541@yahoo.com,001-498-376-0550x492,590 Ruiz Ford,Harrisburgh,UT,68007,Platinum,2025-07-30
763,Stanley,Baker,stanley.baker572@gmail.com,439.892.8919x8271,186 Johnson Lock Apt. 201,Hinesshire,TX,02444,Platinum,2025-08-12
764,Marcus,Stephenson,marcus.stephenson542@hotmail.com,2393831354,71708 Short Inlet,Georgeshire,LA,21175,Bronze,2023-10-29
765,Michael,Cunningham,michael.cunningham373@gmail.com,388.843.0217,0692 Christina Viaduct Suite 305,Wendyhaven,GA,36094,Gold,2024-08-18
766,Wayne,Pennington,wayne.pennington823@hotmail.com,8376017092,643 Matthew Rue Apt. 164,Port Destiny,CO,43567,Silver,2022-10-22
767,Sean,Williams,sean.williams372@hotmail.com,(744)485-0072,808 Shawn Locks,New Gabriel,MT,72625,Bronze,2025-05-09
768,Deborah,Welch,deborah.welch584@hotmail.com,9802820391,68069 Jennifer Lights,East Laurenfurt,MO,17859,Platinum,2025-04-30
769,Katherine,Thompson,katherine.thompson24@yahoo.com,+1-724-525-3690x91237,44435 Mccoy Ferry Suite 587,North Gregoryport,AS,87260,Silver,2022-08-30
770,Ian,Blankenship,ian.blankenship23@gmail.com,9557364818,0396 Smith Throughway Suite 365,Port Kathy,UT,40915,Silver,2025-12-08
771,Shelly,Frazier,shelly.frazier442@outlook.com,866-623-2360x667,4882 Michael Stravenue,Boltonbury,NC,48924,Platinum,2025-02-11
772,Charles,Watson,charles.watson870@yahoo.com,599.562.3569x992,722 Stephanie Ferry Suite 226,North Patrick,MO,10026,Platinum,2023-12-28
773,Karen,Navarro,karen.navarro16@outlook.com,493-815-3983x912,877 Carr Landing Suite 041,West Alicia,AR,69085,Bronze,2022-09-01
774,Anthony,Prince,anthony.prince567@gmail.com,001-875-728-7209,0762 Sue Inlet Apt. 049,East Kevintown,IL,68210,Gold,2026-03-02
775,Emily,Phillips,emily.phillips957@yahoo.com,(869)419-4896x29805,0592 April Fort,Marietown,OK,64002,Bronze,2026-05-14
776,Adam,Wells,adam.wells803@hotmail.com,825-331-3795,07966 Sharon Meadows Suite 724,West Johnport,NM,34268,Gold,2022-09-05
777,Brett,Henry,brett.henry344@outlook.com,001-959-299-1938x733,217 Brown Manor,Port Barbaraburgh,AZ,19717,Bronze,2023-06-07
778,Kenneth,White,kenneth.white472@hotmail.com,7763519170,4748 Kimberly Park Suite 078,Clinebury,MD,09110,Platinum,2024-09-05
779,Heather,Woodward,heather.woodward298@gmail.com,505.358.1157x44965,951 Bell Fields,Benjaminland,OH,46902,Silver,2024-04-26
780,Brandon,Vasquez,brandon.vasquez500@outlook.com,580-739-6620,04093 Jennifer Island Suite 184,Port Johnside,FL,23859,Platinum,2026-07-08
781,Lori,Spencer,lori.spencer617@yahoo.com,933.656.2303,078 Edward Islands Apt. 951,Campbellchester,VT,79185,Bronze,2023-09-30
782,Melissa,Gordon,melissa.gordon99@yahoo.com,+1-391-384-3113x266,7089 Riddle Canyon,North Tiffany,VT,15899,Gold,2024-01-19
783,Amanda,Spencer,amanda.spencer95@hotmail.com,+1-622-905-3970x77454,2632 Daniel Shoal,Johnsonmouth,AS,90120,Silver,2025-09-18
784,Helen,Tyler,helen.tyler447@outlook.com,001-546-776-6262,317 Keith Summit,Port Christinamouth,VA,32466,Silver,2025-08-13
785,Katherine,Bennett,katherine.bennett167@yahoo.com,5362860506,3026 Jodi Hollow,East Nathanielside,PW,59276,Platinum,2024-04-23
786,Randy,Hamilton,randy.hamilton343@gmail.com,620-730-2520,0281 Adams Branch,North Micheleshire,AZ,78143,Platinum,2023-04-19
787,Haley,Saunders,haley.saunders55@outlook.com,754-549-2054x8944,9795 Meredith Ports Apt. 600,Williamsmouth,MI,65119,Gold,2024-10-23
788,Christopher,Grant,christopher.grant273@yahoo.com,001-756-862-2952x17970,896 Soto Pines,West Olivia,PR,37593,Bronze,2024-03-29
789,Alexander,Montes,alexander.montes844@outlook.com,(301)753-0173x167,62486 Seth Hill Suite 266,East Jamesland,MN,66557,Gold,2024-06-04
790,Brian,Rose,brian.rose382@hotmail.com,001-364-353-1579x057,2244 Jason Ramp,Kyleshire,KS,07921,Bronze,2025-11-07
791,Dawn,Warren,dawn.warren327@hotmail.com,+1-305-670-2377,4693 Rivera Crossing Apt. 359,Bakerside,NH,52403,Silver,2023-08-31
792,Melissa,Shaffer,melissa.shaffer3@yahoo.com,001-497-732-3964x402,220 Reynolds Garden,East Melissa,FL,90967,Silver,2023-08-24
793,Kathryn,Ochoa,kathryn.ochoa865@outlook.com,5914401693,9924 Scott Freeway Apt. 385,North Derrick,TX,24403,Platinum,2024-10-26
794,Joshua,Taylor,joshua.taylor851@gmail.com,5753699913,1998 Pamela Branch Suite 551,Meganmouth,DC,51488,Bronze,2022-10-01
795,Adam,Collier,adam.collier961@gmail.com,(264)770-7038x5036,32262 Trevor Mountain Suite 331,Tannerhaven,UT,04927,Bronze,2025-03-28
796,Lawrence,Hanson,lawrence.hanson648@hotmail.com,(859)506-2003,41074 David Park Suite 067,Williamchester,NH,55583,Silver,2026-01-18
797,William,Hendrix,william.hendrix948@outlook.com,798.749.1498x6099,6149 Adams Ranch Suite 931,New Holly,OK,89550,Platinum,2022-09-08
798,Michelle,Harper,michelle.harper282@gmail.com,(789)581-1594,66432 Julie Ramp,Patriciaville,DC,13718,Platinum,2023-09-11
799,Allen,Lyons,allen.lyons176@yahoo.com,(456)478-7188,762 Renee Viaduct,Sheilaport,HI,83990,Silver,2023-07-01
800,Shannon,Day,shannon.day286@hotmail.com,560-258-6794x963,58416 Patrick Club Apt. 495,Torresshire,PA,70818,Silver,2026-04-08
801,Christine,Hull,christine.hull516@yahoo.com,(757)986-4578x655,61080 Robert Lights,Andersonville,MT,42791,Gold,2024-02-14
802,Cory,Church,cory.church909@outlook.com,(965)645-1224x44189,6400 Paul Mission Suite 868,West Felicia,MI,09845,Bronze,2022-08-24
803,Douglas,Charles,douglas.charles60@gmail.com,863.209.4423,86860 Mary View,Camacholand,NV,03106,Platinum,2023-05-13
804,Brandon,Steele,brandon.steele533@yahoo.com,001-909-461-9797,983 Tonya Trail,Julieborough,KY,88053,Silver,2026-03-14
805,Joseph,Branch,joseph.branch706@outlook.com,673-694-0598x02602,35694 Kent Canyon Suite 356,Evanshaven,AL,75610,Platinum,2023-04-02
806,Debra,Stokes,debra.stokes247@gmail.com,919.777.7486,15892 Meyer Ridge,South Jamesport,FL,05857,Silver,2025-03-21
807,Michael,Fry,michael.fry430@gmail.com,(823)932-6058x69427,86482 Adam Pike Apt. 958,Hortonview,CT,75284,Platinum,2023-11-14
808,Sarah,Clark,sarah.clark965@outlook.com,(455)994-6989x0623,06629 Diane Row Apt. 518,South Amberberg,LA,19726,Bronze,2025-09-16
809,Drew,Valdez,drew.valdez494@gmail.com,001-765-648-7084x779,9890 Nicole Forks,Sheltonshire,AR,05208,Bronze,2022-12-04
810,Courtney,Wallace,courtney.wallace806@outlook.com,8895458962,5398 Vanessa Wells Apt. 737,West Brandymouth,NM,79475,Bronze,2024-10-10
811,Joseph,Hunt,joseph.hunt94@gmail.com,229-988-6182,80207 Miller Freeway Suite 121,Lake Melissaland,OH,72174,Gold,2022-08-27
812,Rose,Hughes,rose.hughes999@gmail.com,748.264.9703,07923 Maxwell Radial,South Angela,MH,30774,Silver,2024-05-31
813,Travis,Stevens,travis.stevens865@hotmail.com,455-350-5705,335 Vaughn Bridge Suite 731,Port Linda,MH,29077,Bronze,2024-11-09
814,Timothy,Munoz,timothy.munoz836@gmail.com,770-812-3503x6871,444 Larry Pass,North Teresa,ME,08875,Gold,2026-02-09
815,Sarah,Ferguson,sarah.ferguson191@hotmail.com,001-845-668-4467x94036,097 Williamson Plain,Port Nicolebury,SC,40157,Bronze,2026-02-02
816,Andrew,Reynolds,andrew.reynolds766@gmail.com,001-429-327-3186x830,573 Hunter Fords,West Brandifort,MN,59877,Gold,2024-01-13
817,Angie,Dorsey,angie.dorsey233@hotmail.com,4733446746,233 Kevin Lane Suite 185,Amandashire,NE,51496,Bronze,2024-02-04
818,Julia,Armstrong,julia.armstrong841@yahoo.com,001-881-241-3447,174 Roger Mills Apt. 502,North William,CT,53518,Silver,2025-08-16
819,Brittany,Roth,brittany.roth45@gmail.com,830.426.5099,774 Jill Crossroad,New Richard,TN,83983,Platinum,2023-02-14
820,Angela,Lopez,angela.lopez73@hotmail.com,(322)534-9980,7196 Gutierrez Club Apt. 256,West Gordon,PW,04704,Gold,2025-09-16
821,Samuel,Henderson,samuel.henderson697@gmail.com,344-909-2335,7590 Thomas Mission,West Edwardport,KY,53402,Bronze,2023-12-02
822,Melissa,Velez,melissa.velez980@hotmail.com,+1-255-292-2776x4149,2601 Sanchez Terrace Apt. 631,Jillfurt,MH,80761,Gold,2023-07-19
823,Sara,Novak,sara.novak928@gmail.com,001-604-873-3145,25513 Chan Springs Suite 867,East Amanda,ND,30476,Gold,2025-09-25
824,Joanne,Miller,joanne.miller576@outlook.com,8408954377,9325 Danny Square Suite 887,Jasonberg,VI,90705,Gold,2023-01-11
825,Willie,Williams,willie.williams233@yahoo.com,(878)762-1078x18710,001 Hanna Corner Suite 391,Christopherland,KS,30495,Platinum,2024-06-04
826,Kevin,Rivera,kevin.rivera424@yahoo.com,402.486.5505,68026 John Valleys Apt. 542,North Richard,AR,24708,Platinum,2023-11-07
827,Joyce,Davis,joyce.davis353@yahoo.com,(433)482-2224x00539,66701 Jones Island,North Cody,VI,53165,Gold,2025-06-14
828,Gregory,Watson,gregory.watson286@hotmail.com,001-313-532-5286,019 Melissa Crescent,West Amanda,IL,29812,Bronze,2023-04-19
829,John,Harper,john.harper424@gmail.com,666.734.2095x36773,4523 Lopez Locks Suite 497,Mcguireburgh,KS,77001,Silver,2023-05-19
830,Christy,Greer,christy.greer486@yahoo.com,709.466.4147x53369,1526 Watson Isle Apt. 476,West Kristin,VI,84332,Gold,2023-11-08
831,Natalie,Waters,natalie.waters831@gmail.com,001-867-592-4157x127,6535 Ann Square Suite 298,Julieberg,LA,27049,Silver,2025-10-17
832,Colleen,Velazquez,colleen.velazquez924@gmail.com,393.899.8161x5381,3468 Porter Meadow Apt. 906,South Jessicaberg,LA,74623,Bronze,2026-06-10
833,Kimberly,Rios,kimberly.rios265@outlook.com,+1-408-326-4931,03073 Anderson Circle Suite 201,Amandachester,GU,63674,Bronze,2023-11-03
834,Raymond,Gonzalez,raymond.gonzalez158@outlook.com,329.494.0369x481,6254 Kaitlyn Village Apt. 645,Harrisborough,PA,14772,Platinum,2025-05-10
835,Robert,Bartlett,robert.bartlett228@yahoo.com,561-625-9016,719 Hayes Spring Apt. 683,West Jeffrey,DE,04808,Bronze,2025-09-26
836,Brenda,Juarez,brenda.juarez480@outlook.com,+1-314-809-8410,33443 Lowery Manor,Douglasborough,TX,36366,Silver,2024-09-21
837,Caroline,Johnson,caroline.johnson995@outlook.com,(616)780-1990x34213,116 Theresa Prairie Apt. 004,North Edward,OH,55188,Platinum,2023-11-29
838,Angela,Beasley,angela.beasley263@yahoo.com,+1-360-515-7117,53160 Cunningham Skyway,South Maryshire,CT,27424,Gold,2026-05-10
839,Derek,Thornton,derek.thornton893@yahoo.com,001-593-367-8576x46391,24702 Keith Crest Apt. 874,Derrickfort,UT,10342,Platinum,2022-10-14
840,Samantha,Porter,samantha.porter543@gmail.com,831-453-5069,619 Jackson Row,North Michael,FM,06777,Platinum,2024-04-11
841,Carl,Kelley,carl.kelley883@outlook.com,+1-548-285-6694x899,2527 Barry Alley Apt. 547,Lake Stevenside,PA,92878,Platinum,2022-10-03
842,Mike,Garza,mike.garza40@hotmail.com,(665)304-6070x014,7563 Cox Parkways Suite 227,South Ericfurt,DC,86144,Platinum,2026-03-12
843,Jeffrey,Hatfield,jeffrey.hatfield199@yahoo.com,001-717-428-2076x23811,624 Kristin Passage Suite 100,Ortizton,TX,36145,Gold,2023-03-22
844,Jerome,Arnold,jerome.arnold913@outlook.com,+1-540-704-1084x791,82408 Ruiz Way,New James,PA,77971,Silver,2026-05-30
845,Kimberly,Bush,kimberly.bush561@outlook.com,257-480-9783,0535 Pennington Expressway,Port Adrian,NE,38415,Silver,2024-12-03
846,Andre,Jones,andre.jones326@yahoo.com,728-902-1889x3063,94534 Christina Well Apt. 814,Terrencechester,AS,60025,Platinum,2026-07-04
847,Anita,Page,anita.page944@outlook.com,943.769.9055x855,378 Elizabeth Court,Port Donna,VA,94705,Platinum,2025-02-22
848,Ashley,Wolfe,ashley.wolfe937@yahoo.com,(828)998-6061x065,429 Mary Rapids,Knightton,UT,39565,Bronze,2023-08-25
849,Jesus,Avila,jesus.avila339@outlook.com,(830)684-3769x929,0165 Sean Course Apt. 681,Brianaside,AR,18852,Bronze,2023-10-09
850,Kevin,Ayala,kevin.ayala457@hotmail.com,(741)755-3691,50842 Julie Glen Apt. 348,Port Anthonyland,NH,93488,Gold,2023-12-19
851,Stephen,Singleton,stephen.singleton722@gmail.com,329.759.4523,2796 Fernando Expressway,Shannonbury,WV,28405,Platinum,2025-05-07
852,Amanda,Cochran,amanda.cochran369@hotmail.com,(704)516-7821,04029 Long Spurs Apt. 721,Phillipsburgh,PA,18698,Gold,2025-02-19
853,Gregory,Sullivan,gregory.sullivan361@gmail.com,585-502-2061x9019,0632 Walton Forge,Port Jerryburgh,NY,06419,Gold,2023-07-11
854,Nathaniel,Perez,nathaniel.perez984@hotmail.com,001-447-518-5594x079,90000 Jeanne Rue Suite 616,East Meagan,MS,94288,Silver,2022-08-17
855,Justin,Chan,justin.chan211@yahoo.com,801.894.5391x177,31677 Justin Lane,Scottport,MP,32621,Bronze,2025-08-26
856,Ronnie,Brown,ronnie.brown609@gmail.com,978-906-1902x23116,761 Anthony Ports,New Christopher,UT,85436,Gold,2022-09-23
857,Paul,Petersen,paul.petersen924@outlook.com,711.542.9430x0037,53223 Martinez Knolls Apt. 126,Deborahstad,MT,29424,Bronze,2025-01-18
858,Karen,Cunningham,karen.cunningham44@hotmail.com,001-484-217-8376x59153,13246 Greene Road,Jamesborough,DC,63251,Gold,2023-01-10
859,Corey,Hill,corey.hill749@gmail.com,924.855.3375x6569,5266 White Mills,Port Paige,CA,19440,Bronze,2023-09-25
860,Allison,Dixon,allison.dixon911@yahoo.com,912-506-2767x29350,24945 Andrew Lodge Apt. 506,New Robert,MS,70471,Bronze,2023-09-20
861,Gail,Adams,gail.adams974@gmail.com,680.245.7972x518,29146 Santana Ferry,Port James,MH,65175,Bronze,2024-07-29
862,Andrew,Hall,andrew.hall474@hotmail.com,001-545-416-7670x636,47823 Sean Street,Lake Brian,OK,92083,Bronze,2026-03-27
863,Michelle,Petty,michelle.petty616@gmail.com,433.867.9608,01122 Lorraine Ville Apt. 848,Davidview,WI,71691,Silver,2024-09-29
864,Jennifer,Little,jennifer.little337@outlook.com,790-213-2495x193,0549 Macdonald Wells,North Anna,MN,55460,Platinum,2026-02-18
865,Denise,Wu,denise.wu699@hotmail.com,890.744.1040x43156,15461 Cooper Pines,New Natalieborough,NC,96674,Bronze,2022-12-12
866,Gloria,Bass,gloria.bass704@yahoo.com,+1-601-268-5647x177,148 Thomas Mount,Michaelton,ID,06014,Silver,2023-01-05
867,Suzanne,Franklin,suzanne.franklin650@gmail.com,(586)411-9976x75983,1698 Timothy Cove,Davisstad,NC,51522,Platinum,2024-05-20
868,Cameron,Kane,cameron.kane735@outlook.com,453.839.9824,58353 Kelly Plains Apt. 956,Scottberg,ND,48947,Silver,2024-04-29
869,Donna,Davis,donna.davis323@outlook.com,527.627.6698,8015 Hickman Meadow Suite 930,North Edward,NY,45192,Bronze,2023-12-21
870,Chad,Watson,chad.watson699@yahoo.com,+1-997-920-7382,52854 Rodriguez Garden,Port Amyborough,PW,01504,Bronze,2024-08-14
871,Stephen,Burgess,stephen.burgess915@gmail.com,512.210.2423x447,84252 Delgado Loaf,North Kimberly,AR,01630,Silver,2024-02-09
872,Joanne,Webb,joanne.webb187@hotmail.com,001-668-433-4400x9522,1961 Rodriguez Lakes Suite 566,Russellton,PA,80376,Gold,2025-06-29
873,Noah,Marquez,noah.marquez804@outlook.com,(747)236-0157x911,9322 Bethany Trace,Johntown,NH,03286,Bronze,2025-10-17
874,Jacqueline,Williams,jacqueline.williams11@yahoo.com,+1-378-433-5488x357,260 William Dale Suite 589,Lake Jose,NH,44575,Platinum,2023-01-31
875,Justin,Powell,justin.powell778@gmail.com,672-866-5282,6386 Farrell Springs,Port Eric,FM,27720,Bronze,2024-11-30
876,Mason,Garrison,mason.garrison328@gmail.com,746-605-1908,724 Benjamin Bypass,North Amy,TN,07006,Gold,2023-07-06
877,Madison,Simpson,madison.simpson220@yahoo.com,5103009089,3033 Roach Vista,South Carmen,WV,26816,Gold,2024-12-23
878,Scott,Wilson,scott.wilson990@outlook.com,3935043766,8028 Matthew Harbors,West Amyburgh,RI,90015,Platinum,2025-11-25
879,Robert,Jackson,robert.jackson649@outlook.com,5532110583,122 Meyer Keys,Kimberlyview,WI,60531,Bronze,2026-04-17
880,Chloe,Crawford,chloe.crawford449@outlook.com,865.401.6767x1877,798 Irwin Court,Lake Kylechester,PA,31012,Bronze,2025-06-04
881,Alyssa,Cochran,alyssa.cochran979@hotmail.com,(292)526-6678,3688 Johnson Stream,Kochburgh,NH,53128,Bronze,2024-07-12
882,Dawn,Miller,dawn.miller784@hotmail.com,(565)797-6408,2289 Steven Prairie Apt. 598,East Marcusfort,NJ,61430,Silver,2025-10-12
883,Amanda,Stewart,amanda.stewart865@yahoo.com,001-912-395-6518,417 Patricia Tunnel,Riveraside,OR,25204,Platinum,2025-05-20
884,Danny,Rowland,danny.rowland610@gmail.com,702.293.0112,05009 Jose Ranch Apt. 878,Baileymouth,AR,82612,Gold,2022-11-24
885,Dawn,Myers,dawn.myers726@outlook.com,269.231.8062,4290 Stanley Rapid,Edwardburgh,GA,30262,Bronze,2025-12-14
886,Stephanie,Fowler,stephanie.fowler936@yahoo.com,+1-640-257-1446x9567,42662 Miles Ports,Coxfort,WY,96809,Bronze,2025-09-09
887,Omar,Leach,omar.leach50@gmail.com,+1-565-783-4834,4453 Rivera Circles,Oscarchester,MH,72455,Platinum,2025-05-30
888,Amy,Patterson,amy.patterson295@yahoo.com,558.670.8943x2698,7366 Holmes Garden,North Michelle,AS,60888,Gold,2023-11-27
889,John,Cantrell,john.cantrell792@gmail.com,(200)973-4293,580 Johnson Stream Suite 505,New Gregoryview,MO,61250,Silver,2024-07-11
890,Jeremy,Rodgers,jeremy.rodgers707@gmail.com,(702)504-5028x143,545 John Burgs,South Devinside,MI,14910,Bronze,2026-05-22
891,Calvin,Stout,calvin.stout285@outlook.com,(752)974-2866x2510,337 Lopez Union Apt. 123,Barbaraview,VI,22372,Silver,2023-07-30
892,Allison,Spencer,allison.spencer961@gmail.com,937-606-2728x16733,4514 Davila Union Apt. 935,North Thomasport,MI,47356,Silver,2024-04-06
893,Cody,Bridges,cody.bridges439@gmail.com,(860)484-8187,575 Ball Track,Port Ronald,FM,13805,Gold,2022-09-07
894,Brianna,Fitzpatrick,brianna.fitzpatrick66@gmail.com,5593982267,319 Allen Turnpike Apt. 995,South Julieton,ME,44487,Gold,2023-05-13
895,Stephanie,Lewis,stephanie.lewis642@gmail.com,(593)664-5028x231,880 Shaw Vista,Lake Kellyberg,AR,19539,Silver,2023-03-10
896,Thomas,Wang,thomas.wang670@outlook.com,443.969.5310,7299 Daniel Isle Suite 904,Jamesland,NC,93201,Silver,2024-09-06
897,David,Day,david.day983@outlook.com,+1-891-308-7392x21983,62917 Peter Tunnel Suite 173,New Daniel,NE,19015,Gold,2025-12-21
898,Marco,Robinson,marco.robinson779@yahoo.com,8445500202,7105 Annette Springs Suite 707,Michaelland,MN,26256,Gold,2025-01-03
899,Troy,Salazar,troy.salazar703@outlook.com,+1-404-509-3467x5418,450 Brooke Parkway,Chavezfurt,AR,31662,Silver,2025-12-24
900,Roger,Wagner,roger.wagner47@outlook.com,4187422013,38272 Brandon Terrace,Craigbury,KY,49691,Platinum,2026-01-04
901,Joel,Johnson,joel.johnson73@gmail.com,001-617-936-9078,168 Jennifer Route,Walkertown,IA,70948,Bronze,2024-06-12
902,Timothy,Williams,timothy.williams418@hotmail.com,(308)395-1237x085,2141 Tammy Branch,Wilsonbury,KY,73983,Bronze,2026-05-18
903,Kimberly,Molina,kimberly.molina660@gmail.com,867.513.7718x862,454 Fisher Mountains Apt. 965,Perryville,PA,24888,Platinum,2025-02-10
904,Michael,Rodriguez,michael.rodriguez585@hotmail.com,(434)961-4466,7830 Cox Fords Suite 138,Burgesston,GA,96109,Bronze,2024-06-06
905,Jamie,Robinson,jamie.robinson76@hotmail.com,(886)936-4704x6568,117 Maxwell Spur Suite 215,West William,DE,79270,Platinum,2022-09-19
906,Javier,Arnold,javier.arnold489@outlook.com,001-291-827-0659x34104,04837 Richard Forks,Port Melvinburgh,WA,19502,Bronze,2025-10-13
907,Sharon,Thomas,sharon.thomas797@yahoo.com,001-996-607-5789x849,87228 Juan Crossing,North Christopher,DE,59004,Platinum,2025-02-05
908,Christina,Weber,christina.weber513@outlook.com,001-518-398-1061x7356,2217 Daniel Plains,Gibbschester,MI,68236,Silver,2024-05-11
909,James,Davis,james.davis734@yahoo.com,001-999-390-6820x130,5726 Robert Inlet Suite 378,North Audreyborough,NC,90906,Silver,2024-06-08
910,Vickie,Bailey,vickie.bailey584@outlook.com,590-737-2954x5858,63361 Chase Ridges,Josephton,WV,06452,Gold,2025-07-31
911,Robert,Ponce,robert.ponce595@outlook.com,(425)751-7419,998 Eric Vista,Yvetteborough,PA,83353,Silver,2024-12-30
912,Nicole,Jones,nicole.jones22@gmail.com,001-984-853-1563x0930,6212 Richard Camp Apt. 863,Michaelville,GU,27752,Platinum,2024-11-03
913,Doris,Morgan,doris.morgan503@hotmail.com,7893921773,964 Macias Prairie,Taylorview,PW,96102,Platinum,2024-05-28
914,Richard,Brown,richard.brown777@yahoo.com,(542)222-4198,97367 Timothy Dale,South Dianeport,AL,93083,Gold,2024-05-17
915,Emily,Sanchez,emily.sanchez336@gmail.com,720-324-3509x476,5401 Deborah Inlet,Josephport,WV,72950,Silver,2023-02-16
916,Elizabeth,Robertson,elizabeth.robertson165@outlook.com,337-205-4245,6409 Garcia Park,Jamesside,RI,93127,Bronze,2024-10-15
917,Regina,White,regina.white75@hotmail.com,4234766696,103 Reyes Ridges,Howardshire,OR,23494,Silver,2025-01-18
918,Michael,Hall,michael.hall389@outlook.com,(583)546-3348,94118 Chelsea Brook Apt. 424,West Aaron,NE,88758,Gold,2023-09-20
919,Jason,Watson,jason.watson134@hotmail.com,750-674-3509x52889,9408 Parsons Lake Suite 243,South Sherry,DC,73178,Silver,2026-05-13
920,Valerie,Mendoza,valerie.mendoza293@gmail.com,471-988-3009x954,96964 Clark Rapid,Port Michellefurt,MA,06373,Platinum,2023-07-12
921,Sarah,Odom,sarah.odom551@outlook.com,001-501-649-7110,686 Cole Plain Suite 706,South Isabellatown,VI,57285,Silver,2026-01-04
922,Stephanie,Baldwin,stephanie.baldwin597@gmail.com,+1-244-692-3435x96985,56756 Luna Alley Suite 188,Acevedoville,MS,64909,Silver,2024-01-02
923,Katherine,Smith,katherine.smith678@yahoo.com,871-640-2503x85762,6937 Collins Dale Suite 286,South Marieside,OR,22497,Silver,2024-10-23
924,Victoria,Jones,victoria.jones809@yahoo.com,001-727-489-6951x93048,84936 Emily Flat Suite 853,Lake Marytown,WI,10916,Gold,2026-06-25
925,Miranda,Erickson,miranda.erickson339@gmail.com,+1-594-568-9633x1812,8670 Paul Mall Apt. 036,West Kevin,LA,28194,Bronze,2024-03-14
926,Scott,Fisher,scott.fisher16@gmail.com,(636)978-5089x8977,073 Norma Hollow Suite 577,Thompsonchester,FM,18314,Bronze,2025-11-30
927,Michele,Austin,michele.austin659@hotmail.com,(987)740-4207x67514,348 Taylor Knoll Apt. 774,Port Kristenfort,MS,61545,Bronze,2023-06-23
928,Kenneth,Jones,kenneth.jones365@yahoo.com,001-444-853-8565x3523,30990 Dawn Cape Suite 065,Kellyhaven,FL,32242,Bronze,2024-06-14
929,Tonya,Welch,tonya.welch653@hotmail.com,319-398-9965,47091 Brian Gardens,Brendastad,GU,55736,Gold,2024-12-14
930,Cristian,Tanner,cristian.tanner249@gmail.com,+1-268-770-4796x6682,746 Jones Stream,Thomaschester,CO,67442,Silver,2025-08-27
931,Dean,Powell,dean.powell908@gmail.com,339.886.2214x0513,89142 Heather Alley Apt. 927,Odonnelltown,MD,36970,Bronze,2024-03-23
932,Antonio,Washington,antonio.washington394@hotmail.com,894-841-0238x73518,38914 Quinn Parkway Suite 247,Michelleberg,AL,25139,Platinum,2023-12-11
933,Sara,Lin,sara.lin226@yahoo.com,+1-315-939-8852,1313 Jones Spring Apt. 025,Jameschester,WI,42218,Bronze,2024-12-18
934,Carrie,Cooper,carrie.cooper289@outlook.com,(375)292-3831x9348,841 Teresa Plaza,Riverahaven,MP,14997,Platinum,2025-09-27
935,Brian,Gonzalez,brian.gonzalez343@hotmail.com,001-330-391-2185x2734,6342 Larry Estate,Lake Charlenestad,OK,61228,Gold,2023-11-19
936,Jennifer,Davis,jennifer.davis878@yahoo.com,778.711.0965x984,55530 Malik Camp,North Lindsey,LA,01846,Bronze,2024-07-26
937,Richard,Franco,richard.franco176@hotmail.com,+1-419-410-6166x91008,45418 Carla Courts Apt. 699,Matthewton,MT,40712,Gold,2025-06-13
938,John,Marsh,john.marsh172@hotmail.com,(299)762-0834x7910,8268 Edwin Corner,Kellyfurt,GA,85748,Bronze,2025-01-16
939,Jerry,Bates,jerry.bates237@yahoo.com,238-771-2951x452,2287 Jade Estate Apt. 007,Angelicafort,WA,17385,Platinum,2025-07-03
940,Wendy,Wilkerson,wendy.wilkerson688@yahoo.com,206-654-7476x950,286 Linda Cape,Andreaburgh,WY,24346,Bronze,2026-04-30
941,Christopher,Shaw,christopher.shaw906@yahoo.com,(256)399-3136x0622,6430 Rachel Isle Suite 623,Schmidthaven,NV,95922,Platinum,2023-01-15
942,Lauren,Parrish,lauren.parrish379@outlook.com,389-653-8294x419,47947 Karen Ridges Apt. 380,West David,VA,96219,Silver,2024-07-30
943,Lisa,Simon,lisa.simon80@outlook.com,(470)784-8868x6562,47283 Andrade Street Suite 730,Jessicaberg,TN,96203,Platinum,2025-12-01
944,Elizabeth,Bates,elizabeth.bates475@gmail.com,568-946-7678x09645,82801 Eric Landing,North Samuel,NY,67903,Silver,2023-10-08
945,Jessica,Andrews,jessica.andrews2@hotmail.com,+1-874-911-4862,2135 Christopher Neck Suite 559,New Holly,NM,36485,Bronze,2024-01-01
946,Kathleen,Combs,kathleen.combs94@outlook.com,001-564-719-6789x63009,976 Cook Grove,Kellymouth,CA,47449,Silver,2025-10-03
947,William,White,william.white232@gmail.com,001-883-249-2766x80984,3015 Pearson Drives,West Duane,NC,37301,Silver,2022-12-23
948,Linda,Sawyer,linda.sawyer194@hotmail.com,(786)567-1554x460,0334 Charles Walk,Monicamouth,WA,32221,Silver,2025-02-11
949,Eric,Long,eric.long102@yahoo.com,(567)228-5021x553,4627 Brandon Isle Apt. 649,North Carolberg,VT,70062,Bronze,2025-06-28
950,Tyler,Peterson,tyler.peterson362@gmail.com,(307)989-0751x9919,212 White Green Apt. 956,Davidsonview,LA,98593,Platinum,2024-09-05
951,Nicholas,Jones,nicholas.jones741@gmail.com,259.774.7765x65907,1492 Harris Courts Suite 498,New Katherine,WV,32552,Gold,2024-01-05
952,Kevin,Salazar,kevin.salazar580@gmail.com,001-709-949-0763x4153,436 Sandoval Cove,Michelleshire,HI,18964,Platinum,2024-08-10
953,David,Williams,david.williams109@gmail.com,387-522-5578x564,15477 Katie Ridges,Johnland,GU,86911,Platinum,2024-01-31
954,Joseph,Burch,joseph.burch217@outlook.com,001-695-379-4758x16602,1685 Mcdonald River Suite 232,Tammystad,OH,02814,Gold,2025-12-05
955,James,Jackson,james.jackson564@gmail.com,001-714-279-7341x855,470 Smith Cove,Richardshire,NV,83548,Gold,2024-10-29
956,Jennifer,Porter,jennifer.porter583@hotmail.com,001-417-706-7949x07869,6017 James Views Suite 101,Baileytown,TN,05653,Platinum,2023-12-17
957,Erin,Sanders,erin.sanders172@gmail.com,535.658.9607x0722,59389 Wallace Springs,West Whitney,WY,56657,Platinum,2025-12-09
958,Christopher,Lewis,christopher.lewis570@gmail.com,779-867-1480x30073,39014 Brandon Mountain Suite 274,South Richard,TX,29994,Bronze,2026-03-19
959,Michael,Cervantes,michael.cervantes769@outlook.com,(823)321-4252,82526 Penny Mountains Suite 128,Pattersonshire,CT,12095,Silver,2023-02-01
960,Brenda,Clarke,brenda.clarke491@yahoo.com,(755)344-1181,9465 Stuart Roads,Nicholasstad,UT,28651,Bronze,2023-07-15
961,Patrick,Cole,patrick.cole561@hotmail.com,(684)518-4714x62201,520 Angela Rue,Lake Brittanymouth,MP,95171,Silver,2023-06-21
962,John,Adams,john.adams521@hotmail.com,877-409-0676x1837,12728 Rhonda Branch,North William,FM,52260,Silver,2025-10-10
963,Cassandra,Smith,cassandra.smith823@outlook.com,(993)603-2645x6496,716 Susan Parks Apt. 048,Hoffmanport,CT,66168,Gold,2023-02-02
964,Brianna,Miller,brianna.miller985@outlook.com,342.751.9701,3906 Flynn Port,New Jenniferfort,SD,02528,Bronze,2024-12-31
965,Audrey,Lopez,audrey.lopez674@gmail.com,+1-962-752-6022x1690,670 Ramirez Crest,Sandraland,PA,33133,Silver,2025-12-30
966,Joshua,Smith,joshua.smith173@hotmail.com,374-254-6935,58384 Faith Road,North Rickymouth,IA,43266,Silver,2026-05-08
967,Frank,Miller,frank.miller2@gmail.com,001-997-217-7170x30568,28331 Richardson Roads,Knighttown,IN,44917,Silver,2026-06-04
968,Ashley,Jones,ashley.jones565@yahoo.com,887-667-7600,605 Sylvia Glen Apt. 895,East Shane,OH,34431,Gold,2023-07-31
969,Kyle,David,kyle.david550@yahoo.com,310-748-4809x47318,317 Bradley Fork Apt. 496,Cookfort,MH,35107,Silver,2024-04-09
970,Andrew,Peterson,andrew.peterson139@yahoo.com,475-845-6572x8972,70799 Roth Stravenue Suite 761,North Brettshire,NJ,51908,Bronze,2025-07-13
971,Barbara,Phillips,barbara.phillips259@gmail.com,001-961-938-2687x097,0390 Frye Light Suite 606,Cummingsburgh,VI,85691,Gold,2024-06-29
972,Caitlyn,Mcdonald,caitlyn.mcdonald286@hotmail.com,+1-810-473-5128x96220,962 Walker Mountain,Lake Lindsey,NV,09644,Gold,2023-11-06
973,James,Hall,james.hall671@yahoo.com,001-743-906-9523,23993 Ramirez Brooks,Olsentown,MP,50026,Silver,2024-11-29
974,Nichole,Morris,nichole.morris947@gmail.com,+1-254-687-5311,412 Sanchez Stravenue,North Kristenview,KS,70108,Bronze,2023-05-02
975,Michael,Mccarty,michael.mccarty432@outlook.com,+1-268-587-8602,053 Ortiz Hollow,West Mason,AK,63372,Silver,2025-09-11
976,Brittany,Anderson,brittany.anderson718@gmail.com,+1-379-687-2873,17019 Castro Mall,New Kimberly,TN,17765,Silver,2026-01-12
977,Eric,Collins,eric.collins754@gmail.com,7053102874,2917 Collins Crescent Suite 033,New Angela,AL,62236,Silver,2023-04-07
978,Sheila,Thomas,sheila.thomas37@yahoo.com,+1-910-646-6275x01526,017 Evans Groves,South Joshuafort,RI,18521,Bronze,2023-10-19
979,George,Williams,george.williams284@yahoo.com,001-806-901-4579x232,78548 James Ports Suite 872,Lake Angela,MO,70612,Silver,2022-12-12
980,Joseph,Alvarado,joseph.alvarado873@yahoo.com,(519)420-1828x523,197 Cody Cape Apt. 967,Caldwelltown,RI,17425,Silver,2025-01-10
981,Shannon,Smith,shannon.smith735@hotmail.com,+1-671-449-2075x741,379 Wagner Ramp Apt. 585,Lisaland,NE,28158,Platinum,2023-11-24
982,Anna,Mcdonald,anna.mcdonald368@yahoo.com,001-677-536-7724,626 Michael Common,Lake Chad,ME,86108,Bronze,2025-04-29
983,Kevin,Soto,kevin.soto250@outlook.com,+1-802-299-0348x04247,9787 Cassandra Way Suite 571,Rebeccaport,IN,68465,Silver,2025-04-16
984,Anthony,Williams,anthony.williams43@yahoo.com,2363930914,91657 Timothy Crossroad Suite 266,East Michael,PA,20658,Bronze,2025-07-06
985,Martin,Owens,martin.owens428@outlook.com,7016842933,172 Randy Circles,Travismouth,MT,75418,Bronze,2024-07-13
986,Laurie,Martin,laurie.martin417@outlook.com,+1-202-526-2473x650,596 Buck Orchard,Roblesland,MI,33163,Platinum,2023-03-27
987,Cassie,Smith,cassie.smith202@gmail.com,855.940.4231,064 Russell Way,Kevinmouth,NY,64580,Bronze,2025-03-04
988,Douglas,Thornton,douglas.thornton353@yahoo.com,(590)745-3925x2878,675 Shah Fork,West Stephanie,TX,75810,Platinum,2024-07-26
989,James,Wilcox,james.wilcox468@hotmail.com,412-224-7409x8537,30734 Wright Villages,North Henry,IN,55957,Gold,2023-08-27
990,Jerry,Williams,jerry.williams408@gmail.com,+1-670-794-0422,0232 Davis Burgs,Ericksonstad,MI,43003,Silver,2024-04-18
991,Kevin,Miller,kevin.miller136@gmail.com,950.353.4941,5125 William Via,South Kelliland,OR,12445,Bronze,2024-01-16
992,Heather,Garrison,heather.garrison668@yahoo.com,(218)956-3520,7166 Glenn Passage Apt. 463,Port Kristenville,WA,54308,Bronze,2024-06-24
993,Sheila,Edwards,sheila.edwards426@gmail.com,909.301.0146x10392,05986 Contreras Manor Suite 714,Lake Jason,NE,03643,Platinum,2024-11-29
994,Brittney,Johnson,brittney.johnson306@hotmail.com,9964568826,163 Rickey Pass Suite 851,Sarahton,MI,82776,Bronze,2024-11-08
995,Austin,Mendoza,austin.mendoza882@yahoo.com,(964)707-8308x306,720 Emily Way,Sethborough,NH,28128,Silver,2023-01-24
996,Darlene,Reed,darlene.reed123@gmail.com,251.785.7116x456,836 Snow Green Suite 749,South Nicholashaven,VA,55270,Gold,2025-06-20
997,Cathy,Diaz,cathy.diaz254@outlook.com,001-477-830-3167x871,43180 Clark Drive Apt. 025,Royborough,IA,62068,Bronze,2023-01-31
998,Nathan,Kelley,nathan.kelley635@hotmail.com,001-908-809-9839,12402 Moses Highway,Manuelton,MA,39270,Platinum,2025-04-23
999,Stephen,Meyer,stephen.meyer167@yahoo.com,729-649-3074x17996,46163 James Underpass Suite 383,North Anthonyland,LA,29782,Bronze,2024-05-20
1000,Karen,Hernandez,karen.hernandez821@yahoo.com,740.356.7712,351 Moore Junction Apt. 756,North Gabrielbury,AZ,17493,Bronze,2025-06-06
