product_id,sku,product_name,category,subcategory,brand,unit_price,cost,is_active
1,BEV-000001-723,Lays Cold Brew Coffee 48oz,Beverages,Drinks,Lays,5.78,3.68,True
2,SNA-000002-431,Hellmanns Potato Chips Classic 10oz,Snacks,Snacks,Hellmanns,7.01,4.04,True
3,BEV-000003-346,Kirkland Signature Spring Water 24x16.9oz Bottles,Beverages,Drinks,Kirkland Signature,13.59,10.43,True
4,FRO-000004-884,Doritos Vanilla Ice Cream Bars 6ct,Frozen,Frozen,Doritos,4.94,3.47,True
5,DAI-000005-993,Lays Salted Butter Sticks 16oz,Dairy,Dairy,Lays,8.39,6.48,True
6,MEA-000006-508,Dole Ground Pork 1lb,Meat,Butcher,Dole,34.84,24.37,True
7,SNA-000007-353,Coca-Cola Beef Jerky Original 2.85oz,Snacks,Snacks,Coca-Cola,3.92,2.46,True
8,MEA-000008-107,General Mills Deli Ham Sliced 1lb,Meat,Butcher,General Mills,7.12,4.95,True
9,GRO-000009-172,Chiquita Ketchup 20oz,Grocery,Pantry,Chiquita,7.31,4.49,True
10,SNA-000010-690,Heinz Popcorn Microwave Butter 6ct,Snacks,Snacks,Heinz,6.82,4.98,True
11,MEA-000011-774,Coca-Cola Ground Beef 80/20 1lb,Meat,Butcher,Coca-Cola,17.92,11.6,True
12,GRO-000012-761,Wonder Bread Mac & Cheese Dinner 7.25oz,Grocery,Pantry,Wonder Bread,2.44,1.57,True
13,PRO-000013-294,Nestle Baby Spinach 5oz Clamshell,Produce,Fresh,Nestle,7.56,4.4,True
14,FRO-000014-553,Horizon Organic Chicken Nuggets 24oz,Frozen,Frozen,Horizon Organic,12.78,9.55,True
15,SNA-000015-871,Horizon Organic Potato Chips Classic 10oz,Snacks,Snacks,Horizon Organic,11.22,6.6,True
16,MEA-000016-268,Kirkland Signature Ribeye Steak 12oz,Meat,Butcher,Kirkland Signature,16.36,12.71,True
17,FRO-000017-813,Private Selection Frozen Waffles 10ct,Frozen,Frozen,Private Selection,14.5,11.29,True
18,FRO-000018-403,Nestle Frozen Mixed Vegetables 12oz,Frozen,Frozen,Nestle,5.99,3.38,True
19,GRO-000019-158,Chiquita Chicken Broth 32oz,Grocery,Pantry,Chiquita,1.88,1.24,True
20,SNA-000020-620,Kirkland Signature Popcorn Microwave Butter 6ct,Snacks,Snacks,Kirkland Signature,2.23,1.32,True
21,MEA-000021-683,Coca-Cola Ribeye Steak 12oz,Meat,Butcher,Coca-Cola,12.38,8.5,True
22,BAK-000022-635,Heinz Whole Wheat Bread,Bakery,Bakery,Heinz,4.99,3.04,True
23,HOU-000023-505,Tyson Trash Bags Tall Kitchen 80ct,Household,Cleaning,Tyson,8.92,6.23,True
24,PRO-000024-736,365 Whole Foods Organic Bananas Bunch,Produce,Fresh,365 Whole Foods,12.97,10.1,True
25,MEA-000025-235,Tyson Rotisserie Chicken Whole,Meat,Butcher,Tyson,32.99,24.83,True
26,HOU-000026-548,Kraft Paper Plates 40ct,Household,Cleaning,Kraft,30.0,21.35,True
27,SNA-000027-936,Oscar Mayer Potato Chips Classic 10oz,Snacks,Snacks,Oscar Mayer,7.78,5.95,True
28,DAI-000028-209,Coca-Cola Salted Butter Sticks 16oz,Dairy,Dairy,Coca-Cola,9.98,5.85,True
29,MEA-000029-308,Chiquita Ground Pork 1lb,Meat,Butcher,Chiquita,25.61,19.11,True
30,BEV-000030-749,Horizon Organic Coca-Cola Classic 12x12oz Cans,Beverages,Drinks,Horizon Organic,8.36,5.13,True
31,DAI-000031-265,Tyson Almond Milk Unsweetened 64oz,Dairy,Dairy,Tyson,9.96,6.74,True
32,GRO-000032-807,Horizon Organic Spaghetti Pasta 16oz,Grocery,Pantry,Horizon Organic,11.87,8.02,True
33,SNA-000033-230,Private Selection Popcorn Microwave Butter 6ct,Snacks,Snacks,Private Selection,1.78,1.13,True
34,GRO-000034-315,Bounty Mayonnaise 30oz,Grocery,Pantry,Bounty,9.27,6.52,True
35,SNA-000035-867,Hellmanns Chocolate Bar Milk 1.55oz,Snacks,Snacks,Hellmanns,3.1,2.37,True
36,DAI-000036-283,Great Value Mozzarella Shredded 8oz,Dairy,Dairy,Great Value,9.91,6.21,True
37,MEA-000037-906,Kraft Bacon Sliced 12oz,Meat,Butcher,Kraft,26.03,16.61,True
38,FRO-000038-936,Nestle Chicken Nuggets 24oz,Frozen,Frozen,Nestle,14.05,8.86,True
39,MEA-000039-775,Great Value Pork Chops Bone-In 1lb,Meat,Butcher,Great Value,10.78,6.74,True
40,BEV-000040-621,Wonder Bread Green Tea Bags 20ct,Beverages,Drinks,Wonder Bread,8.09,6.28,True
41,GRO-000041-282,Tyson Spaghetti Pasta 16oz,Grocery,Pantry,Tyson,8.08,6.27,True
42,BAK-000042-546,Chiquita Blueberry Muffins 4ct,Bakery,Bakery,Chiquita,8.38,5.59,True
43,MEA-000043-825,Kirkland Signature Bacon Sliced 12oz,Meat,Butcher,Kirkland Signature,18.07,12.1,True
44,MEA-000044-171,Private Selection Ground Turkey 1lb,Meat,Butcher,Private Selection,33.46,25.49,True
45,PRO-000045-619,Dole Clementines 3lb Bag,Produce,Fresh,Dole,4.91,3.16,True
46,BEV-000046-296,Pepsi Apple Juice 64oz Bottle,Beverages,Drinks,Pepsi,8.33,6.38,True
47,DAI-000047-408,Heinz Vanilla Ice Cream Gallon,Dairy,Dairy,Heinz,6.04,4.48,True
48,MEA-000048-721,Heinz Ribeye Steak 12oz,Meat,Butcher,Heinz,24.63,16.18,True
49,MEA-000049-912,Nature Valley Rotisserie Chicken Whole,Meat,Butcher,Nature Valley,32.03,23.48,True
50,PRO-000050-779,Lays Roma Tomatoes 2lb Package,Produce,Fresh,Lays,8.7,5.46,True
51,MEA-000051-330,Dole Chicken Thighs Family Pack,Meat,Butcher,Dole,29.19,17.04,True
52,FRO-000052-524,365 Whole Foods Vanilla Ice Cream Bars 6ct,Frozen,Frozen,365 Whole Foods,13.68,9.34,True
53,BAK-000053-349,Tide Cinnamon Rolls 8ct,Bakery,Bakery,Tide,3.02,2.14,True
54,PRO-000054-324,Private Selection Romaine Hearts 3ct,Produce,Fresh,Private Selection,3.35,2.58,True
55,GRO-000055-968,General Mills Granulated Sugar 4lb Bag,Grocery,Pantry,General Mills,2.71,1.57,True
56,SNA-000056-424,Hellmanns Cookies Sandwich 15.25oz,Snacks,Snacks,Hellmanns,12.41,9.37,True
57,SNA-000057-556,Doritos Chocolate Bar Milk 1.55oz,Snacks,Snacks,Doritos,11.79,8.5,True
58,BEV-000058-383,Wonder Bread Spring Water 24x16.9oz Bottles,Beverages,Drinks,Wonder Bread,12.3,8.24,True
59,BEV-000059-830,Horizon Organic Sparkling Water Lime 8x12oz,Beverages,Drinks,Horizon Organic,6.78,4.15,True
60,SNA-000060-254,Pepsi Tortilla Chips Restaurant Style 13oz,Snacks,Snacks,Pepsi,4.0,2.84,True
61,PRO-000061-438,Private Selection Russet Potatoes 5lb Bag,Produce,Fresh,Private Selection,7.64,4.93,True
62,BAK-000062-812,Heinz Tortillas Flour 10ct,Bakery,Bakery,Heinz,1.52,1.14,True
63,FRO-000063-405,Bounty Frozen Pizza Pepperoni 12in,Frozen,Frozen,Bounty,12.15,9.07,False
64,BAK-000064-919,Doritos Baguette French,Bakery,Bakery,Doritos,8.35,5.02,True
65,BAK-000065-498,Great Value Cinnamon Rolls 8ct,Bakery,Bakery,Great Value,5.22,3.69,True
66,DAI-000066-737,Pepsi Half and Half Quart,Dairy,Dairy,Pepsi,7.54,5.72,True
67,GRO-000067-538,Wonder Bread Spaghetti Pasta 16oz,Grocery,Pantry,Wonder Bread,2.88,1.89,True
68,BAK-000068-565,Nestle Blueberry Muffins 4ct,Bakery,Bakery,Nestle,5.11,3.71,True
69,BAK-000069-581,Horizon Organic Donuts Glazed 12ct,Bakery,Bakery,Horizon Organic,1.52,1.02,False
70,HOU-000070-170,Wonder Bread Trash Bags Tall Kitchen 80ct,Household,Cleaning,Wonder Bread,28.43,19.9,True
71,MEA-000071-736,Great Value Pork Chops Bone-In 1lb,Meat,Butcher,Great Value,9.56,5.54,True
72,MEA-000072-362,Folgers Italian Sausage Links 12oz,Meat,Butcher,Folgers,28.0,16.48,True
73,PRO-000073-418,Kraft Romaine Hearts 3ct,Produce,Fresh,Kraft,2.55,1.42,True
74,BAK-000074-303,Folgers Tortillas Flour 10ct,Bakery,Bakery,Folgers,2.18,1.55,True
75,PRO-000075-970,Dole Clementines 3lb Bag,Produce,Fresh,Dole,9.3,6.84,True
76,GRO-000076-538,Doritos Olive Oil Extra Virgin 16.9oz,Grocery,Pantry,Doritos,9.03,5.11,True
77,GRO-000077-942,Private Selection Ketchup 20oz,Grocery,Pantry,Private Selection,7.03,4.57,True
78,FRO-000078-280,Private Selection Frozen Mixed Vegetables 12oz,Frozen,Frozen,Private Selection,11.93,9.21,True
79,SNA-000079-546,365 Whole Foods Beef Jerky Original 2.85oz,Snacks,Snacks,365 Whole Foods,10.95,7.51,True
80,MEA-000080-561,Tyson Ground Beef 80/20 1lb,Meat,Butcher,Tyson,12.31,8.09,True
81,BAK-000081-606,Great Value Blueberry Muffins 4ct,Bakery,Bakery,Great Value,11.25,6.66,True
82,BEV-000082-710,Tyson Green Tea Bags 20ct,Beverages,Drinks,Tyson,11.55,7.09,True
83,MEA-000083-837,General Mills Ground Beef 80/20 1lb,Meat,Butcher,General Mills,17.18,11.64,True
84,FRO-000084-911,365 Whole Foods Frozen Berries Blend 16oz,Frozen,Frozen,365 Whole Foods,3.69,2.28,True
85,MEA-000085-695,Oscar Mayer Bacon Sliced 12oz,Meat,Butcher,Oscar Mayer,16.06,10.88,True
86,SNA-000086-819,Bounty Granola Bars Chewy 6ct,Snacks,Snacks,Bounty,6.6,4.1,True
87,MEA-000087-860,Coca-Cola Ground Turkey 1lb,Meat,Butcher,Coca-Cola,21.07,15.28,True
88,MEA-000088-383,Nature Valley Ground Pork 1lb,Meat,Butcher,Nature Valley,26.73,20.71,True
89,BEV-000089-403,Nestle Pepsi Cola 12x12oz Cans,Beverages,Drinks,Nestle,6.11,3.61,True
90,SNA-000090-146,Tyson Popcorn Microwave Butter 6ct,Snacks,Snacks,Tyson,12.69,8.59,True
91,DAI-000091-205,Nature Valley Almond Milk Unsweetened 64oz,Dairy,Dairy,Nature Valley,11.5,7.84,True
92,FRO-000092-152,Kraft French Fries Crinkle 32oz,Frozen,Frozen,Kraft,6.39,4.78,True
93,PRO-000093-175,Nature Valley Russet Potatoes 5lb Bag,Produce,Fresh,Nature Valley,8.04,5.69,True
94,BEV-000094-221,General Mills Pepsi Cola 12x12oz Cans,Beverages,Drinks,General Mills,9.91,6.4,True
95,MEA-000095-561,Tide Rotisserie Chicken Whole,Meat,Butcher,Tide,32.25,19.94,True
96,BAK-000096-735,Heinz Donuts Glazed 12ct,Bakery,Bakery,Heinz,1.99,1.53,True
97,MEA-000097-370,Nestle Chicken Thighs Family Pack,Meat,Butcher,Nestle,24.8,14.54,True
98,PRO-000098-518,Great Value Gala Apples 3lb Bag,Produce,Fresh,Great Value,6.56,4.5,True
99,MEA-000099-389,Folgers Bacon Sliced 12oz,Meat,Butcher,Folgers,26.08,17.07,True
100,BEV-000100-777,Heinz Cold Brew Coffee 48oz,Beverages,Drinks,Heinz,12.73,7.58,True
101,MEA-000101-372,Pepsi Chicken Thighs Family Pack,Meat,Butcher,Pepsi,29.79,16.87,True
102,BEV-000102-395,Heinz Sports Drink Variety 6x20oz,Beverages,Drinks,Heinz,8.54,5.62,True
103,BAK-000103-652,Lays Donuts Glazed 12ct,Bakery,Bakery,Lays,7.07,4.02,True
104,BAK-000104-356,Hellmanns Blueberry Muffins 4ct,Bakery,Bakery,Hellmanns,1.59,0.96,True
105,GRO-000105-941,Oscar Mayer Salsa Medium 16oz,Grocery,Pantry,Oscar Mayer,4.44,2.48,True
106,FRO-000106-552,Wonder Bread Frozen Lasagna Family Size,Frozen,Frozen,Wonder Bread,14.02,8.3,True
107,FRO-000107-456,Nature Valley Vanilla Ice Cream Bars 6ct,Frozen,Frozen,Nature Valley,8.19,5.11,True
108,DAI-000108-810,Private Selection Sour Cream 16oz,Dairy,Dairy,Private Selection,7.09,4.98,True
109,SNA-000109-190,365 Whole Foods Potato Chips Classic 10oz,Snacks,Snacks,365 Whole Foods,4.97,3.1,False
110,BAK-000110-773,Great Value Baguette French,Bakery,Bakery,Great Value,11.46,7.52,True
111,SNA-000111-874,Hellmanns Granola Bars Chewy 6ct,Snacks,Snacks,Hellmanns,7.12,4.64,True
112,BEV-000112-394,Pepsi Apple Juice 64oz Bottle,Beverages,Drinks,Pepsi,8.53,6.06,True
113,MEA-000113-418,Kraft Ground Pork 1lb,Meat,Butcher,Kraft,21.52,14.57,True
114,PRO-000114-763,Coca-Cola Fresh Strawberries 16oz,Produce,Fresh,Coca-Cola,11.03,7.33,True
115,SNA-000115-954,Private Selection Mixed Nuts Roasted 15oz,Snacks,Snacks,Private Selection,6.94,4.57,True
116,DAI-000116-713,Nestle Mozzarella Shredded 8oz,Dairy,Dairy,Nestle,7.24,5.45,True
117,BEV-000117-906,Chiquita Energy Drink Original 4x16oz,Beverages,Drinks,Chiquita,9.33,6.89,True
118,BEV-000118-775,Heinz Sports Drink Variety 6x20oz,Beverages,Drinks,Heinz,9.12,5.33,True
119,HOU-000119-881,Doritos Surface Cleaner Spray 22oz,Household,Cleaning,Doritos,21.29,13.94,True
120,MEA-000120-685,General Mills Ground Pork 1lb,Meat,Butcher,General Mills,16.48,12.31,True
121,HOU-000121-822,Nature Valley Fabric Softener 60oz,Household,Cleaning,Nature Valley,32.39,20.65,False
122,DAI-000122-229,Kirkland Signature Half and Half Quart,Dairy,Dairy,Kirkland Signature,7.17,4.92,True
123,FRO-000123-567,Lays Vanilla Ice Cream Bars 6ct,Frozen,Frozen,Lays,3.67,2.14,True
124,DAI-000124-900,Nature Valley Large Grade A Eggs 12ct,Dairy,Dairy,Nature Valley,12.63,7.93,True
125,PRO-000125-972,Chiquita Cucumber 3ct,Produce,Fresh,Chiquita,9.18,6.18,False
126,FRO-000126-732,Kirkland Signature Frozen Lasagna Family Size,Frozen,Frozen,Kirkland Signature,4.28,2.98,True
127,MEA-000127-544,Horizon Organic Ground Pork 1lb,Meat,Butcher,Horizon Organic,34.34,24.89,True
128,PRO-000128-810,Kraft Fresh Strawberries 16oz,Produce,Fresh,Kraft,4.79,2.67,True
129,GRO-000129-483,Bounty Canned Black Beans 15oz,Grocery,Pantry,Bounty,6.33,3.84,True
130,DAI-000130-180,Kraft Sharp Cheddar Cheese Block 8oz,Dairy,Dairy,Kraft,8.42,5.37,True
131,FRO-000131-572,General Mills Frozen Mixed Vegetables 12oz,Frozen,Frozen,General Mills,10.83,7.1,True
132,FRO-000132-659,Oscar Mayer Frozen Waffles 10ct,Frozen,Frozen,Oscar Mayer,5.31,3.46,True
133,BEV-000133-806,Private Selection Cold Brew Coffee 48oz,Beverages,Drinks,Private Selection,6.37,4.74,True
134,BAK-000134-342,Coca-Cola Cinnamon Rolls 8ct,Bakery,Bakery,Coca-Cola,5.75,3.64,True
135,BEV-000135-505,Oscar Mayer Coca-Cola Classic 12x12oz Cans,Beverages,Drinks,Oscar Mayer,6.65,4.52,True
136,GRO-000136-863,Hellmanns Mayonnaise 30oz,Grocery,Pantry,Hellmanns,7.1,5.38,True
137,MEA-000137-324,Bounty Deli Ham Sliced 1lb,Meat,Butcher,Bounty,24.09,16.69,True
138,DAI-000138-742,Coca-Cola Almond Milk Unsweetened 64oz,Dairy,Dairy,Coca-Cola,8.85,5.5,True
139,HOU-000139-192,Pepsi Fabric Softener 60oz,Household,Cleaning,Pepsi,32.28,20.18,True
140,MEA-000140-997,Doritos Atlantic Salmon Fillet 1lb,Meat,Butcher,Doritos,34.13,22.94,True
141,DAI-000141-925,Nature Valley Salted Butter Sticks 16oz,Dairy,Dairy,Nature Valley,4.74,3.56,True
142,FRO-000142-872,Pepsi Vanilla Ice Cream Bars 6ct,Frozen,Frozen,Pepsi,14.6,10.92,True
143,BAK-000143-192,Bounty Baguette French,Bakery,Bakery,Bounty,10.54,5.83,True
144,FRO-000144-866,Oscar Mayer French Fries Crinkle 32oz,Frozen,Frozen,Oscar Mayer,11.22,7.68,True
145,HOU-000145-339,Oscar Mayer Laundry Detergent Liquid 100oz,Household,Cleaning,Oscar Mayer,19.13,13.25,True
146,HOU-000146-763,General Mills Batteries AA 24ct,Household,Cleaning,General Mills,6.89,5.1,True
147,BEV-000147-219,Private Selection Cold Brew Coffee 48oz,Beverages,Drinks,Private Selection,5.1,3.91,True
148,FRO-000148-340,Coca-Cola Vanilla Ice Cream Bars 6ct,Frozen,Frozen,Coca-Cola,13.69,7.96,True
149,SNA-000149-860,Heinz Chocolate Bar Milk 1.55oz,Snacks,Snacks,Heinz,9.79,7.38,True
150,FRO-000150-133,Tyson Fish Sticks 15oz,Frozen,Frozen,Tyson,11.43,6.86,True
151,MEA-000151-802,Coca-Cola Ground Turkey 1lb,Meat,Butcher,Coca-Cola,16.01,12.13,True
152,GRO-000152-294,Tyson Honey Wheat Bread Loaf,Grocery,Pantry,Tyson,12.62,9.7,True
153,PRO-000153-757,Nestle Green Seedless Grapes 2lb,Produce,Fresh,Nestle,8.77,6.78,True
154,HOU-000154-905,Pepsi Trash Bags Tall Kitchen 80ct,Household,Cleaning,Pepsi,21.93,12.41,True
155,MEA-000155-932,Nestle Deli Ham Sliced 1lb,Meat,Butcher,Nestle,31.08,19.44,True
156,GRO-000156-233,Pepsi Canned Black Beans 15oz,Grocery,Pantry,Pepsi,7.61,5.58,True
157,GRO-000157-466,Great Value Peanut Butter Creamy 16oz,Grocery,Pantry,Great Value,10.53,6.37,True
158,DAI-000158-229,Kirkland Signature Salted Butter Sticks 16oz,Dairy,Dairy,Kirkland Signature,9.97,6.69,True
159,FRO-000159-625,Bounty Frozen Berries Blend 16oz,Frozen,Frozen,Bounty,10.32,6.75,True
160,GRO-000160-633,Oscar Mayer Chicken Broth 32oz,Grocery,Pantry,Oscar Mayer,4.82,3.36,True
161,FRO-000161-802,Private Selection Fish Sticks 15oz,Frozen,Frozen,Private Selection,4.73,3.38,True
162,PRO-000162-251,Hellmanns Yellow Onions 3lb Bag,Produce,Fresh,Hellmanns,2.06,1.26,True
163,SNA-000163-711,Tide Granola Bars Chewy 6ct,Snacks,Snacks,Tide,7.5,4.91,True
164,PRO-000164-217,Folgers Romaine Hearts 3ct,Produce,Fresh,Folgers,11.27,7.89,True
165,MEA-000165-333,365 Whole Foods Ribeye Steak 12oz,Meat,Butcher,365 Whole Foods,17.4,12.88,True
166,PRO-000166-420,Private Selection Yellow Onions 3lb Bag,Produce,Fresh,Private Selection,9.07,5.77,True
167,FRO-000167-951,Horizon Organic Vanilla Ice Cream Bars 6ct,Frozen,Frozen,Horizon Organic,4.47,2.9,True
168,HOU-000168-161,Doritos Dish Soap Liquid 24oz,Household,Cleaning,Doritos,22.58,15.34,True
169,PRO-000169-994,Bounty Russet Potatoes 5lb Bag,Produce,Fresh,Bounty,9.07,6.55,True
170,GRO-000170-419,Hellmanns Canned Black Beans 15oz,Grocery,Pantry,Hellmanns,5.4,3.69,True
171,FRO-000171-458,Coca-Cola Chicken Nuggets 24oz,Frozen,Frozen,Coca-Cola,13.21,8.38,True
172,MEA-000172-885,Doritos Ribeye Steak 12oz,Meat,Butcher,Doritos,29.54,20.42,True
173,GRO-000173-949,Oscar Mayer All-Purpose Flour 5lb Bag,Grocery,Pantry,Oscar Mayer,9.4,5.23,True
174,BEV-000174-106,Bounty Green Tea Bags 20ct,Beverages,Drinks,Bounty,5.58,3.25,True
175,PRO-000175-131,Wonder Bread Gala Apples 3lb Bag,Produce,Fresh,Wonder Bread,2.36,1.59,True
176,FRO-000176-478,Kraft French Fries Crinkle 32oz,Frozen,Frozen,Kraft,7.07,4.42,True
177,PRO-000177-259,Kirkland Signature Blueberries 6oz,Produce,Fresh,Kirkland Signature,3.13,2.17,True
178,BEV-000178-534,Oscar Mayer Sparkling Water Lime 8x12oz,Beverages,Drinks,Oscar Mayer,9.08,5.92,True
179,SNA-000179-540,Bounty Tortilla Chips Restaurant Style 13oz,Snacks,Snacks,Bounty,2.59,1.83,True
180,SNA-000180-325,Kirkland Signature Mixed Nuts Roasted 15oz,Snacks,Snacks,Kirkland Signature,5.91,4.07,True
181,BEV-000181-882,Pepsi Spring Water 24x16.9oz Bottles,Beverages,Drinks,Pepsi,6.43,4.02,True
182,BAK-000182-489,Pepsi Chocolate Chip Cookies 12ct,Bakery,Bakery,Pepsi,7.52,4.53,True
183,HOU-000183-982,Tide Laundry Detergent Liquid 100oz,Household,Cleaning,Tide,27.25,17.72,True
184,PRO-000184-689,Chiquita Cucumber 3ct,Produce,Fresh,Chiquita,6.31,4.06,True
185,BEV-000185-121,Tide Pepsi Cola 12x12oz Cans,Beverages,Drinks,Tide,14.6,8.61,True
186,FRO-000186-547,Horizon Organic French Fries Crinkle 32oz,Frozen,Frozen,Horizon Organic,13.2,8.0,True
187,SNA-000187-991,Tide Tortilla Chips Restaurant Style 13oz,Snacks,Snacks,Tide,4.92,3.09,True
188,DAI-000188-748,Lays Large Grade A Eggs 12ct,Dairy,Dairy,Lays,2.62,1.75,True
189,HOU-000189-934,Wonder Bread Surface Cleaner Spray 22oz,Household,Cleaning,Wonder Bread,9.42,5.4,True
190,DAI-000190-878,Pepsi Vanilla Ice Cream Gallon,Dairy,Dairy,Pepsi,10.17,5.77,False
191,FRO-000191-878,Heinz Frozen Berries Blend 16oz,Frozen,Frozen,Heinz,10.15,7.17,True
192,HOU-000192-254,Chiquita Mop Refills 2ct,Household,Cleaning,Chiquita,18.18,11.96,True
193,BEV-000193-460,Kirkland Signature Sports Drink Variety 6x20oz,Beverages,Drinks,Kirkland Signature,9.32,5.79,True
194,GRO-000194-178,Dole Olive Oil Extra Virgin 16.9oz,Grocery,Pantry,Dole,8.83,6.84,True
195,SNA-000195-694,365 Whole Foods Chocolate Bar Milk 1.55oz,Snacks,Snacks,365 Whole Foods,7.78,5.7,True
196,FRO-000196-719,Chiquita Chicken Nuggets 24oz,Frozen,Frozen,Chiquita,8.96,5.24,True
197,PRO-000197-831,Chiquita Romaine Hearts 3ct,Produce,Fresh,Chiquita,2.28,1.59,True
198,FRO-000198-635,Lays Frozen Berries Blend 16oz,Frozen,Frozen,Lays,10.5,6.65,True
199,BAK-000199-795,Chiquita Tortillas Flour 10ct,Bakery,Bakery,Chiquita,8.29,6.06,True
200,PRO-000200-671,Coca-Cola Yellow Onions 3lb Bag,Produce,Fresh,Coca-Cola,9.23,5.68,True
201,DAI-000201-696,Horizon Organic Sour Cream 16oz,Dairy,Dairy,Horizon Organic,9.05,6.89,True
202,BAK-000202-825,Hellmanns Chocolate Chip Cookies 12ct,Bakery,Bakery,Hellmanns,12.26,7.62,True
203,HOU-000203-819,Oscar Mayer Dish Soap Liquid 24oz,Household,Cleaning,Oscar Mayer,29.86,21.5,True
204,SNA-000204-786,Wonder Bread Tortilla Chips Restaurant Style 13oz,Snacks,Snacks,Wonder Bread,6.24,3.95,True
205,DAI-000205-884,Chiquita Greek Yogurt Plain 32oz,Dairy,Dairy,Chiquita,6.98,4.2,True
206,PRO-000206-619,Coca-Cola Roma Tomatoes 2lb Package,Produce,Fresh,Coca-Cola,10.31,7.65,True
207,GRO-000207-997,Chiquita Mac & Cheese Dinner 7.25oz,Grocery,Pantry,Chiquita,10.26,5.95,True
208,DAI-000208-889,Folgers Sharp Cheddar Cheese Block 8oz,Dairy,Dairy,Folgers,8.6,6.52,True
209,GRO-000209-792,Bounty Honey Wheat Bread Loaf,Grocery,Pantry,Bounty,9.71,7.51,True
210,FRO-000210-344,Doritos Chicken Nuggets 24oz,Frozen,Frozen,Doritos,7.05,5.19,True
211,MEA-000211-684,Oscar Mayer Ground Turkey 1lb,Meat,Butcher,Oscar Mayer,34.52,22.65,True
212,BAK-000212-528,Lays Baguette French,Bakery,Bakery,Lays,12.6,9.3,True
213,DAI-000213-756,Kirkland Signature Salted Butter Sticks 16oz,Dairy,Dairy,Kirkland Signature,6.91,4.39,True
214,SNA-000214-185,Dole Tortilla Chips Restaurant Style 13oz,Snacks,Snacks,Dole,10.22,6.26,True
215,DAI-000215-327,Horizon Organic Mozzarella Shredded 8oz,Dairy,Dairy,Horizon Organic,10.85,8.18,True
216,BAK-000216-614,Tide Croissants 4ct,Bakery,Bakery,Tide,5.67,3.62,True
217,MEA-000217-201,Chiquita Boneless Chicken Breast 1lb,Meat,Butcher,Chiquita,30.17,21.1,True
218,DAI-000218-949,Dole Whole Milk Gallon,Dairy,Dairy,Dole,6.82,5.05,True
219,FRO-000219-105,Hellmanns Frozen Berries Blend 16oz,Frozen,Frozen,Hellmanns,13.91,7.71,True
220,DAI-000220-640,Hellmanns Cream Cheese 8oz Bar,Dairy,Dairy,Hellmanns,6.24,4.55,True
221,PRO-000221-529,General Mills Organic Bananas Bunch,Produce,Fresh,General Mills,8.77,6.08,True
222,FRO-000222-747,Great Value Frozen Lasagna Family Size,Frozen,Frozen,Great Value,9.42,5.71,True
223,BAK-000223-461,Hellmanns Croissants 4ct,Bakery,Bakery,Hellmanns,4.1,2.65,True
224,PRO-000224-169,Bounty Organic Carrots 2lb Bag,Produce,Fresh,Bounty,12.44,8.4,True
225,SNA-000225-499,Great Value Cookies Sandwich 15.25oz,Snacks,Snacks,Great Value,11.51,6.45,True
226,HOU-000226-465,Great Value Paper Plates 40ct,Household,Cleaning,Great Value,28.65,18.03,True
227,PRO-000227-852,Heinz Romaine Hearts 3ct,Produce,Fresh,Heinz,10.14,5.89,True
228,HOU-000228-950,Kraft Mop Refills 2ct,Household,Cleaning,Kraft,28.36,18.63,True
229,DAI-000229-164,Pepsi Cottage Cheese 16oz,Dairy,Dairy,Pepsi,9.67,7.42,True
230,MEA-000230-142,Nestle Boneless Chicken Breast 1lb,Meat,Butcher,Nestle,14.46,8.98,True
231,SNA-000231-137,Tyson Beef Jerky Original 2.85oz,Snacks,Snacks,Tyson,10.1,6.0,True
232,GRO-000232-439,Wonder Bread Ketchup 20oz,Grocery,Pantry,Wonder Bread,4.49,3.29,True
233,BAK-000233-447,Tide Cinnamon Rolls 8ct,Bakery,Bakery,Tide,12.68,8.42,True
234,SNA-000234-844,Horizon Organic Mixed Nuts Roasted 15oz,Snacks,Snacks,Horizon Organic,6.26,4.06,False
235,DAI-000235-428,Dole Cream Cheese 8oz Bar,Dairy,Dairy,Dole,2.49,1.56,True
236,FRO-000236-806,Kraft Fish Sticks 15oz,Frozen,Frozen,Kraft,8.59,5.61,True
237,HOU-000237-381,Private Selection Batteries AA 24ct,Household,Cleaning,Private Selection,24.17,17.69,True
238,BAK-000238-920,Lays Blueberry Muffins 4ct,Bakery,Bakery,Lays,10.06,5.9,True
239,FRO-000239-168,Pepsi Frozen Pizza Pepperoni 12in,Frozen,Frozen,Pepsi,6.2,4.33,True
240,GRO-000240-795,Pepsi All-Purpose Flour 5lb Bag,Grocery,Pantry,Pepsi,6.55,4.16,True
241,PRO-000241-642,Pepsi Lemons 2lb Bag,Produce,Fresh,Pepsi,5.58,3.47,True
242,PRO-000242-611,Kraft Organic Bananas Bunch,Produce,Fresh,Kraft,7.35,5.59,True
243,BEV-000243-726,Nestle Sparkling Water Lime 8x12oz,Beverages,Drinks,Nestle,6.77,5.15,True
244,PRO-000244-562,Horizon Organic Gala Apples 3lb Bag,Produce,Fresh,Horizon Organic,3.31,2.36,False
245,HOU-000245-826,Bounty Mop Refills 2ct,Household,Cleaning,Bounty,6.94,4.68,True
246,DAI-000246-817,Folgers String Cheese 12ct,Dairy,Dairy,Folgers,8.75,6.41,True
247,PRO-000247-342,Pepsi Baby Spinach 5oz Clamshell,Produce,Fresh,Pepsi,10.54,5.86,True
248,HOU-000248-232,Doritos Aluminum Foil 200sq ft,Household,Cleaning,Doritos,23.35,13.31,True
249,FRO-000249-887,Private Selection Frozen Lasagna Family Size,Frozen,Frozen,Private Selection,8.2,5.59,True
250,HOU-000250-560,Horizon Organic Mop Refills 2ct,Household,Cleaning,Horizon Organic,18.96,12.68,True
251,SNA-000251-543,Pepsi Popcorn Microwave Butter 6ct,Snacks,Snacks,Pepsi,7.17,5.38,True
252,SNA-000252-268,Dole Popcorn Microwave Butter 6ct,Snacks,Snacks,Dole,3.19,2.44,True
253,SNA-000253-356,Horizon Organic Mixed Nuts Roasted 15oz,Snacks,Snacks,Horizon Organic,3.59,2.76,True
254,BEV-000254-195,Doritos Sports Drink Variety 6x20oz,Beverages,Drinks,Doritos,9.27,5.46,True
255,DAI-000255-739,Oscar Mayer Sharp Cheddar Cheese Block 8oz,Dairy,Dairy,Oscar Mayer,9.72,6.7,True
256,GRO-000256-183,Great Value Ketchup 20oz,Grocery,Pantry,Great Value,1.82,1.27,True
257,MEA-000257-732,Private Selection Deli Ham Sliced 1lb,Meat,Butcher,Private Selection,24.16,16.06,True
258,BEV-000258-594,Dole Cold Brew Coffee 48oz,Beverages,Drinks,Dole,6.31,4.64,True
259,FRO-000259-161,Folgers Vanilla Ice Cream Bars 6ct,Frozen,Frozen,Folgers,5.31,3.43,True
260,HOU-000260-420,Pepsi Batteries AA 24ct,Household,Cleaning,Pepsi,30.83,19.22,False
261,HOU-000261-878,Pepsi Sponges Scrub 6ct,Household,Cleaning,Pepsi,16.11,10.94,True
262,FRO-000262-560,Tyson Vanilla Ice Cream Bars 6ct,Frozen,Frozen,Tyson,6.34,3.63,True
263,BAK-000263-354,Private Selection Whole Wheat Bread,Bakery,Bakery,Private Selection,12.55,9.51,True
264,HOU-000264-610,Kraft Trash Bags Tall Kitchen 80ct,Household,Cleaning,Kraft,34.87,22.92,True
265,FRO-000265-502,Horizon Organic Frozen Pizza Pepperoni 12in,Frozen,Frozen,Horizon Organic,9.3,7.18,True
266,HOU-000266-388,Kirkland Signature Paper Towels 6 Rolls,Household,Cleaning,Kirkland Signature,19.84,14.94,True
267,FRO-000267-108,Doritos Frozen Waffles 10ct,Frozen,Frozen,Doritos,13.23,8.59,True
268,HOU-000268-146,Bounty Sponges Scrub 6ct,Household,Cleaning,Bounty,17.01,11.59,True
269,SNA-000269-495,Horizon Organic Mixed Nuts Roasted 15oz,Snacks,Snacks,Horizon Organic,7.19,5.22,True
270,PRO-000270-503,Coca-Cola Gala Apples 3lb Bag,Produce,Fresh,Coca-Cola,5.66,4.4,True
271,HOU-000271-716,Nestle Dish Soap Liquid 24oz,Household,Cleaning,Nestle,20.26,13.47,True
272,DAI-000272-923,Chiquita String Cheese 12ct,Dairy,Dairy,Chiquita,6.83,4.47,True
273,SNA-000273-727,Chiquita Popcorn Microwave Butter 6ct,Snacks,Snacks,Chiquita,5.02,3.21,True
274,BEV-000274-619,Chiquita Sports Drink Variety 6x20oz,Beverages,Drinks,Chiquita,13.02,8.76,True
275,BEV-000275-477,Great Value Sparkling Water Lime 8x12oz,Beverages,Drinks,Great Value,7.3,4.2,True
276,BEV-000276-711,Great Value Cold Brew Coffee 48oz,Beverages,Drinks,Great Value,8.95,6.91,True
277,MEA-000277-697,Kirkland Signature Ground Pork 1lb,Meat,Butcher,Kirkland Signature,19.4,13.01,True
278,BAK-000278-348,Oscar Mayer Chocolate Chip Cookies 12ct,Bakery,Bakery,Oscar Mayer,1.66,1.28,True
279,GRO-000279-528,Chiquita Corn Flakes Cereal 12oz,Grocery,Pantry,Chiquita,3.06,2.17,True
280,FRO-000280-241,Folgers Frozen Pizza Pepperoni 12in,Frozen,Frozen,Folgers,9.45,6.42,False
281,FRO-000281-421,Tide Frozen Lasagna Family Size,Frozen,Frozen,Tide,14.49,9.5,True
282,SNA-000282-890,Oscar Mayer Granola Bars Chewy 6ct,Snacks,Snacks,Oscar Mayer,11.44,8.08,True
283,BEV-000283-296,Nature Valley Sports Drink Variety 6x20oz,Beverages,Drinks,Nature Valley,14.5,8.91,True
284,BEV-000284-312,Folgers Coffee Ground Medium Roast 12oz,Beverages,Drinks,Folgers,11.43,7.57,True
285,SNA-000285-224,Dole Mixed Nuts Roasted 15oz,Snacks,Snacks,Dole,8.0,5.4,True
286,BAK-000286-397,Pepsi Blueberry Muffins 4ct,Bakery,Bakery,Pepsi,1.78,1.37,True
287,FRO-000287-319,Nature Valley Frozen Waffles 10ct,Frozen,Frozen,Nature Valley,5.81,3.92,True
288,BEV-000288-730,Coca-Cola Orange Juice Pulp Free 52oz,Beverages,Drinks,Coca-Cola,12.01,7.27,True
289,SNA-000289-338,Wonder Bread Pretzels Mini 16oz,Snacks,Snacks,Wonder Bread,1.9,1.23,True
290,PRO-000290-105,Pepsi Green Seedless Grapes 2lb,Produce,Fresh,Pepsi,12.57,9.74,True
291,FRO-000291-304,Wonder Bread Frozen Berries Blend 16oz,Frozen,Frozen,Wonder Bread,12.18,7.5,True
292,GRO-000292-767,Horizon Organic Mayonnaise 30oz,Grocery,Pantry,Horizon Organic,8.01,5.39,True
293,GRO-000293-527,Kraft Mayonnaise 30oz,Grocery,Pantry,Kraft,11.61,6.85,True
294,BAK-000294-866,Kraft Cinnamon Rolls 8ct,Bakery,Bakery,Kraft,12.55,9.58,True
295,GRO-000295-717,Heinz Canned Black Beans 15oz,Grocery,Pantry,Heinz,2.55,1.98,True
296,SNA-000296-237,Nature Valley Cookies Sandwich 15.25oz,Snacks,Snacks,Nature Valley,11.25,7.4,True
297,PRO-000297-848,Kraft Yellow Onions 3lb Bag,Produce,Fresh,Kraft,6.66,4.06,True
298,HOU-000298-790,Heinz Paper Plates 40ct,Household,Cleaning,Heinz,27.71,16.36,True
299,BAK-000299-435,Lays Tortillas Flour 10ct,Bakery,Bakery,Lays,2.3,1.62,True
300,DAI-000300-354,Chiquita Half and Half Quart,Dairy,Dairy,Chiquita,1.37,0.87,True
301,BEV-000301-696,Dole Green Tea Bags 20ct,Beverages,Drinks,Dole,11.8,6.52,True
302,MEA-000302-221,Oscar Mayer Boneless Chicken Breast 1lb,Meat,Butcher,Oscar Mayer,18.95,11.12,True
303,BEV-000303-402,Wonder Bread Pepsi Cola 12x12oz Cans,Beverages,Drinks,Wonder Bread,7.72,4.64,False
304,FRO-000304-865,365 Whole Foods Frozen Mixed Vegetables 12oz,Frozen,Frozen,365 Whole Foods,14.86,9.45,True
305,FRO-000305-945,Oscar Mayer Frozen Lasagna Family Size,Frozen,Frozen,Oscar Mayer,6.0,3.64,True
306,PRO-000306-640,365 Whole Foods Organic Carrots 2lb Bag,Produce,Fresh,365 Whole Foods,9.52,5.41,True
307,GRO-000307-617,Doritos Ketchup 20oz,Grocery,Pantry,Doritos,3.66,2.46,True
308,SNA-000308-796,Coca-Cola Beef Jerky Original 2.85oz,Snacks,Snacks,Coca-Cola,3.69,2.52,True
309,SNA-000309-564,Kirkland Signature Beef Jerky Original 2.85oz,Snacks,Snacks,Kirkland Signature,2.83,1.83,True
310,SNA-000310-926,Oscar Mayer Beef Jerky Original 2.85oz,Snacks,Snacks,Oscar Mayer,4.9,2.72,True
311,GRO-000311-692,Nestle Chicken Broth 32oz,Grocery,Pantry,Nestle,2.14,1.39,True
312,SNA-000312-583,Horizon Organic Potato Chips Classic 10oz,Snacks,Snacks,Horizon Organic,1.66,1.07,True
313,BAK-000313-559,Tide Blueberry Muffins 4ct,Bakery,Bakery,Tide,11.46,8.69,True
314,SNA-000314-980,Wonder Bread Popcorn Microwave Butter 6ct,Snacks,Snacks,Wonder Bread,5.36,3.17,True
315,SNA-000315-954,General Mills Popcorn Microwave Butter 6ct,Snacks,Snacks,General Mills,1.33,0.74,True
316,SNA-000316-488,Doritos Chocolate Bar Milk 1.55oz,Snacks,Snacks,Doritos,10.92,6.63,True
317,BEV-000317-132,Coca-Cola Spring Water 24x16.9oz Bottles,Beverages,Drinks,Coca-Cola,12.8,8.27,True
318,GRO-000318-168,Nestle Tomato Sauce 15oz,Grocery,Pantry,Nestle,2.47,1.38,True
319,GRO-000319-511,Kirkland Signature Tomato Sauce 15oz,Grocery,Pantry,Kirkland Signature,6.43,4.33,True
320,GRO-000320-396,Lays Peanut Butter Creamy 16oz,Grocery,Pantry,Lays,4.03,3.07,True
321,HOU-000321-997,Dole Trash Bags Tall Kitchen 80ct,Household,Cleaning,Dole,9.29,6.52,True
322,BEV-000322-670,Kirkland Signature Coffee Ground Medium Roast 12oz,Beverages,Drinks,Kirkland Signature,14.4,10.83,True
323,BAK-000323-148,Nature Valley Baguette French,Bakery,Bakery,Nature Valley,12.67,9.71,True
324,SNA-000324-526,Folgers Granola Bars Chewy 6ct,Snacks,Snacks,Folgers,6.07,3.76,True
325,SNA-000325-969,General Mills Beef Jerky Original 2.85oz,Snacks,Snacks,General Mills,3.93,2.94,True
326,FRO-000326-522,Doritos Frozen Pizza Pepperoni 12in,Frozen,Frozen,Doritos,14.62,9.91,True
327,MEA-000327-438,Nestle Bacon Sliced 12oz,Meat,Butcher,Nestle,24.39,18.59,True
328,PRO-000328-152,Nestle Organic Carrots 2lb Bag,Produce,Fresh,Nestle,4.43,3.12,True
329,PRO-000329-841,Heinz Baby Spinach 5oz Clamshell,Produce,Fresh,Heinz,9.15,5.49,True
330,HOU-000330-316,Great Value Paper Plates 40ct,Household,Cleaning,Great Value,33.1,25.53,True
331,FRO-000331-718,Folgers Chicken Nuggets 24oz,Frozen,Frozen,Folgers,11.58,7.43,True
332,HOU-000332-577,Tide Paper Plates 40ct,Household,Cleaning,Tide,21.0,13.29,True
333,SNA-000333-200,365 Whole Foods Beef Jerky Original 2.85oz,Snacks,Snacks,365 Whole Foods,10.68,7.65,True
334,HOU-000334-420,Bounty Trash Bags Tall Kitchen 80ct,Household,Cleaning,Bounty,17.41,11.83,True
335,DAI-000335-666,Tyson Whole Milk Gallon,Dairy,Dairy,Tyson,12.23,8.36,True
336,DAI-000336-335,Chiquita Greek Yogurt Plain 32oz,Dairy,Dairy,Chiquita,5.73,4.25,True
337,HOU-000337-840,Nature Valley Paper Plates 40ct,Household,Cleaning,Nature Valley,24.24,16.07,True
338,HOU-000338-837,Pepsi Dish Soap Liquid 24oz,Household,Cleaning,Pepsi,21.39,12.67,True
339,GRO-000339-959,Kirkland Signature Granulated Sugar 4lb Bag,Grocery,Pantry,Kirkland Signature,11.2,8.59,True
340,GRO-000340-962,Pepsi Honey Wheat Bread Loaf,Grocery,Pantry,Pepsi,8.67,4.9,True
341,MEA-000341-482,365 Whole Foods Rotisserie Chicken Whole,Meat,Butcher,365 Whole Foods,6.8,4.74,True
342,FRO-000342-106,Great Value Frozen Berries Blend 16oz,Frozen,Frozen,Great Value,9.61,6.19,True
343,BEV-000343-117,Dole Apple Juice 64oz Bottle,Beverages,Drinks,Dole,9.27,6.59,True
344,DAI-000344-636,Coca-Cola Large Grade A Eggs 12ct,Dairy,Dairy,Coca-Cola,3.03,1.8,True
345,HOU-000345-180,Tide Paper Plates 40ct,Household,Cleaning,Tide,16.18,10.41,True
346,MEA-000346-947,Oscar Mayer Bacon Sliced 12oz,Meat,Butcher,Oscar Mayer,30.43,21.31,True
347,GRO-000347-488,Tide Spaghetti Pasta 16oz,Grocery,Pantry,Tide,5.7,3.76,True
348,DAI-000348-965,Nature Valley Large Grade A Eggs 12ct,Dairy,Dairy,Nature Valley,6.37,4.65,True
349,PRO-000349-143,Lays Blueberries 6oz,Produce,Fresh,Lays,3.98,3.01,True
350,FRO-000350-176,Kirkland Signature Frozen Waffles 10ct,Frozen,Frozen,Kirkland Signature,11.36,6.98,True
351,GRO-000351-116,Chiquita Peanut Butter Creamy 16oz,Grocery,Pantry,Chiquita,12.54,8.59,True
352,BAK-000352-266,Dole Bagels Plain 6ct,Bakery,Bakery,Dole,7.89,5.37,True
353,SNA-000353-873,Tide Granola Bars Chewy 6ct,Snacks,Snacks,Tide,9.95,7.28,True
354,PRO-000354-154,Bounty Organic Carrots 2lb Bag,Produce,Fresh,Bounty,2.43,1.47,True
355,BAK-000355-749,Great Value Blueberry Muffins 4ct,Bakery,Bakery,Great Value,4.49,3.49,True
356,HOU-000356-542,Tide LED Light Bulbs 4ct,Household,Cleaning,Tide,10.56,7.23,True
357,BEV-000357-175,Folgers Spring Water 24x16.9oz Bottles,Beverages,Drinks,Folgers,4.43,2.59,True
358,DAI-000358-424,Tide String Cheese 12ct,Dairy,Dairy,Tide,5.51,3.15,True
359,FRO-000359-204,Tyson French Fries Crinkle 32oz,Frozen,Frozen,Tyson,5.01,2.97,True
360,SNA-000360-205,Private Selection Cookies Sandwich 15.25oz,Snacks,Snacks,Private Selection,1.6,1.01,True
361,HOU-000361-398,Great Value Sponges Scrub 6ct,Household,Cleaning,Great Value,17.4,12.69,True
362,SNA-000362-633,Heinz Pretzels Mini 16oz,Snacks,Snacks,Heinz,3.27,2.08,True
363,BEV-000363-249,Nature Valley Coffee Ground Medium Roast 12oz,Beverages,Drinks,Nature Valley,4.22,2.74,True
364,FRO-000364-357,Bounty Vanilla Ice Cream Bars 6ct,Frozen,Frozen,Bounty,14.35,10.27,True
365,MEA-000365-238,Coca-Cola Italian Sausage Links 12oz,Meat,Butcher,Coca-Cola,14.13,10.86,True
366,BAK-000366-442,365 Whole Foods Blueberry Muffins 4ct,Bakery,Bakery,365 Whole Foods,6.33,4.68,True
367,DAI-000367-717,Chiquita Salted Butter Sticks 16oz,Dairy,Dairy,Chiquita,12.37,7.37,True
368,BAK-000368-852,Dole Blueberry Muffins 4ct,Bakery,Bakery,Dole,9.42,6.24,True
369,MEA-000369-387,Tide Ground Turkey 1lb,Meat,Butcher,Tide,29.48,18.88,True
370,MEA-000370-284,Doritos Deli Ham Sliced 1lb,Meat,Butcher,Doritos,25.44,17.21,False
371,FRO-000371-916,365 Whole Foods Chicken Nuggets 24oz,Frozen,Frozen,365 Whole Foods,6.84,4.85,True
372,BAK-000372-748,Pepsi Cinnamon Rolls 8ct,Bakery,Bakery,Pepsi,4.83,2.94,True
373,BAK-000373-559,Horizon Organic Tortillas Flour 10ct,Bakery,Bakery,Horizon Organic,12.88,8.5,True
374,SNA-000374-137,Doritos Chocolate Bar Milk 1.55oz,Snacks,Snacks,Doritos,10.54,6.67,True
375,SNA-000375-887,Coca-Cola Tortilla Chips Restaurant Style 13oz,Snacks,Snacks,Coca-Cola,4.19,2.95,True
376,GRO-000376-793,Wonder Bread All-Purpose Flour 5lb Bag,Grocery,Pantry,Wonder Bread,8.86,6.84,True
377,BAK-000377-200,Great Value Bagels Plain 6ct,Bakery,Bakery,Great Value,4.32,2.88,True
378,MEA-000378-500,Bounty Italian Sausage Links 12oz,Meat,Butcher,Bounty,18.88,13.33,True
379,DAI-000379-594,Great Value Sour Cream 16oz,Dairy,Dairy,Great Value,2.51,1.62,False
380,PRO-000380-456,Pepsi Cucumber 3ct,Produce,Fresh,Pepsi,4.94,3.23,True
381,FRO-000381-199,Nature Valley French Fries Crinkle 32oz,Frozen,Frozen,Nature Valley,8.53,6.06,True
382,BEV-000382-217,Folgers Coca-Cola Classic 12x12oz Cans,Beverages,Drinks,Folgers,3.75,2.36,True
383,DAI-000383-628,General Mills String Cheese 12ct,Dairy,Dairy,General Mills,3.33,1.95,True
384,FRO-000384-744,Tide Chicken Nuggets 24oz,Frozen,Frozen,Tide,5.61,3.91,True
385,GRO-000385-302,Hellmanns Chicken Broth 32oz,Grocery,Pantry,Hellmanns,6.55,4.25,True
386,MEA-000386-870,Tyson Pork Chops Bone-In 1lb,Meat,Butcher,Tyson,26.1,19.13,True
387,SNA-000387-433,Bounty Popcorn Microwave Butter 6ct,Snacks,Snacks,Bounty,3.6,2.07,True
388,FRO-000388-420,Wonder Bread Frozen Lasagna Family Size,Frozen,Frozen,Wonder Bread,10.36,7.15,True
389,HOU-000389-732,365 Whole Foods Surface Cleaner Spray 22oz,Household,Cleaning,365 Whole Foods,10.17,7.17,True
390,PRO-000390-420,Pepsi Green Seedless Grapes 2lb,Produce,Fresh,Pepsi,2.67,1.66,True
391,DAI-000391-528,Tide Cream Cheese 8oz Bar,Dairy,Dairy,Tide,8.27,5.64,True
392,FRO-000392-760,Folgers Frozen Lasagna Family Size,Frozen,Frozen,Folgers,14.19,8.37,True
393,BEV-000393-422,Kraft Orange Juice Pulp Free 52oz,Beverages,Drinks,Kraft,13.17,9.12,True
394,GRO-000394-299,Pepsi Corn Flakes Cereal 12oz,Grocery,Pantry,Pepsi,10.83,8.36,True
395,FRO-000395-603,Oscar Mayer Fish Sticks 15oz,Frozen,Frozen,Oscar Mayer,8.27,6.15,True
396,PRO-000396-914,Great Value Lemons 2lb Bag,Produce,Fresh,Great Value,10.19,6.29,True
397,SNA-000397-899,Kraft Mixed Nuts Roasted 15oz,Snacks,Snacks,Kraft,6.64,4.79,True
398,SNA-000398-686,Coca-Cola Cookies Sandwich 15.25oz,Snacks,Snacks,Coca-Cola,2.63,1.92,True
399,HOU-000399-878,Kirkland Signature LED Light Bulbs 4ct,Household,Cleaning,Kirkland Signature,26.56,17.95,False
400,PRO-000400-869,Wonder Bread Clementines 3lb Bag,Produce,Fresh,Wonder Bread,4.19,3.15,True
401,BEV-000401-549,Horizon Organic Green Tea Bags 20ct,Beverages,Drinks,Horizon Organic,13.44,7.75,True
402,MEA-000402-805,Heinz Ground Pork 1lb,Meat,Butcher,Heinz,15.51,11.07,True
403,DAI-000403-903,Pepsi Vanilla Ice Cream Gallon,Dairy,Dairy,Pepsi,3.71,2.22,True
404,HOU-000404-711,Tyson LED Light Bulbs 4ct,Household,Cleaning,Tyson,21.15,13.21,True
405,BEV-000405-978,Tyson Sports Drink Variety 6x20oz,Beverages,Drinks,Tyson,9.41,7.12,True
406,DAI-000406-160,Private Selection Cottage Cheese 16oz,Dairy,Dairy,Private Selection,12.9,9.67,True
407,DAI-000407-828,Pepsi Greek Yogurt Plain 32oz,Dairy,Dairy,Pepsi,5.06,3.07,True
408,BAK-000408-691,Pepsi Cinnamon Rolls 8ct,Bakery,Bakery,Pepsi,8.69,6.03,True
409,PRO-000409-512,Horizon Organic Green Seedless Grapes 2lb,Produce,Fresh,Horizon Organic,7.32,4.49,True
410,HOU-000410-435,Nature Valley Aluminum Foil 200sq ft,Household,Cleaning,Nature Valley,22.45,16.83,True
411,PRO-000411-750,365 Whole Foods Clementines 3lb Bag,Produce,Fresh,365 Whole Foods,9.06,5.73,True
412,SNA-000412-539,Nestle Chocolate Bar Milk 1.55oz,Snacks,Snacks,Nestle,10.94,7.26,True
413,BEV-000413-691,Doritos Green Tea Bags 20ct,Beverages,Drinks,Doritos,4.99,3.72,True
414,GRO-000414-741,Coca-Cola Long Grain White Rice 2lb Bag,Grocery,Pantry,Coca-Cola,10.46,6.86,True
415,DAI-000415-100,365 Whole Foods Half and Half Quart,Dairy,Dairy,365 Whole Foods,12.89,8.36,False
416,DAI-000416-262,Dole Almond Milk Unsweetened 64oz,Dairy,Dairy,Dole,11.52,8.66,True
417,HOU-000417-480,Horizon Organic Paper Plates 40ct,Household,Cleaning,Horizon Organic,24.93,17.43,True
418,BEV-000418-771,Private Selection Spring Water 24x16.9oz Bottles,Beverages,Drinks,Private Selection,4.54,2.6,True
419,PRO-000419-331,Heinz Gala Apples 3lb Bag,Produce,Fresh,Heinz,7.37,4.81,True
420,HOU-000420-810,Private Selection Laundry Detergent Liquid 100oz,Household,Cleaning,Private Selection,8.96,5.07,True
421,PRO-000421-476,Chiquita Hass Avocados 4ct,Produce,Fresh,Chiquita,11.6,6.75,True
422,DAI-000422-246,Oscar Mayer Almond Milk Unsweetened 64oz,Dairy,Dairy,Oscar Mayer,2.09,1.42,True
423,DAI-000423-839,Bounty Half and Half Quart,Dairy,Dairy,Bounty,3.78,2.73,True
424,FRO-000424-202,Horizon Organic Chicken Nuggets 24oz,Frozen,Frozen,Horizon Organic,5.1,2.95,True
425,HOU-000425-910,Chiquita Sponges Scrub 6ct,Household,Cleaning,Chiquita,9.18,5.63,True
426,SNA-000426-127,Folgers Mixed Nuts Roasted 15oz,Snacks,Snacks,Folgers,11.21,7.86,True
427,SNA-000427-865,Nestle Cookies Sandwich 15.25oz,Snacks,Snacks,Nestle,5.87,4.1,True
428,MEA-000428-215,Tide Italian Sausage Links 12oz,Meat,Butcher,Tide,12.22,8.51,True
429,GRO-000429-235,Chiquita Olive Oil Extra Virgin 16.9oz,Grocery,Pantry,Chiquita,5.82,4.32,True
430,SNA-000430-888,Nature Valley Popcorn Microwave Butter 6ct,Snacks,Snacks,Nature Valley,2.14,1.47,True
431,MEA-000431-908,Kirkland Signature Boneless Chicken Breast 1lb,Meat,Butcher,Kirkland Signature,16.93,10.43,True
432,BAK-000432-511,Folgers Tortillas Flour 10ct,Bakery,Bakery,Folgers,2.25,1.52,True
433,BEV-000433-180,Dole Pepsi Cola 12x12oz Cans,Beverages,Drinks,Dole,9.37,5.59,True
434,SNA-000434-700,Tide Granola Bars Chewy 6ct,Snacks,Snacks,Tide,8.71,6.46,True
435,PRO-000435-547,Folgers Roma Tomatoes 2lb Package,Produce,Fresh,Folgers,9.83,7.32,True
436,PRO-000436-218,Private Selection Blueberries 6oz,Produce,Fresh,Private Selection,6.59,4.55,True
437,DAI-000437-824,Great Value Large Grade A Eggs 12ct,Dairy,Dairy,Great Value,2.9,1.6,True
438,HOU-000438-901,Lays LED Light Bulbs 4ct,Household,Cleaning,Lays,29.67,18.09,True
439,BEV-000439-443,Great Value Pepsi Cola 12x12oz Cans,Beverages,Drinks,Great Value,12.77,7.82,True
440,PRO-000440-623,365 Whole Foods Fresh Strawberries 16oz,Produce,Fresh,365 Whole Foods,5.5,3.66,True
441,HOU-000441-891,Tyson Dish Soap Liquid 24oz,Household,Cleaning,Tyson,8.08,5.51,True
442,MEA-000442-102,Lays Ground Pork 1lb,Meat,Butcher,Lays,6.31,4.72,True
443,FRO-000443-253,Tide French Fries Crinkle 32oz,Frozen,Frozen,Tide,5.55,4.28,True
444,BAK-000444-354,Chiquita Sourdough Bread Loaf,Bakery,Bakery,Chiquita,6.16,4.41,True
445,PRO-000445-222,Bounty Lemons 2lb Bag,Produce,Fresh,Bounty,7.16,5.42,True
446,SNA-000446-170,Tide Potato Chips Classic 10oz,Snacks,Snacks,Tide,11.55,8.65,True
447,BEV-000447-666,Horizon Organic Green Tea Bags 20ct,Beverages,Drinks,Horizon Organic,8.74,5.55,True
448,BEV-000448-575,General Mills Sports Drink Variety 6x20oz,Beverages,Drinks,General Mills,7.73,5.98,False
449,MEA-000449-878,Doritos Ground Pork 1lb,Meat,Butcher,Doritos,28.87,16.88,True
450,GRO-000450-454,Doritos Tomato Sauce 15oz,Grocery,Pantry,Doritos,8.73,6.19,True
451,HOU-000451-485,Oscar Mayer Paper Towels 6 Rolls,Household,Cleaning,Oscar Mayer,30.46,21.85,True
452,SNA-000452-603,Private Selection Pretzels Mini 16oz,Snacks,Snacks,Private Selection,12.54,9.7,True
453,BEV-000453-337,Kirkland Signature Pepsi Cola 12x12oz Cans,Beverages,Drinks,Kirkland Signature,13.81,9.25,True
454,HOU-000454-694,Horizon Organic Aluminum Foil 200sq ft,Household,Cleaning,Horizon Organic,7.86,4.56,True
455,PRO-000455-163,Heinz Lemons 2lb Bag,Produce,Fresh,Heinz,6.38,4.92,True
456,BEV-000456-817,Tide Green Tea Bags 20ct,Beverages,Drinks,Tide,13.06,8.16,True
457,MEA-000457-239,Nestle Ground Beef 80/20 1lb,Meat,Butcher,Nestle,28.39,19.43,True
458,DAI-000458-421,365 Whole Foods Half and Half Quart,Dairy,Dairy,365 Whole Foods,6.05,4.07,False
459,MEA-000459-574,Dole Italian Sausage Links 12oz,Meat,Butcher,Dole,12.94,7.47,True
460,BEV-000460-320,Kirkland Signature Sports Drink Variety 6x20oz,Beverages,Drinks,Kirkland Signature,13.1,8.19,True
461,MEA-000461-625,Tide Ground Turkey 1lb,Meat,Butcher,Tide,6.46,4.0,True
462,DAI-000462-975,Tide Whole Milk Gallon,Dairy,Dairy,Tide,6.58,4.75,True
463,FRO-000463-224,Pepsi Vanilla Ice Cream Bars 6ct,Frozen,Frozen,Pepsi,3.63,2.69,False
464,DAI-000464-481,Tide Greek Yogurt Plain 32oz,Dairy,Dairy,Tide,9.32,7.14,True
465,BEV-000465-166,Great Value Pepsi Cola 12x12oz Cans,Beverages,Drinks,Great Value,5.76,4.02,True
466,PRO-000466-225,Chiquita Blueberries 6oz,Produce,Fresh,Chiquita,1.79,1.17,True
467,BAK-000467-130,Nature Valley Tortillas Flour 10ct,Bakery,Bakery,Nature Valley,5.77,3.74,True
468,DAI-000468-556,Tyson Salted Butter Sticks 16oz,Dairy,Dairy,Tyson,11.63,6.49,True
469,MEA-000469-610,Dole Chicken Thighs Family Pack,Meat,Butcher,Dole,17.35,11.74,True
470,BEV-000470-529,Pepsi Energy Drink Original 4x16oz,Beverages,Drinks,Pepsi,5.78,4.36,True
471,SNA-000471-900,Tide Potato Chips Classic 10oz,Snacks,Snacks,Tide,9.64,6.37,True
472,HOU-000472-429,Lays Batteries AA 24ct,Household,Cleaning,Lays,16.64,9.84,True
473,MEA-000473-159,Tyson Boneless Chicken Breast 1lb,Meat,Butcher,Tyson,29.25,19.26,True
474,MEA-000474-353,Coca-Cola Atlantic Salmon Fillet 1lb,Meat,Butcher,Coca-Cola,24.7,15.1,True
475,GRO-000475-689,General Mills Salsa Medium 16oz,Grocery,Pantry,General Mills,11.19,8.21,True
476,DAI-000476-706,General Mills Sharp Cheddar Cheese Block 8oz,Dairy,Dairy,General Mills,5.01,3.61,True
477,GRO-000477-460,Folgers Chicken Broth 32oz,Grocery,Pantry,Folgers,12.38,8.41,True
478,MEA-000478-416,Doritos Italian Sausage Links 12oz,Meat,Butcher,Doritos,10.26,5.73,True
479,MEA-000479-589,Lays Boneless Chicken Breast 1lb,Meat,Butcher,Lays,5.01,3.81,True
480,DAI-000480-281,Folgers Sour Cream 16oz,Dairy,Dairy,Folgers,12.04,8.96,True
481,GRO-000481-821,Heinz Peanut Butter Creamy 16oz,Grocery,Pantry,Heinz,12.02,8.75,True
482,HOU-000482-821,Bounty Laundry Detergent Liquid 100oz,Household,Cleaning,Bounty,33.25,21.31,True
483,BEV-000483-261,Pepsi Green Tea Bags 20ct,Beverages,Drinks,Pepsi,11.91,7.75,True
484,FRO-000484-824,Kraft French Fries Crinkle 32oz,Frozen,Frozen,Kraft,14.63,10.38,True
485,HOU-000485-703,Oscar Mayer Trash Bags Tall Kitchen 80ct,Household,Cleaning,Oscar Mayer,29.42,18.74,True
486,BEV-000486-846,Kraft Orange Juice Pulp Free 52oz,Beverages,Drinks,Kraft,3.51,2.5,True
487,GRO-000487-425,Hellmanns Peanut Butter Creamy 16oz,Grocery,Pantry,Hellmanns,12.07,9.32,True
488,PRO-000488-244,Nature Valley Blueberries 6oz,Produce,Fresh,Nature Valley,5.16,2.93,True
489,HOU-000489-190,Wonder Bread Dish Soap Liquid 24oz,Household,Cleaning,Wonder Bread,29.64,20.87,True
490,HOU-000490-371,Great Value Aluminum Foil 200sq ft,Household,Cleaning,Great Value,11.28,8.0,True
491,PRO-000491-149,Great Value Clementines 3lb Bag,Produce,Fresh,Great Value,5.81,4.17,False
492,BAK-000492-459,Tide Cinnamon Rolls 8ct,Bakery,Bakery,Tide,7.68,4.4,True
493,MEA-000493-175,365 Whole Foods Atlantic Salmon Fillet 1lb,Meat,Butcher,365 Whole Foods,28.97,16.16,True
494,BEV-000494-450,Horizon Organic Pepsi Cola 12x12oz Cans,Beverages,Drinks,Horizon Organic,5.45,3.47,True
495,SNA-000495-708,Chiquita Tortilla Chips Restaurant Style 13oz,Snacks,Snacks,Chiquita,12.82,9.68,True
496,BAK-000496-544,Hellmanns Chocolate Chip Cookies 12ct,Bakery,Bakery,Hellmanns,3.13,1.79,True
497,MEA-000497-667,Folgers Ribeye Steak 12oz,Meat,Butcher,Folgers,26.65,19.13,True
498,BEV-000498-198,General Mills Coffee Ground Medium Roast 12oz,Beverages,Drinks,General Mills,4.06,2.77,True
499,DAI-000499-103,Bounty Whole Milk Gallon,Dairy,Dairy,Bounty,6.29,3.89,True
500,FRO-000500-126,Coca-Cola Chicken Nuggets 24oz,Frozen,Frozen,Coca-Cola,5.87,4.09,False
501,FRO-000501-903,Dole Vanilla Ice Cream Bars 6ct,Frozen,Frozen,Dole,8.06,5.34,True
502,PRO-000502-496,Doritos Green Seedless Grapes 2lb,Produce,Fresh,Doritos,3.45,2.6,True
503,FRO-000503-550,Tyson Frozen Pizza Pepperoni 12in,Frozen,Frozen,Tyson,8.84,5.32,True
504,GRO-000504-783,Folgers Peanut Butter Creamy 16oz,Grocery,Pantry,Folgers,2.42,1.7,True
505,BAK-000505-666,General Mills Whole Wheat Bread,Bakery,Bakery,General Mills,2.0,1.28,True
506,SNA-000506-341,Heinz Beef Jerky Original 2.85oz,Snacks,Snacks,Heinz,6.86,3.9,True
507,GRO-000507-629,Heinz Granulated Sugar 4lb Bag,Grocery,Pantry,Heinz,10.66,7.52,True
508,PRO-000508-277,365 Whole Foods Romaine Hearts 3ct,Produce,Fresh,365 Whole Foods,12.39,7.29,True
509,MEA-000509-533,Kirkland Signature Atlantic Salmon Fillet 1lb,Meat,Butcher,Kirkland Signature,7.34,5.19,True
510,DAI-000510-427,Tyson Vanilla Ice Cream Gallon,Dairy,Dairy,Tyson,11.95,9.09,True
511,BAK-000511-665,Tide Baguette French,Bakery,Bakery,Tide,5.11,3.14,True
512,GRO-000512-738,Folgers Salsa Medium 16oz,Grocery,Pantry,Folgers,8.16,5.96,True
513,DAI-000513-702,Heinz Sharp Cheddar Cheese Block 8oz,Dairy,Dairy,Heinz,8.11,6.26,True
514,PRO-000514-904,Coca-Cola Lemons 2lb Bag,Produce,Fresh,Coca-Cola,4.64,3.12,True
515,BAK-000515-770,Tide Donuts Glazed 12ct,Bakery,Bakery,Tide,6.97,4.81,True
516,BEV-000516-733,Pepsi Energy Drink Original 4x16oz,Beverages,Drinks,Pepsi,10.49,7.44,True
517,HOU-000517-150,General Mills Fabric Softener 60oz,Household,Cleaning,General Mills,27.36,20.84,True
518,GRO-000518-418,Dole Olive Oil Extra Virgin 16.9oz,Grocery,Pantry,Dole,4.57,3.03,True
519,PRO-000519-237,General Mills Cucumber 3ct,Produce,Fresh,General Mills,4.81,3.47,True
520,HOU-000520-719,Private Selection Paper Plates 40ct,Household,Cleaning,Private Selection,24.36,14.45,True
521,BAK-000521-988,Lays Cinnamon Rolls 8ct,Bakery,Bakery,Lays,5.66,3.19,True
522,PRO-000522-618,Folgers Roma Tomatoes 2lb Package,Produce,Fresh,Folgers,6.01,4.38,True
523,GRO-000523-996,Nestle Peanut Butter Creamy 16oz,Grocery,Pantry,Nestle,11.04,8.2,True
524,FRO-000524-821,Bounty Frozen Pizza Pepperoni 12in,Frozen,Frozen,Bounty,5.78,3.67,True
525,BAK-000525-131,Oscar Mayer Bagels Plain 6ct,Bakery,Bakery,Oscar Mayer,4.12,2.73,True
526,FRO-000526-452,Bounty Frozen Lasagna Family Size,Frozen,Frozen,Bounty,5.37,4.06,True
527,PRO-000527-495,Great Value Roma Tomatoes 2lb Package,Produce,Fresh,Great Value,1.87,1.4,True
528,MEA-000528-330,Wonder Bread Pork Chops Bone-In 1lb,Meat,Butcher,Wonder Bread,25.32,15.49,True
529,GRO-000529-109,Oscar Mayer Ketchup 20oz,Grocery,Pantry,Oscar Mayer,6.84,3.97,True
530,GRO-000530-722,Tyson Tomato Sauce 15oz,Grocery,Pantry,Tyson,10.71,6.64,False
531,BEV-000531-972,Tide Energy Drink Original 4x16oz,Beverages,Drinks,Tide,7.5,4.56,True
532,SNA-000532-204,Heinz Chocolate Bar Milk 1.55oz,Snacks,Snacks,Heinz,1.38,1.08,False
533,HOU-000533-708,Wonder Bread LED Light Bulbs 4ct,Household,Cleaning,Wonder Bread,23.26,14.39,True
534,PRO-000534-755,Tyson Yellow Onions 3lb Bag,Produce,Fresh,Tyson,5.09,3.12,True
535,BEV-000535-629,Pepsi Spring Water 24x16.9oz Bottles,Beverages,Drinks,Pepsi,12.29,9.3,True
536,BAK-000536-243,Oscar Mayer Blueberry Muffins 4ct,Bakery,Bakery,Oscar Mayer,9.73,6.82,False
537,BEV-000537-497,Tide Energy Drink Original 4x16oz,Beverages,Drinks,Tide,11.96,8.18,False
538,MEA-000538-327,Folgers Ground Turkey 1lb,Meat,Butcher,Folgers,25.58,17.82,True
539,HOU-000539-965,Dole LED Light Bulbs 4ct,Household,Cleaning,Dole,10.09,7.08,True
540,BEV-000540-231,Nature Valley Pepsi Cola 12x12oz Cans,Beverages,Drinks,Nature Valley,12.01,8.61,True
541,DAI-000541-770,Chiquita Almond Milk Unsweetened 64oz,Dairy,Dairy,Chiquita,2.33,1.47,True
542,BEV-000542-480,Chiquita Energy Drink Original 4x16oz,Beverages,Drinks,Chiquita,6.49,4.01,True
543,FRO-000543-697,Wonder Bread Frozen Pizza Pepperoni 12in,Frozen,Frozen,Wonder Bread,10.16,7.04,True
544,MEA-000544-988,Coca-Cola Rotisserie Chicken Whole,Meat,Butcher,Coca-Cola,25.41,17.07,True
545,DAI-000545-450,Nestle Sharp Cheddar Cheese Block 8oz,Dairy,Dairy,Nestle,6.08,4.14,True
546,FRO-000546-983,Chiquita Frozen Mixed Vegetables 12oz,Frozen,Frozen,Chiquita,11.72,8.55,True
547,DAI-000547-159,Wonder Bread Sour Cream 16oz,Dairy,Dairy,Wonder Bread,1.35,0.83,True
548,DAI-000548-601,Kraft Vanilla Ice Cream Gallon,Dairy,Dairy,Kraft,10.48,7.64,True
549,BAK-000549-539,Tide Tortillas Flour 10ct,Bakery,Bakery,Tide,12.58,8.03,True
550,MEA-000550-114,Bounty Ground Pork 1lb,Meat,Butcher,Bounty,31.75,22.99,True
551,GRO-000551-741,Great Value Mac & Cheese Dinner 7.25oz,Grocery,Pantry,Great Value,9.87,5.94,True
552,BEV-000552-492,Coca-Cola Orange Juice Pulp Free 52oz,Beverages,Drinks,Coca-Cola,9.28,5.76,True
553,GRO-000553-566,Dole Canned Black Beans 15oz,Grocery,Pantry,Dole,9.81,6.74,True
554,DAI-000554-467,Nature Valley Sour Cream 16oz,Dairy,Dairy,Nature Valley,10.07,5.92,True
555,BAK-000555-329,General Mills Croissants 4ct,Bakery,Bakery,General Mills,9.8,5.69,True
556,SNA-000556-475,Coca-Cola Popcorn Microwave Butter 6ct,Snacks,Snacks,Coca-Cola,9.61,7.04,True
557,BEV-000557-149,Hellmanns Apple Juice 64oz Bottle,Beverages,Drinks,Hellmanns,10.32,5.79,True
558,GRO-000558-218,Folgers Long Grain White Rice 2lb Bag,Grocery,Pantry,Folgers,6.17,3.93,True
559,FRO-000559-811,Nestle Frozen Mixed Vegetables 12oz,Frozen,Frozen,Nestle,11.38,6.28,True
560,PRO-000560-376,Lays Green Seedless Grapes 2lb,Produce,Fresh,Lays,8.58,6.1,True
561,PRO-000561-220,Hellmanns Organic Carrots 2lb Bag,Produce,Fresh,Hellmanns,4.6,3.36,True
562,MEA-000562-306,Lays Bacon Sliced 12oz,Meat,Butcher,Lays,15.73,10.13,True
563,SNA-000563-804,Nestle Beef Jerky Original 2.85oz,Snacks,Snacks,Nestle,12.21,7.64,True
564,PRO-000564-955,Coca-Cola Blueberries 6oz,Produce,Fresh,Coca-Cola,8.01,5.32,True
565,SNA-000565-362,Coca-Cola Tortilla Chips Restaurant Style 13oz,Snacks,Snacks,Coca-Cola,8.83,5.78,False
566,BEV-000566-202,Kirkland Signature Sparkling Water Lime 8x12oz,Beverages,Drinks,Kirkland Signature,12.84,9.64,True
567,HOU-000567-536,Chiquita Mop Refills 2ct,Household,Cleaning,Chiquita,27.15,15.53,True
568,GRO-000568-779,Pepsi Long Grain White Rice 2lb Bag,Grocery,Pantry,Pepsi,8.86,5.54,True
569,BEV-000569-934,Bounty Pepsi Cola 12x12oz Cans,Beverages,Drinks,Bounty,7.43,4.28,True
570,FRO-000570-806,Tide Frozen Waffles 10ct,Frozen,Frozen,Tide,13.27,9.74,True
571,DAI-000571-812,Pepsi Large Grade A Eggs 12ct,Dairy,Dairy,Pepsi,9.79,7.59,True
572,PRO-000572-594,Heinz Russet Potatoes 5lb Bag,Produce,Fresh,Heinz,10.68,7.54,True
573,BAK-000573-129,Hellmanns Blueberry Muffins 4ct,Bakery,Bakery,Hellmanns,11.38,8.56,True
574,DAI-000574-215,Nature Valley Half and Half Quart,Dairy,Dairy,Nature Valley,11.67,7.6,True
575,HOU-000575-989,Folgers Paper Towels 6 Rolls,Household,Cleaning,Folgers,25.33,18.4,True
576,MEA-000576-631,Chiquita Chicken Thighs Family Pack,Meat,Butcher,Chiquita,20.68,14.71,True
577,MEA-000577-779,Bounty Italian Sausage Links 12oz,Meat,Butcher,Bounty,25.28,16.14,True
578,SNA-000578-758,Great Value Potato Chips Classic 10oz,Snacks,Snacks,Great Value,12.22,8.14,True
579,FRO-000579-869,Horizon Organic Frozen Mixed Vegetables 12oz,Frozen,Frozen,Horizon Organic,9.14,5.53,False
580,GRO-000580-663,General Mills Granulated Sugar 4lb Bag,Grocery,Pantry,General Mills,8.82,5.67,True
581,FRO-000581-558,Heinz Frozen Berries Blend 16oz,Frozen,Frozen,Heinz,4.5,2.99,True
582,FRO-000582-513,Coca-Cola Frozen Pizza Pepperoni 12in,Frozen,Frozen,Coca-Cola,8.23,5.58,True
583,PRO-000583-733,Hellmanns Romaine Hearts 3ct,Produce,Fresh,Hellmanns,8.75,6.6,True
584,FRO-000584-945,Bounty French Fries Crinkle 32oz,Frozen,Frozen,Bounty,4.11,2.47,True
585,SNA-000585-772,Folgers Beef Jerky Original 2.85oz,Snacks,Snacks,Folgers,5.54,3.62,True
586,MEA-000586-463,Chiquita Boneless Chicken Breast 1lb,Meat,Butcher,Chiquita,29.89,23.07,True
587,SNA-000587-208,Folgers Granola Bars Chewy 6ct,Snacks,Snacks,Folgers,1.83,1.08,True
588,BAK-000588-725,Tyson Bagels Plain 6ct,Bakery,Bakery,Tyson,3.58,2.07,True
589,MEA-000589-833,Nestle Italian Sausage Links 12oz,Meat,Butcher,Nestle,15.13,10.96,True
590,PRO-000590-568,365 Whole Foods Romaine Hearts 3ct,Produce,Fresh,365 Whole Foods,8.99,6.92,True
591,FRO-000591-853,Lays Frozen Pizza Pepperoni 12in,Frozen,Frozen,Lays,4.05,3.1,True
592,FRO-000592-808,Kraft Frozen Lasagna Family Size,Frozen,Frozen,Kraft,10.14,7.28,True
593,BAK-000593-429,Hellmanns Whole Wheat Bread,Bakery,Bakery,Hellmanns,7.19,4.59,False
594,MEA-000594-451,Tide Bacon Sliced 12oz,Meat,Butcher,Tide,34.1,22.31,True
595,BAK-000595-866,Folgers Whole Wheat Bread,Bakery,Bakery,Folgers,7.28,5.42,True
596,HOU-000596-747,Doritos Fabric Softener 60oz,Household,Cleaning,Doritos,11.51,6.89,True
597,HOU-000597-827,Pepsi Mop Refills 2ct,Household,Cleaning,Pepsi,24.49,18.87,True
598,HOU-000598-879,Coca-Cola Fabric Softener 60oz,Household,Cleaning,Coca-Cola,15.56,10.28,True
599,BAK-000599-998,Dole Baguette French,Bakery,Bakery,Dole,11.2,8.24,True
600,GRO-000600-154,Pepsi Honey Wheat Bread Loaf,Grocery,Pantry,Pepsi,9.13,5.44,True
601,DAI-000601-356,Oscar Mayer Salted Butter Sticks 16oz,Dairy,Dairy,Oscar Mayer,3.0,1.69,True
602,MEA-000602-467,Kirkland Signature Rotisserie Chicken Whole,Meat,Butcher,Kirkland Signature,29.41,16.87,True
603,SNA-000603-674,Wonder Bread Pretzels Mini 16oz,Snacks,Snacks,Wonder Bread,5.84,3.9,True
604,BEV-000604-490,Kirkland Signature Cold Brew Coffee 48oz,Beverages,Drinks,Kirkland Signature,7.95,6.12,False
605,HOU-000605-113,Kirkland Signature LED Light Bulbs 4ct,Household,Cleaning,Kirkland Signature,27.3,16.29,True
606,FRO-000606-821,Wonder Bread Chicken Nuggets 24oz,Frozen,Frozen,Wonder Bread,11.65,7.39,True
607,MEA-000607-401,Nestle Ground Pork 1lb,Meat,Butcher,Nestle,18.45,14.32,True
608,DAI-000608-222,Lays String Cheese 12ct,Dairy,Dairy,Lays,5.7,3.7,True
609,DAI-000609-966,Heinz Sharp Cheddar Cheese Block 8oz,Dairy,Dairy,Heinz,4.27,2.67,True
610,DAI-000610-430,Pepsi Whole Milk Gallon,Dairy,Dairy,Pepsi,8.27,6.02,True
611,BEV-000611-663,Heinz Sparkling Water Lime 8x12oz,Beverages,Drinks,Heinz,7.61,5.56,True
612,MEA-000612-169,Lays Atlantic Salmon Fillet 1lb,Meat,Butcher,Lays,28.58,16.77,True
613,BAK-000613-326,Bounty Bagels Plain 6ct,Bakery,Bakery,Bounty,11.63,8.17,True
614,BEV-000614-643,Hellmanns Spring Water 24x16.9oz Bottles,Beverages,Drinks,Hellmanns,8.95,6.08,True
615,GRO-000615-454,Oscar Mayer Spaghetti Pasta 16oz,Grocery,Pantry,Oscar Mayer,6.5,4.93,True
616,MEA-000616-428,Oscar Mayer Boneless Chicken Breast 1lb,Meat,Butcher,Oscar Mayer,16.43,12.05,True
617,BEV-000617-125,Dole Apple Juice 64oz Bottle,Beverages,Drinks,Dole,13.97,10.33,True
618,SNA-000618-144,Nature Valley Beef Jerky Original 2.85oz,Snacks,Snacks,Nature Valley,4.76,3.33,True
619,PRO-000619-891,Kraft Hass Avocados 4ct,Produce,Fresh,Kraft,7.58,4.18,True
620,MEA-000620-955,Private Selection Chicken Thighs Family Pack,Meat,Butcher,Private Selection,8.11,5.46,True
621,BAK-000621-257,Oscar Mayer Bagels Plain 6ct,Bakery,Bakery,Oscar Mayer,1.57,1.12,True
622,PRO-000622-913,Kraft Organic Bananas Bunch,Produce,Fresh,Kraft,4.24,2.4,True
623,BEV-000623-561,Tide Energy Drink Original 4x16oz,Beverages,Drinks,Tide,10.74,6.98,True
624,PRO-000624-756,Great Value Organic Carrots 2lb Bag,Produce,Fresh,Great Value,9.72,5.49,True
625,GRO-000625-466,Horizon Organic Chicken Broth 32oz,Grocery,Pantry,Horizon Organic,12.15,6.98,True
626,BEV-000626-388,Horizon Organic Sports Drink Variety 6x20oz,Beverages,Drinks,Horizon Organic,12.29,8.0,True
627,GRO-000627-646,Kraft Corn Flakes Cereal 12oz,Grocery,Pantry,Kraft,3.86,2.79,True
628,SNA-000628-247,Wonder Bread Mixed Nuts Roasted 15oz,Snacks,Snacks,Wonder Bread,4.78,3.6,False
629,HOU-000629-995,Doritos Paper Towels 6 Rolls,Household,Cleaning,Doritos,21.64,12.52,True
630,BAK-000630-187,Doritos Baguette French,Bakery,Bakery,Doritos,4.85,3.5,True
631,HOU-000631-761,Private Selection Trash Bags Tall Kitchen 80ct,Household,Cleaning,Private Selection,30.53,17.79,True
632,BEV-000632-285,Coca-Cola Spring Water 24x16.9oz Bottles,Beverages,Drinks,Coca-Cola,11.21,7.63,True
633,SNA-000633-662,Wonder Bread Beef Jerky Original 2.85oz,Snacks,Snacks,Wonder Bread,2.15,1.51,True
634,MEA-000634-598,Heinz Ground Pork 1lb,Meat,Butcher,Heinz,33.54,21.2,True
635,MEA-000635-734,Dole Ground Beef 80/20 1lb,Meat,Butcher,Dole,7.08,4.21,True
636,HOU-000636-413,Oscar Mayer Batteries AA 24ct,Household,Cleaning,Oscar Mayer,25.79,15.09,True
637,HOU-000637-104,Kraft Sponges Scrub 6ct,Household,Cleaning,Kraft,14.39,10.51,True
638,BAK-000638-237,Bounty Donuts Glazed 12ct,Bakery,Bakery,Bounty,9.24,5.79,True
639,FRO-000639-598,Dole French Fries Crinkle 32oz,Frozen,Frozen,Dole,9.83,5.8,True
640,BEV-000640-301,Doritos Orange Juice Pulp Free 52oz,Beverages,Drinks,Doritos,6.52,4.92,True
641,PRO-000641-969,Great Value Blueberries 6oz,Produce,Fresh,Great Value,7.22,4.02,True
642,BAK-000642-137,Nestle Whole Wheat Bread,Bakery,Bakery,Nestle,7.74,5.22,False
643,FRO-000643-501,Bounty Frozen Mixed Vegetables 12oz,Frozen,Frozen,Bounty,6.06,4.41,True
644,BEV-000644-613,365 Whole Foods Orange Juice Pulp Free 52oz,Beverages,Drinks,365 Whole Foods,9.36,6.0,True
645,MEA-000645-269,Oscar Mayer Deli Ham Sliced 1lb,Meat,Butcher,Oscar Mayer,27.71,16.14,True
646,DAI-000646-467,Nature Valley String Cheese 12ct,Dairy,Dairy,Nature Valley,1.76,1.28,True
647,BEV-000647-143,General Mills Green Tea Bags 20ct,Beverages,Drinks,General Mills,11.18,7.48,True
648,BAK-000648-147,365 Whole Foods Cinnamon Rolls 8ct,Bakery,Bakery,365 Whole Foods,1.76,1.23,True
649,SNA-000649-692,Tyson Mixed Nuts Roasted 15oz,Snacks,Snacks,Tyson,7.66,4.52,True
650,HOU-000650-955,Wonder Bread Batteries AA 24ct,Household,Cleaning,Wonder Bread,7.33,4.46,False
651,MEA-000651-461,Tide Rotisserie Chicken Whole,Meat,Butcher,Tide,29.51,18.57,True
652,GRO-000652-550,Pepsi Granulated Sugar 4lb Bag,Grocery,Pantry,Pepsi,3.23,1.83,True
653,MEA-000653-261,Kraft Atlantic Salmon Fillet 1lb,Meat,Butcher,Kraft,15.86,11.34,True
654,MEA-000654-837,Chiquita Ribeye Steak 12oz,Meat,Butcher,Chiquita,8.39,5.92,True
655,DAI-000655-122,Private Selection Almond Milk Unsweetened 64oz,Dairy,Dairy,Private Selection,4.14,2.4,True
656,DAI-000656-140,Lays Almond Milk Unsweetened 64oz,Dairy,Dairy,Lays,11.71,6.84,True
657,DAI-000657-713,Tide Cream Cheese 8oz Bar,Dairy,Dairy,Tide,12.63,8.8,True
658,BEV-000658-559,Nestle Pepsi Cola 12x12oz Cans,Beverages,Drinks,Nestle,10.47,6.89,True
659,MEA-000659-246,Hellmanns Ribeye Steak 12oz,Meat,Butcher,Hellmanns,28.83,21.3,True
660,SNA-000660-841,Kraft Mixed Nuts Roasted 15oz,Snacks,Snacks,Kraft,9.31,7.1,True
661,PRO-000661-494,Tide Baby Spinach 5oz Clamshell,Produce,Fresh,Tide,2.84,1.57,True
662,SNA-000662-720,Pepsi Chocolate Bar Milk 1.55oz,Snacks,Snacks,Pepsi,2.42,1.6,True
663,GRO-000663-615,Doritos Mayonnaise 30oz,Grocery,Pantry,Doritos,10.09,5.77,True
664,SNA-000664-764,Oscar Mayer Potato Chips Classic 10oz,Snacks,Snacks,Oscar Mayer,6.34,4.1,True
665,SNA-000665-921,General Mills Chocolate Bar Milk 1.55oz,Snacks,Snacks,General Mills,6.93,5.04,True
666,PRO-000666-360,Pepsi Russet Potatoes 5lb Bag,Produce,Fresh,Pepsi,6.87,4.15,True
667,BEV-000667-518,Doritos Sports Drink Variety 6x20oz,Beverages,Drinks,Doritos,6.45,3.56,True
668,GRO-000668-220,Lays All-Purpose Flour 5lb Bag,Grocery,Pantry,Lays,7.37,4.69,True
669,HOU-000669-209,Bounty Sponges Scrub 6ct,Household,Cleaning,Bounty,9.63,6.74,True
670,SNA-000670-474,Heinz Chocolate Bar Milk 1.55oz,Snacks,Snacks,Heinz,8.45,6.58,True
671,MEA-000671-902,Doritos Ribeye Steak 12oz,Meat,Butcher,Doritos,21.72,12.84,True
672,FRO-000672-691,Dole Frozen Waffles 10ct,Frozen,Frozen,Dole,7.45,5.31,True
673,PRO-000673-557,General Mills Clementines 3lb Bag,Produce,Fresh,General Mills,10.45,8.03,True
674,SNA-000674-920,Chiquita Chocolate Bar Milk 1.55oz,Snacks,Snacks,Chiquita,7.73,5.49,True
675,DAI-000675-105,Wonder Bread Mozzarella Shredded 8oz,Dairy,Dairy,Wonder Bread,10.7,7.91,True
676,BAK-000676-369,Horizon Organic Bagels Plain 6ct,Bakery,Bakery,Horizon Organic,3.88,2.21,True
677,BAK-000677-771,Hellmanns Tortillas Flour 10ct,Bakery,Bakery,Hellmanns,7.39,5.27,True
678,DAI-000678-549,Nature Valley Almond Milk Unsweetened 64oz,Dairy,Dairy,Nature Valley,1.42,1.06,True
679,SNA-000679-134,Nestle Mixed Nuts Roasted 15oz,Snacks,Snacks,Nestle,10.46,6.98,True
680,DAI-000680-468,Kirkland Signature Almond Milk Unsweetened 64oz,Dairy,Dairy,Kirkland Signature,4.09,2.25,True
681,BEV-000681-785,Bounty Energy Drink Original 4x16oz,Beverages,Drinks,Bounty,8.03,5.5,True
682,PRO-000682-662,Horizon Organic Blueberries 6oz,Produce,Fresh,Horizon Organic,4.62,3.42,True
683,HOU-000683-331,Tyson Surface Cleaner Spray 22oz,Household,Cleaning,Tyson,23.18,13.79,True
684,GRO-000684-516,Kraft Canned Black Beans 15oz,Grocery,Pantry,Kraft,7.21,4.89,True
685,HOU-000685-363,Lays Laundry Detergent Liquid 100oz,Household,Cleaning,Lays,31.27,23.05,True
686,FRO-000686-595,Heinz Fish Sticks 15oz,Frozen,Frozen,Heinz,12.34,8.94,False
687,FRO-000687-982,Heinz Frozen Berries Blend 16oz,Frozen,Frozen,Heinz,3.8,2.19,True
688,MEA-000688-335,Folgers Chicken Thighs Family Pack,Meat,Butcher,Folgers,28.99,18.69,True
689,SNA-000689-952,Folgers Potato Chips Classic 10oz,Snacks,Snacks,Folgers,4.37,2.69,True
690,HOU-000690-282,Doritos Laundry Detergent Liquid 100oz,Household,Cleaning,Doritos,19.29,12.18,True
691,BEV-000691-294,Oscar Mayer Orange Juice Pulp Free 52oz,Beverages,Drinks,Oscar Mayer,9.23,5.5,True
692,BEV-000692-307,General Mills Spring Water 24x16.9oz Bottles,Beverages,Drinks,General Mills,13.09,9.72,True
693,PRO-000693-792,Horizon Organic Hass Avocados 4ct,Produce,Fresh,Horizon Organic,12.47,8.27,True
694,SNA-000694-480,Nature Valley Potato Chips Classic 10oz,Snacks,Snacks,Nature Valley,8.55,5.67,False
695,BEV-000695-882,Kraft Sparkling Water Lime 8x12oz,Beverages,Drinks,Kraft,14.02,8.61,True
696,DAI-000696-918,Lays Whole Milk Gallon,Dairy,Dairy,Lays,6.24,4.78,True
697,HOU-000697-894,Oscar Mayer Sponges Scrub 6ct,Household,Cleaning,Oscar Mayer,10.23,7.92,True
698,FRO-000698-108,Folgers French Fries Crinkle 32oz,Frozen,Frozen,Folgers,3.63,2.17,True
699,HOU-000699-982,Hellmanns Surface Cleaner Spray 22oz,Household,Cleaning,Hellmanns,12.78,8.64,True
700,FRO-000700-288,Bounty French Fries Crinkle 32oz,Frozen,Frozen,Bounty,9.23,5.52,True
701,HOU-000701-386,Tide Surface Cleaner Spray 22oz,Household,Cleaning,Tide,18.51,12.61,False
702,MEA-000702-923,Tyson Ground Beef 80/20 1lb,Meat,Butcher,Tyson,12.06,7.83,True
703,DAI-000703-584,Pepsi Cottage Cheese 16oz,Dairy,Dairy,Pepsi,10.72,6.33,True
704,SNA-000704-904,Chiquita Cookies Sandwich 15.25oz,Snacks,Snacks,Chiquita,6.98,4.24,True
705,GRO-000705-807,Coca-Cola Honey Wheat Bread Loaf,Grocery,Pantry,Coca-Cola,3.2,1.92,True
706,PRO-000706-366,Chiquita Fresh Strawberries 16oz,Produce,Fresh,Chiquita,5.51,3.74,True
707,BEV-000707-521,Great Value Green Tea Bags 20ct,Beverages,Drinks,Great Value,4.88,3.66,False
708,MEA-000708-765,Heinz Deli Ham Sliced 1lb,Meat,Butcher,Heinz,24.46,14.43,True
709,HOU-000709-622,Oscar Mayer Surface Cleaner Spray 22oz,Household,Cleaning,Oscar Mayer,19.61,14.11,True
710,BAK-000710-574,Dole Whole Wheat Bread,Bakery,Bakery,Dole,8.68,5.06,True
711,HOU-000711-727,Wonder Bread Sponges Scrub 6ct,Household,Cleaning,Wonder Bread,22.14,16.5,True
712,DAI-000712-421,General Mills Sour Cream 16oz,Dairy,Dairy,General Mills,5.0,3.09,True
713,BAK-000713-899,365 Whole Foods Donuts Glazed 12ct,Bakery,Bakery,365 Whole Foods,11.38,7.21,True
714,FRO-000714-288,Kraft Fish Sticks 15oz,Frozen,Frozen,Kraft,13.31,7.7,True
715,BEV-000715-270,Nestle Pepsi Cola 12x12oz Cans,Beverages,Drinks,Nestle,8.06,4.61,True
716,FRO-000716-126,Kirkland Signature Frozen Lasagna Family Size,Frozen,Frozen,Kirkland Signature,12.36,8.29,False
717,PRO-000717-259,Hellmanns Roma Tomatoes 2lb Package,Produce,Fresh,Hellmanns,2.28,1.74,True
718,MEA-000718-553,Dole Pork Chops Bone-In 1lb,Meat,Butcher,Dole,23.78,13.8,True
719,GRO-000719-465,Oscar Mayer Long Grain White Rice 2lb Bag,Grocery,Pantry,Oscar Mayer,11.36,7.1,True
720,SNA-000720-555,Doritos Mixed Nuts Roasted 15oz,Snacks,Snacks,Doritos,2.87,2.2,True
721,FRO-000721-755,Lays Fish Sticks 15oz,Frozen,Frozen,Lays,10.84,6.73,True
722,SNA-000722-552,Horizon Organic Pretzels Mini 16oz,Snacks,Snacks,Horizon Organic,4.89,3.15,True
723,GRO-000723-934,Lays Long Grain White Rice 2lb Bag,Grocery,Pantry,Lays,10.16,5.91,True
724,SNA-000724-603,Folgers Potato Chips Classic 10oz,Snacks,Snacks,Folgers,12.37,8.16,True
725,BAK-000725-336,Hellmanns Donuts Glazed 12ct,Bakery,Bakery,Hellmanns,10.61,7.17,True
726,SNA-000726-355,Tide Chocolate Bar Milk 1.55oz,Snacks,Snacks,Tide,3.2,2.3,True
727,BAK-000727-181,Tyson Sourdough Bread Loaf,Bakery,Bakery,Tyson,6.23,3.77,True
728,BEV-000728-860,Wonder Bread Coffee Ground Medium Roast 12oz,Beverages,Drinks,Wonder Bread,9.61,5.88,True
729,PRO-000729-396,Pepsi Gala Apples 3lb Bag,Produce,Fresh,Pepsi,2.58,1.69,True
730,FRO-000730-119,Chiquita Chicken Nuggets 24oz,Frozen,Frozen,Chiquita,5.24,4.05,True
731,PRO-000731-228,Tyson Roma Tomatoes 2lb Package,Produce,Fresh,Tyson,9.66,6.93,True
732,DAI-000732-322,Nature Valley Whole Milk Gallon,Dairy,Dairy,Nature Valley,5.29,3.29,True
733,HOU-000733-910,Folgers Aluminum Foil 200sq ft,Household,Cleaning,Folgers,5.94,3.38,True
734,DAI-000734-894,Tyson Whole Milk Gallon,Dairy,Dairy,Tyson,5.88,3.97,True
735,BEV-000735-224,Great Value Energy Drink Original 4x16oz,Beverages,Drinks,Great Value,14.7,10.5,True
736,FRO-000736-303,Kirkland Signature Chicken Nuggets 24oz,Frozen,Frozen,Kirkland Signature,8.79,6.39,True
737,MEA-000737-797,Tide Italian Sausage Links 12oz,Meat,Butcher,Tide,33.83,25.89,True
738,GRO-000738-633,Doritos Chicken Broth 32oz,Grocery,Pantry,Doritos,2.72,1.8,True
739,HOU-000739-323,Oscar Mayer Paper Towels 6 Rolls,Household,Cleaning,Oscar Mayer,34.19,20.66,True
740,GRO-000740-698,Tyson Peanut Butter Creamy 16oz,Grocery,Pantry,Tyson,2.69,1.97,True
741,GRO-000741-586,Folgers All-Purpose Flour 5lb Bag,Grocery,Pantry,Folgers,9.34,5.47,True
742,MEA-000742-193,Nature Valley Atlantic Salmon Fillet 1lb,Meat,Butcher,Nature Valley,25.57,16.05,False
743,GRO-000743-760,Bounty Long Grain White Rice 2lb Bag,Grocery,Pantry,Bounty,3.09,2.08,True
744,FRO-000744-671,Chiquita Chicken Nuggets 24oz,Frozen,Frozen,Chiquita,12.56,9.09,True
745,FRO-000745-805,Great Value Chicken Nuggets 24oz,Frozen,Frozen,Great Value,7.83,5.61,True
746,GRO-000746-548,Folgers Corn Flakes Cereal 12oz,Grocery,Pantry,Folgers,7.83,5.28,True
747,DAI-000747-431,Bounty Cream Cheese 8oz Bar,Dairy,Dairy,Bounty,9.86,6.05,True
748,SNA-000748-643,Horizon Organic Popcorn Microwave Butter 6ct,Snacks,Snacks,Horizon Organic,3.1,1.92,True
749,HOU-000749-894,Great Value Aluminum Foil 200sq ft,Household,Cleaning,Great Value,24.13,15.38,True
750,GRO-000750-894,Bounty All-Purpose Flour 5lb Bag,Grocery,Pantry,Bounty,8.55,5.33,True
751,SNA-000751-636,Nestle Chocolate Bar Milk 1.55oz,Snacks,Snacks,Nestle,9.28,6.74,True
752,BEV-000752-756,Private Selection Green Tea Bags 20ct,Beverages,Drinks,Private Selection,7.19,4.11,True
753,GRO-000753-282,Pepsi Ketchup 20oz,Grocery,Pantry,Pepsi,11.51,6.87,True
754,PRO-000754-757,Heinz Organic Bananas Bunch,Produce,Fresh,Heinz,11.07,7.76,True
755,BEV-000755-326,Bounty Coca-Cola Classic 12x12oz Cans,Beverages,Drinks,Bounty,10.46,5.92,True
756,MEA-000756-952,Nature Valley Chicken Thighs Family Pack,Meat,Butcher,Nature Valley,7.39,5.43,True
757,SNA-000757-913,Bounty Chocolate Bar Milk 1.55oz,Snacks,Snacks,Bounty,9.58,7.08,True
758,GRO-000758-954,Horizon Organic Chicken Broth 32oz,Grocery,Pantry,Horizon Organic,4.85,3.72,False
759,PRO-000759-644,General Mills Hass Avocados 4ct,Produce,Fresh,General Mills,5.8,3.45,True
760,DAI-000760-525,Doritos Cream Cheese 8oz Bar,Dairy,Dairy,Doritos,10.02,7.28,True
761,FRO-000761-270,Coca-Cola Fish Sticks 15oz,Frozen,Frozen,Coca-Cola,12.6,8.52,True
762,DAI-000762-553,Hellmanns Cream Cheese 8oz Bar,Dairy,Dairy,Hellmanns,12.21,9.25,True
763,HOU-000763-882,Private Selection Surface Cleaner Spray 22oz,Household,Cleaning,Private Selection,23.99,17.75,True
764,MEA-000764-319,Doritos Deli Ham Sliced 1lb,Meat,Butcher,Doritos,16.24,10.99,True
765,HOU-000765-506,365 Whole Foods Aluminum Foil 200sq ft,Household,Cleaning,365 Whole Foods,5.0,2.79,True
766,GRO-000766-409,Pepsi Granulated Sugar 4lb Bag,Grocery,Pantry,Pepsi,1.37,1.06,True
767,HOU-000767-942,Folgers Paper Towels 6 Rolls,Household,Cleaning,Folgers,13.27,8.99,True
768,DAI-000768-571,Kirkland Signature Large Grade A Eggs 12ct,Dairy,Dairy,Kirkland Signature,5.45,3.17,True
769,MEA-000769-930,Tyson Pork Chops Bone-In 1lb,Meat,Butcher,Tyson,14.0,9.54,True
770,MEA-000770-840,Horizon Organic Ground Pork 1lb,Meat,Butcher,Horizon Organic,14.73,9.74,True
771,PRO-000771-407,Wonder Bread Lemons 2lb Bag,Produce,Fresh,Wonder Bread,1.73,1.27,True
772,GRO-000772-456,Chiquita Mayonnaise 30oz,Grocery,Pantry,Chiquita,11.58,7.53,True
773,PRO-000773-865,General Mills Cucumber 3ct,Produce,Fresh,General Mills,8.93,6.15,True
774,BAK-000774-636,Dole Croissants 4ct,Bakery,Bakery,Dole,1.77,1.19,True
775,SNA-000775-151,Pepsi Pretzels Mini 16oz,Snacks,Snacks,Pepsi,9.17,7.15,False
776,SNA-000776-542,General Mills Tortilla Chips Restaurant Style 13oz,Snacks,Snacks,General Mills,4.68,3.0,True
777,PRO-000777-863,Heinz Fresh Strawberries 16oz,Produce,Fresh,Heinz,1.87,1.2,True
778,SNA-000778-233,Folgers Chocolate Bar Milk 1.55oz,Snacks,Snacks,Folgers,10.21,6.74,True
779,BAK-000779-674,Nestle Whole Wheat Bread,Bakery,Bakery,Nestle,8.5,6.11,True
780,PRO-000780-431,Private Selection Roma Tomatoes 2lb Package,Produce,Fresh,Private Selection,9.3,6.35,True
781,BAK-000781-456,Bounty Tortillas Flour 10ct,Bakery,Bakery,Bounty,3.52,2.21,True
782,BEV-000782-731,Bounty Orange Juice Pulp Free 52oz,Beverages,Drinks,Bounty,12.94,9.51,True
783,FRO-000783-304,General Mills Frozen Pizza Pepperoni 12in,Frozen,Frozen,General Mills,11.37,6.66,True
784,PRO-000784-348,Kirkland Signature Hass Avocados 4ct,Produce,Fresh,Kirkland Signature,12.39,9.46,True
785,BEV-000785-810,Chiquita Coca-Cola Classic 12x12oz Cans,Beverages,Drinks,Chiquita,12.74,7.9,True
786,HOU-000786-316,Doritos Trash Bags Tall Kitchen 80ct,Household,Cleaning,Doritos,11.1,7.44,True
787,FRO-000787-815,Folgers Frozen Mixed Vegetables 12oz,Frozen,Frozen,Folgers,11.17,7.11,True
788,SNA-000788-274,Tyson Potato Chips Classic 10oz,Snacks,Snacks,Tyson,1.99,1.19,True
789,BEV-000789-770,365 Whole Foods Coca-Cola Classic 12x12oz Cans,Beverages,Drinks,365 Whole Foods,14.36,8.12,True
790,HOU-000790-399,Great Value Laundry Detergent Liquid 100oz,Household,Cleaning,Great Value,31.01,21.69,True
791,BAK-000791-201,Folgers Baguette French,Bakery,Bakery,Folgers,11.87,7.85,True
792,PRO-000792-612,Nestle Gala Apples 3lb Bag,Produce,Fresh,Nestle,12.6,8.55,True
793,GRO-000793-412,Lays Tomato Sauce 15oz,Grocery,Pantry,Lays,5.19,3.32,True
794,HOU-000794-463,Bounty Mop Refills 2ct,Household,Cleaning,Bounty,23.75,14.35,False
795,SNA-000795-740,Kirkland Signature Mixed Nuts Roasted 15oz,Snacks,Snacks,Kirkland Signature,4.3,2.75,False
796,GRO-000796-330,Tyson Granulated Sugar 4lb Bag,Grocery,Pantry,Tyson,3.06,2.31,True
797,PRO-000797-633,Tide Clementines 3lb Bag,Produce,Fresh,Tide,12.53,8.66,True
798,MEA-000798-686,General Mills Ribeye Steak 12oz,Meat,Butcher,General Mills,9.57,7.4,True
799,HOU-000799-234,Doritos Aluminum Foil 200sq ft,Household,Cleaning,Doritos,11.19,6.51,True
800,MEA-000800-805,Dole Atlantic Salmon Fillet 1lb,Meat,Butcher,Dole,26.14,17.53,True
801,DAI-000801-261,Heinz Almond Milk Unsweetened 64oz,Dairy,Dairy,Heinz,5.0,3.39,True
802,PRO-000802-959,Chiquita Gala Apples 3lb Bag,Produce,Fresh,Chiquita,11.58,8.31,True
803,BAK-000803-553,Dole Tortillas Flour 10ct,Bakery,Bakery,Dole,10.01,7.4,True
804,BEV-000804-209,Nestle Orange Juice Pulp Free 52oz,Beverages,Drinks,Nestle,5.0,2.78,False
805,BEV-000805-727,Heinz Sports Drink Variety 6x20oz,Beverages,Drinks,Heinz,6.15,3.71,True
806,HOU-000806-898,Folgers Laundry Detergent Liquid 100oz,Household,Cleaning,Folgers,19.29,12.84,True
807,HOU-000807-603,Tide Dish Soap Liquid 24oz,Household,Cleaning,Tide,19.21,11.29,True
808,BAK-000808-522,Tyson Croissants 4ct,Bakery,Bakery,Tyson,3.89,2.74,True
809,MEA-000809-549,Kraft Ground Beef 80/20 1lb,Meat,Butcher,Kraft,31.0,20.54,True
810,FRO-000810-514,Private Selection Chicken Nuggets 24oz,Frozen,Frozen,Private Selection,12.42,8.57,True
811,HOU-000811-860,Hellmanns Sponges Scrub 6ct,Household,Cleaning,Hellmanns,22.15,14.91,True
812,GRO-000812-562,Coca-Cola Granulated Sugar 4lb Bag,Grocery,Pantry,Coca-Cola,6.64,4.99,True
813,MEA-000813-505,Doritos Rotisserie Chicken Whole,Meat,Butcher,Doritos,34.5,19.29,True
814,GRO-000814-550,Dole Tomato Sauce 15oz,Grocery,Pantry,Dole,5.95,3.69,True
815,FRO-000815-401,Private Selection Frozen Mixed Vegetables 12oz,Frozen,Frozen,Private Selection,10.54,5.93,True
816,DAI-000816-562,Wonder Bread Half and Half Quart,Dairy,Dairy,Wonder Bread,2.35,1.56,True
817,SNA-000817-523,Tide Popcorn Microwave Butter 6ct,Snacks,Snacks,Tide,5.07,2.82,True
818,MEA-000818-356,Horizon Organic Italian Sausage Links 12oz,Meat,Butcher,Horizon Organic,14.71,10.28,True
819,DAI-000819-193,Coca-Cola String Cheese 12ct,Dairy,Dairy,Coca-Cola,2.63,1.72,True
820,SNA-000820-726,Lays Chocolate Bar Milk 1.55oz,Snacks,Snacks,Lays,12.4,7.9,True
821,DAI-000821-992,Heinz Sour Cream 16oz,Dairy,Dairy,Heinz,9.01,5.27,True
822,DAI-000822-152,Folgers Cottage Cheese 16oz,Dairy,Dairy,Folgers,6.2,3.85,True
823,FRO-000823-285,Wonder Bread Frozen Waffles 10ct,Frozen,Frozen,Wonder Bread,4.84,2.81,True
824,BEV-000824-609,365 Whole Foods Coca-Cola Classic 12x12oz Cans,Beverages,Drinks,365 Whole Foods,13.33,9.0,True
825,FRO-000825-702,Nestle Chicken Nuggets 24oz,Frozen,Frozen,Nestle,11.07,7.24,True
826,GRO-000826-384,Doritos Tomato Sauce 15oz,Grocery,Pantry,Doritos,8.54,5.79,True
827,GRO-000827-156,Pepsi Peanut Butter Creamy 16oz,Grocery,Pantry,Pepsi,8.93,4.99,True
828,BEV-000828-150,Horizon Organic Green Tea Bags 20ct,Beverages,Drinks,Horizon Organic,4.74,3.69,True
829,BEV-000829-808,Oscar Mayer Sports Drink Variety 6x20oz,Beverages,Drinks,Oscar Mayer,11.54,7.87,True
830,FRO-000830-195,Kirkland Signature French Fries Crinkle 32oz,Frozen,Frozen,Kirkland Signature,12.33,7.7,True
831,PRO-000831-963,Private Selection Romaine Hearts 3ct,Produce,Fresh,Private Selection,7.73,4.77,True
832,BEV-000832-523,Lays Green Tea Bags 20ct,Beverages,Drinks,Lays,9.52,6.76,True
833,PRO-000833-641,Wonder Bread Lemons 2lb Bag,Produce,Fresh,Wonder Bread,12.84,8.49,True
834,BEV-000834-968,Hellmanns Energy Drink Original 4x16oz,Beverages,Drinks,Hellmanns,7.13,4.78,False
835,HOU-000835-676,Hellmanns Dish Soap Liquid 24oz,Household,Cleaning,Hellmanns,19.88,14.27,True
836,DAI-000836-825,General Mills Vanilla Ice Cream Gallon,Dairy,Dairy,General Mills,4.69,2.79,True
837,FRO-000837-918,Nestle Vanilla Ice Cream Bars 6ct,Frozen,Frozen,Nestle,10.57,6.82,True
838,HOU-000838-317,Wonder Bread LED Light Bulbs 4ct,Household,Cleaning,Wonder Bread,5.33,3.18,True
839,PRO-000839-618,Dole Roma Tomatoes 2lb Package,Produce,Fresh,Dole,7.72,5.61,True
840,HOU-000840-841,Tide Surface Cleaner Spray 22oz,Household,Cleaning,Tide,22.06,17.0,True
841,MEA-000841-788,Chiquita Ground Turkey 1lb,Meat,Butcher,Chiquita,19.36,12.76,True
842,DAI-000842-742,Pepsi Half and Half Quart,Dairy,Dairy,Pepsi,6.68,5.0,True
843,FRO-000843-955,Kirkland Signature Fish Sticks 15oz,Frozen,Frozen,Kirkland Signature,9.48,6.45,True
844,SNA-000844-313,Great Value Cookies Sandwich 15.25oz,Snacks,Snacks,Great Value,8.05,5.04,True
845,HOU-000845-387,Pepsi Laundry Detergent Liquid 100oz,Household,Cleaning,Pepsi,30.21,18.97,True
846,SNA-000846-720,Heinz Popcorn Microwave Butter 6ct,Snacks,Snacks,Heinz,5.85,4.02,True
847,BEV-000847-132,Folgers Green Tea Bags 20ct,Beverages,Drinks,Folgers,6.61,3.77,True
848,HOU-000848-321,Dole Aluminum Foil 200sq ft,Household,Cleaning,Dole,20.74,12.24,True
849,GRO-000849-194,Nestle Salsa Medium 16oz,Grocery,Pantry,Nestle,6.48,3.6,True
850,SNA-000850-448,Nestle Popcorn Microwave Butter 6ct,Snacks,Snacks,Nestle,12.1,8.69,True
851,HOU-000851-941,Coca-Cola Dish Soap Liquid 24oz,Household,Cleaning,Coca-Cola,34.46,23.04,False
852,MEA-000852-570,Kirkland Signature Ground Pork 1lb,Meat,Butcher,Kirkland Signature,16.62,12.45,True
853,BEV-000853-968,Oscar Mayer Coca-Cola Classic 12x12oz Cans,Beverages,Drinks,Oscar Mayer,10.32,5.88,True
854,GRO-000854-884,Lays Spaghetti Pasta 16oz,Grocery,Pantry,Lays,9.0,5.6,True
855,BEV-000855-428,Nestle Cold Brew Coffee 48oz,Beverages,Drinks,Nestle,5.8,3.57,True
856,FRO-000856-252,Tyson Vanilla Ice Cream Bars 6ct,Frozen,Frozen,Tyson,5.3,3.05,False
857,SNA-000857-311,Coca-Cola Cookies Sandwich 15.25oz,Snacks,Snacks,Coca-Cola,7.64,5.17,True
858,BEV-000858-275,General Mills Sports Drink Variety 6x20oz,Beverages,Drinks,General Mills,4.31,2.98,True
859,FRO-000859-129,Pepsi Frozen Pizza Pepperoni 12in,Frozen,Frozen,Pepsi,8.9,6.28,True
860,GRO-000860-501,Private Selection Spaghetti Pasta 16oz,Grocery,Pantry,Private Selection,3.38,2.32,True
861,FRO-000861-440,Dole French Fries Crinkle 32oz,Frozen,Frozen,Dole,12.89,9.2,True
862,SNA-000862-681,365 Whole Foods Tortilla Chips Restaurant Style 13oz,Snacks,Snacks,365 Whole Foods,2.83,2.09,True
863,FRO-000863-417,365 Whole Foods Vanilla Ice Cream Bars 6ct,Frozen,Frozen,365 Whole Foods,11.36,8.1,True
864,MEA-000864-981,Pepsi Pork Chops Bone-In 1lb,Meat,Butcher,Pepsi,31.86,19.41,True
865,DAI-000865-438,Oscar Mayer String Cheese 12ct,Dairy,Dairy,Oscar Mayer,10.52,7.92,True
866,GRO-000866-215,Nature Valley Spaghetti Pasta 16oz,Grocery,Pantry,Nature Valley,5.4,3.54,True
867,HOU-000867-230,Heinz Batteries AA 24ct,Household,Cleaning,Heinz,20.23,13.01,True
868,PRO-000868-765,Doritos Yellow Onions 3lb Bag,Produce,Fresh,Doritos,2.12,1.31,True
869,BAK-000869-349,Hellmanns Sourdough Bread Loaf,Bakery,Bakery,Hellmanns,7.7,5.96,True
870,HOU-000870-705,Folgers Trash Bags Tall Kitchen 80ct,Household,Cleaning,Folgers,17.92,13.9,True
871,HOU-000871-341,Folgers LED Light Bulbs 4ct,Household,Cleaning,Folgers,10.18,7.17,True
872,FRO-000872-710,Heinz Vanilla Ice Cream Bars 6ct,Frozen,Frozen,Heinz,8.81,5.97,True
873,DAI-000873-171,Tide Salted Butter Sticks 16oz,Dairy,Dairy,Tide,8.29,5.87,True
874,BAK-000874-760,Nature Valley Blueberry Muffins 4ct,Bakery,Bakery,Nature Valley,9.01,5.14,True
875,GRO-000875-776,Pepsi Salsa Medium 16oz,Grocery,Pantry,Pepsi,3.04,2.04,True
876,FRO-000876-797,Nestle Chicken Nuggets 24oz,Frozen,Frozen,Nestle,13.58,8.41,True
877,BEV-000877-452,Folgers Energy Drink Original 4x16oz,Beverages,Drinks,Folgers,14.88,10.18,True
878,SNA-000878-972,Pepsi Chocolate Bar Milk 1.55oz,Snacks,Snacks,Pepsi,4.73,3.0,True
879,GRO-000879-673,Folgers Long Grain White Rice 2lb Bag,Grocery,Pantry,Folgers,10.89,6.89,True
880,GRO-000880-819,Private Selection Tomato Sauce 15oz,Grocery,Pantry,Private Selection,8.19,5.68,True
881,BAK-000881-658,Private Selection Tortillas Flour 10ct,Bakery,Bakery,Private Selection,3.76,2.22,True
882,SNA-000882-960,Bounty Chocolate Bar Milk 1.55oz,Snacks,Snacks,Bounty,6.17,3.8,True
883,DAI-000883-173,Great Value Sharp Cheddar Cheese Block 8oz,Dairy,Dairy,Great Value,8.88,5.18,True
884,BAK-000884-240,Horizon Organic Chocolate Chip Cookies 12ct,Bakery,Bakery,Horizon Organic,8.8,5.68,True
885,BAK-000885-565,Kraft Whole Wheat Bread,Bakery,Bakery,Kraft,7.25,4.91,True
886,HOU-000886-534,Kraft Trash Bags Tall Kitchen 80ct,Household,Cleaning,Kraft,23.13,15.8,True
887,MEA-000887-375,Lays Ground Pork 1lb,Meat,Butcher,Lays,17.32,11.7,True
888,GRO-000888-821,Nature Valley All-Purpose Flour 5lb Bag,Grocery,Pantry,Nature Valley,5.6,3.83,False
889,PRO-000889-979,Lays Gala Apples 3lb Bag,Produce,Fresh,Lays,12.8,9.33,True
890,PRO-000890-190,Hellmanns Organic Carrots 2lb Bag,Produce,Fresh,Hellmanns,4.16,2.89,True
891,PRO-000891-652,Wonder Bread Green Seedless Grapes 2lb,Produce,Fresh,Wonder Bread,10.63,6.61,True
892,HOU-000892-580,Great Value LED Light Bulbs 4ct,Household,Cleaning,Great Value,18.61,14.11,True
893,HOU-000893-917,Bounty Sponges Scrub 6ct,Household,Cleaning,Bounty,13.83,8.14,True
894,BEV-000894-162,Tyson Sports Drink Variety 6x20oz,Beverages,Drinks,Tyson,10.73,7.33,True
895,BEV-000895-393,Great Value Sports Drink Variety 6x20oz,Beverages,Drinks,Great Value,9.06,5.25,True
896,BEV-000896-730,Pepsi Coffee Ground Medium Roast 12oz,Beverages,Drinks,Pepsi,6.72,5.02,True
897,PRO-000897-705,Kraft Lemons 2lb Bag,Produce,Fresh,Kraft,9.94,6.97,True
898,DAI-000898-341,Folgers Salted Butter Sticks 16oz,Dairy,Dairy,Folgers,6.96,5.11,True
899,HOU-000899-709,Pepsi Laundry Detergent Liquid 100oz,Household,Cleaning,Pepsi,33.01,19.33,True
900,BAK-000900-776,General Mills Tortillas Flour 10ct,Bakery,Bakery,General Mills,6.44,4.49,True
901,HOU-000901-370,Wonder Bread Paper Towels 6 Rolls,Household,Cleaning,Wonder Bread,27.65,15.95,True
902,BAK-000902-587,Dole Cinnamon Rolls 8ct,Bakery,Bakery,Dole,10.02,7.25,True
903,BAK-000903-368,Nature Valley Tortillas Flour 10ct,Bakery,Bakery,Nature Valley,2.99,2.24,True
904,FRO-000904-423,Oscar Mayer Fish Sticks 15oz,Frozen,Frozen,Oscar Mayer,14.55,10.29,True
905,SNA-000905-725,Private Selection Granola Bars Chewy 6ct,Snacks,Snacks,Private Selection,12.03,8.99,True
906,BEV-000906-770,Tyson Pepsi Cola 12x12oz Cans,Beverages,Drinks,Tyson,10.21,6.7,True
907,MEA-000907-702,Oscar Mayer Ground Pork 1lb,Meat,Butcher,Oscar Mayer,28.1,18.82,True
908,DAI-000908-110,Doritos Sour Cream 16oz,Dairy,Dairy,Doritos,9.16,6.79,True
909,PRO-000909-801,Coca-Cola Organic Carrots 2lb Bag,Produce,Fresh,Coca-Cola,6.51,3.91,True
910,MEA-000910-734,Great Value Boneless Chicken Breast 1lb,Meat,Butcher,Great Value,7.75,5.94,True
911,MEA-000911-224,Wonder Bread Deli Ham Sliced 1lb,Meat,Butcher,Wonder Bread,26.23,15.15,True
912,DAI-000912-882,Oscar Mayer Mozzarella Shredded 8oz,Dairy,Dairy,Oscar Mayer,11.82,8.04,False
913,PRO-000913-359,Kraft Clementines 3lb Bag,Produce,Fresh,Kraft,4.74,3.33,True
914,FRO-000914-808,Private Selection Frozen Waffles 10ct,Frozen,Frozen,Private Selection,13.88,10.09,True
915,DAI-000915-383,Horizon Organic Cottage Cheese 16oz,Dairy,Dairy,Horizon Organic,10.38,6.62,True
916,GRO-000916-282,Tyson Canned Black Beans 15oz,Grocery,Pantry,Tyson,6.44,4.27,True
917,BAK-000917-603,Wonder Bread Chocolate Chip Cookies 12ct,Bakery,Bakery,Wonder Bread,2.56,1.73,True
918,PRO-000918-832,365 Whole Foods Blueberries 6oz,Produce,Fresh,365 Whole Foods,4.32,2.41,True
919,BEV-000919-609,Great Value Sparkling Water Lime 8x12oz,Beverages,Drinks,Great Value,5.2,3.63,True
920,BAK-000920-816,Pepsi Donuts Glazed 12ct,Bakery,Bakery,Pepsi,5.15,3.3,True
921,FRO-000921-513,Private Selection Frozen Berries Blend 16oz,Frozen,Frozen,Private Selection,13.2,9.63,True
922,SNA-000922-493,Great Value Pretzels Mini 16oz,Snacks,Snacks,Great Value,12.45,9.19,True
923,SNA-000923-798,Chiquita Granola Bars Chewy 6ct,Snacks,Snacks,Chiquita,4.83,2.72,False
924,PRO-000924-973,Doritos Yellow Onions 3lb Bag,Produce,Fresh,Doritos,12.53,7.12,True
925,BEV-000925-280,Nestle Cold Brew Coffee 48oz,Beverages,Drinks,Nestle,9.87,7.62,True
926,BEV-000926-745,Coca-Cola Energy Drink Original 4x16oz,Beverages,Drinks,Coca-Cola,11.41,7.55,True
927,FRO-000927-136,Pepsi Chicken Nuggets 24oz,Frozen,Frozen,Pepsi,5.71,4.09,True
928,FRO-000928-911,Horizon Organic Fish Sticks 15oz,Frozen,Frozen,Horizon Organic,9.71,6.03,True
929,FRO-000929-447,Kirkland Signature Frozen Pizza Pepperoni 12in,Frozen,Frozen,Kirkland Signature,4.13,3.02,True
930,PRO-000930-783,Wonder Bread Baby Spinach 5oz Clamshell,Produce,Fresh,Wonder Bread,7.41,5.68,True
931,SNA-000931-338,Heinz Popcorn Microwave Butter 6ct,Snacks,Snacks,Heinz,12.11,6.76,True
932,GRO-000932-146,Hellmanns Corn Flakes Cereal 12oz,Grocery,Pantry,Hellmanns,4.13,2.89,True
933,GRO-000933-940,Dole Mayonnaise 30oz,Grocery,Pantry,Dole,10.58,6.93,True
934,PRO-000934-216,Coca-Cola Cucumber 3ct,Produce,Fresh,Coca-Cola,7.11,5.22,True
935,MEA-000935-930,Chiquita Ribeye Steak 12oz,Meat,Butcher,Chiquita,30.07,21.64,True
936,PRO-000936-658,Heinz Green Seedless Grapes 2lb,Produce,Fresh,Heinz,2.9,2.15,True
937,GRO-000937-443,Kraft All-Purpose Flour 5lb Bag,Grocery,Pantry,Kraft,2.03,1.24,True
938,DAI-000938-666,Bounty String Cheese 12ct,Dairy,Dairy,Bounty,3.22,1.95,True
939,DAI-000939-727,Wonder Bread Large Grade A Eggs 12ct,Dairy,Dairy,Wonder Bread,5.69,3.34,True
940,PRO-000940-283,Great Value Organic Bananas Bunch,Produce,Fresh,Great Value,12.13,8.64,True
941,BEV-000941-926,Folgers Energy Drink Original 4x16oz,Beverages,Drinks,Folgers,12.6,8.31,True
942,DAI-000942-635,Tyson Almond Milk Unsweetened 64oz,Dairy,Dairy,Tyson,6.56,3.97,True
943,GRO-000943-834,Kraft All-Purpose Flour 5lb Bag,Grocery,Pantry,Kraft,7.14,5.49,True
944,BEV-000944-104,Private Selection Green Tea Bags 20ct,Beverages,Drinks,Private Selection,9.9,5.88,False
945,PRO-000945-983,Bounty Lemons 2lb Bag,Produce,Fresh,Bounty,10.2,6.88,True
946,MEA-000946-298,Kirkland Signature Bacon Sliced 12oz,Meat,Butcher,Kirkland Signature,8.37,4.89,True
947,FRO-000947-263,Kraft Frozen Berries Blend 16oz,Frozen,Frozen,Kraft,11.2,6.27,True
948,BEV-000948-357,Private Selection Spring Water 24x16.9oz Bottles,Beverages,Drinks,Private Selection,7.33,5.39,True
949,GRO-000949-650,Kirkland Signature Spaghetti Pasta 16oz,Grocery,Pantry,Kirkland Signature,3.35,2.45,True
950,PRO-000950-838,General Mills Hass Avocados 4ct,Produce,Fresh,General Mills,6.49,4.43,True
951,HOU-000951-433,Coca-Cola Trash Bags Tall Kitchen 80ct,Household,Cleaning,Coca-Cola,11.82,7.15,True
952,MEA-000952-175,General Mills Ribeye Steak 12oz,Meat,Butcher,General Mills,19.12,12.65,True
953,DAI-000953-565,Hellmanns Greek Yogurt Plain 32oz,Dairy,Dairy,Hellmanns,3.37,2.14,True
954,MEA-000954-376,Bounty Chicken Thighs Family Pack,Meat,Butcher,Bounty,11.06,6.41,True
955,GRO-000955-213,Pepsi Canned Black Beans 15oz,Grocery,Pantry,Pepsi,11.25,7.37,True
956,HOU-000956-718,Dole Trash Bags Tall Kitchen 80ct,Household,Cleaning,Dole,9.69,7.1,False
957,DAI-000957-975,Doritos Vanilla Ice Cream Gallon,Dairy,Dairy,Doritos,3.98,2.57,True
958,MEA-000958-957,Nature Valley Deli Ham Sliced 1lb,Meat,Butcher,Nature Valley,18.87,10.44,True
959,MEA-000959-544,Chiquita Pork Chops Bone-In 1lb,Meat,Butcher,Chiquita,22.37,16.89,True
960,DAI-000960-527,Great Value Vanilla Ice Cream Gallon,Dairy,Dairy,Great Value,12.76,7.14,True
961,SNA-000961-643,Private Selection Potato Chips Classic 10oz,Snacks,Snacks,Private Selection,5.9,4.34,True
962,PRO-000962-346,Nature Valley Fresh Strawberries 16oz,Produce,Fresh,Nature Valley,2.26,1.63,True
963,BAK-000963-467,Pepsi Sourdough Bread Loaf,Bakery,Bakery,Pepsi,4.75,3.32,True
964,FRO-000964-820,Kraft Frozen Waffles 10ct,Frozen,Frozen,Kraft,8.77,5.97,True
965,FRO-000965-995,Pepsi Frozen Berries Blend 16oz,Frozen,Frozen,Pepsi,11.58,6.86,True
966,FRO-000966-172,Wonder Bread Frozen Pizza Pepperoni 12in,Frozen,Frozen,Wonder Bread,7.92,5.61,True
967,BEV-000967-814,Tyson Energy Drink Original 4x16oz,Beverages,Drinks,Tyson,14.37,9.7,True
968,PRO-000968-853,Chiquita Lemons 2lb Bag,Produce,Fresh,Chiquita,12.2,8.15,True
969,HOU-000969-492,Coca-Cola Paper Towels 6 Rolls,Household,Cleaning,Coca-Cola,15.96,11.05,True
970,DAI-000970-821,Doritos Almond Milk Unsweetened 64oz,Dairy,Dairy,Doritos,2.07,1.48,True
971,HOU-000971-216,Doritos Trash Bags Tall Kitchen 80ct,Household,Cleaning,Doritos,24.46,17.6,True
972,MEA-000972-428,General Mills Ground Pork 1lb,Meat,Butcher,General Mills,15.57,9.52,True
973,BEV-000973-481,Horizon Organic Coca-Cola Classic 12x12oz Cans,Beverages,Drinks,Horizon Organic,7.46,4.94,True
974,PRO-000974-644,Folgers Fresh Strawberries 16oz,Produce,Fresh,Folgers,9.23,6.21,True
975,HOU-000975-928,Folgers Mop Refills 2ct,Household,Cleaning,Folgers,34.33,25.85,True
976,FRO-000976-500,Horizon Organic Vanilla Ice Cream Bars 6ct,Frozen,Frozen,Horizon Organic,13.82,8.52,False
977,PRO-000977-214,Tyson Gala Apples 3lb Bag,Produce,Fresh,Tyson,9.45,6.28,True
978,SNA-000978-526,Dole Potato Chips Classic 10oz,Snacks,Snacks,Dole,12.63,8.52,True
979,HOU-000979-855,365 Whole Foods Sponges Scrub 6ct,Household,Cleaning,365 Whole Foods,24.33,15.01,True
980,MEA-000980-443,Wonder Bread Rotisserie Chicken Whole,Meat,Butcher,Wonder Bread,17.34,10.9,True
981,HOU-000981-781,Heinz Aluminum Foil 200sq ft,Household,Cleaning,Heinz,25.9,19.26,True
982,BEV-000982-908,Pepsi Sports Drink Variety 6x20oz,Beverages,Drinks,Pepsi,7.01,5.13,True
983,HOU-000983-251,Kirkland Signature Paper Plates 40ct,Household,Cleaning,Kirkland Signature,15.58,10.2,True
984,DAI-000984-392,Doritos String Cheese 12ct,Dairy,Dairy,Doritos,3.42,2.02,True
985,DAI-000985-219,General Mills Sharp Cheddar Cheese Block 8oz,Dairy,Dairy,General Mills,1.77,1.1,True
986,BEV-000986-310,Kraft Green Tea Bags 20ct,Beverages,Drinks,Kraft,9.96,5.56,True
987,HOU-000987-559,Bounty Dish Soap Liquid 24oz,Household,Cleaning,Bounty,21.19,12.45,True
988,GRO-000988-886,Nature Valley Honey Wheat Bread Loaf,Grocery,Pantry,Nature Valley,2.99,1.96,True
989,GRO-000989-619,Doritos Chicken Broth 32oz,Grocery,Pantry,Doritos,5.17,3.68,True
990,BEV-000990-250,Oscar Mayer Sports Drink Variety 6x20oz,Beverages,Drinks,Oscar Mayer,12.69,9.11,True
991,HOU-000991-849,Coca-Cola Fabric Softener 60oz,Household,Cleaning,Coca-Cola,19.36,10.83,True
992,PRO-000992-511,Great Value Roma Tomatoes 2lb Package,Produce,Fresh,Great Value,8.52,5.12,True
993,HOU-000993-756,Hellmanns Paper Towels 6 Rolls,Household,Cleaning,Hellmanns,10.84,7.27,True
994,BEV-000994-185,Great Value Spring Water 24x16.9oz Bottles,Beverages,Drinks,Great Value,9.68,6.32,True
995,PRO-000995-299,Tide Organic Carrots 2lb Bag,Produce,Fresh,Tide,7.03,4.84,True
996,GRO-000996-469,Oscar Mayer Mayonnaise 30oz,Grocery,Pantry,Oscar Mayer,5.94,4.25,True
997,BAK-000997-391,Great Value Blueberry Muffins 4ct,Bakery,Bakery,Great Value,5.33,3.31,True
998,SNA-000998-845,Nestle Tortilla Chips Restaurant Style 13oz,Snacks,Snacks,Nestle,11.68,8.42,True
999,FRO-000999-925,Kraft Frozen Waffles 10ct,Frozen,Frozen,Kraft,11.86,8.97,True
1000,BAK-001000-712,Heinz Chocolate Chip Cookies 12ct,Bakery,Bakery,Heinz,2.3,1.37,True
1001,SNA-001001-704,Horizon Organic Granola Bars Chewy 6ct,Snacks,Snacks,Horizon Organic,10.14,5.78,True
1002,BEV-001002-669,Kraft Energy Drink Original 4x16oz,Beverages,Drinks,Kraft,8.8,5.99,True
1003,MEA-001003-396,Tide Atlantic Salmon Fillet 1lb,Meat,Butcher,Tide,21.61,12.1,True
1004,BEV-001004-857,Doritos Sparkling Water Lime 8x12oz,Beverages,Drinks,Doritos,8.82,4.91,True
1005,BEV-001005-954,Wonder Bread Coffee Ground Medium Roast 12oz,Beverages,Drinks,Wonder Bread,10.81,6.25,True
1006,BEV-001006-603,Kraft Energy Drink Original 4x16oz,Beverages,Drinks,Kraft,13.92,9.72,True
1007,BEV-001007-713,Horizon Organic Sparkling Water Lime 8x12oz,Beverages,Drinks,Horizon Organic,12.06,8.24,True
1008,BEV-001008-587,Oscar Mayer Cold Brew Coffee 48oz,Beverages,Drinks,Oscar Mayer,14.69,10.84,True
1009,GRO-001009-266,Tyson Ketchup 20oz,Grocery,Pantry,Tyson,8.1,4.73,True
1010,DAI-001010-154,Kraft Sour Cream 16oz,Dairy,Dairy,Kraft,4.48,2.9,True
1011,HOU-001011-398,Dole Paper Towels 6 Rolls,Household,Cleaning,Dole,20.88,15.98,True
1012,DAI-001012-713,Coca-Cola Cottage Cheese 16oz,Dairy,Dairy,Coca-Cola,10.1,6.82,True
1013,BEV-001013-814,Oscar Mayer Coffee Ground Medium Roast 12oz,Beverages,Drinks,Oscar Mayer,11.41,6.53,True
1014,DAI-001014-630,Pepsi Whole Milk Gallon,Dairy,Dairy,Pepsi,4.58,3.34,True
1015,DAI-001015-258,Nestle Large Grade A Eggs 12ct,Dairy,Dairy,Nestle,7.18,5.32,True
1016,SNA-001016-829,Doritos Cookies Sandwich 15.25oz,Snacks,Snacks,Doritos,7.74,5.6,True
1017,FRO-001017-938,Coca-Cola Vanilla Ice Cream Bars 6ct,Frozen,Frozen,Coca-Cola,5.0,2.77,True
1018,HOU-001018-711,365 Whole Foods Dish Soap Liquid 24oz,Household,Cleaning,365 Whole Foods,20.68,15.99,True
1019,BEV-001019-327,Coca-Cola Coca-Cola Classic 12x12oz Cans,Beverages,Drinks,Coca-Cola,4.97,3.53,True
1020,BEV-001020-233,Nestle Orange Juice Pulp Free 52oz,Beverages,Drinks,Nestle,14.77,9.57,True
1021,PRO-001021-893,Great Value Hass Avocados 4ct,Produce,Fresh,Great Value,6.96,4.52,True
1022,GRO-001022-625,Oscar Mayer Salsa Medium 16oz,Grocery,Pantry,Oscar Mayer,8.23,5.41,True
1023,GRO-001023-783,Dole Spaghetti Pasta 16oz,Grocery,Pantry,Dole,1.41,0.81,True
1024,MEA-001024-289,Nestle Deli Ham Sliced 1lb,Meat,Butcher,Nestle,25.11,13.98,True
1025,BEV-001025-460,Bounty Sports Drink Variety 6x20oz,Beverages,Drinks,Bounty,5.34,3.55,True
1026,MEA-001026-169,Heinz Rotisserie Chicken Whole,Meat,Butcher,Heinz,7.96,5.44,True
1027,MEA-001027-388,Nestle Ground Pork 1lb,Meat,Butcher,Nestle,10.14,7.34,True
1028,PRO-001028-616,Nestle Blueberries 6oz,Produce,Fresh,Nestle,11.25,7.42,True
1029,DAI-001029-209,Oscar Mayer Half and Half Quart,Dairy,Dairy,Oscar Mayer,3.41,2.15,True
1030,MEA-001030-517,General Mills Rotisserie Chicken Whole,Meat,Butcher,General Mills,8.38,6.51,True
1031,PRO-001031-607,Pepsi Organic Carrots 2lb Bag,Produce,Fresh,Pepsi,10.21,7.27,True
1032,GRO-001032-605,Chiquita Spaghetti Pasta 16oz,Grocery,Pantry,Chiquita,2.64,1.62,True
1033,BEV-001033-331,365 Whole Foods Cold Brew Coffee 48oz,Beverages,Drinks,365 Whole Foods,9.86,6.08,True
1034,MEA-001034-795,Nature Valley Ground Beef 80/20 1lb,Meat,Butcher,Nature Valley,16.01,8.85,True
1035,PRO-001035-635,365 Whole Foods Russet Potatoes 5lb Bag,Produce,Fresh,365 Whole Foods,9.0,5.13,True
1036,BAK-001036-859,Coca-Cola Whole Wheat Bread,Bakery,Bakery,Coca-Cola,12.12,9.39,True
1037,MEA-001037-709,Nestle Ground Turkey 1lb,Meat,Butcher,Nestle,30.31,19.49,True
1038,BAK-001038-883,Tyson Cinnamon Rolls 8ct,Bakery,Bakery,Tyson,9.64,6.59,True
1039,BAK-001039-782,Nature Valley Blueberry Muffins 4ct,Bakery,Bakery,Nature Valley,8.35,5.37,True
1040,BEV-001040-210,365 Whole Foods Orange Juice Pulp Free 52oz,Beverages,Drinks,365 Whole Foods,4.9,3.25,True
1041,DAI-001041-855,Coca-Cola Whole Milk Gallon,Dairy,Dairy,Coca-Cola,1.91,1.08,True
1042,DAI-001042-795,Hellmanns Mozzarella Shredded 8oz,Dairy,Dairy,Hellmanns,5.12,3.17,True
1043,PRO-001043-885,Lays Green Seedless Grapes 2lb,Produce,Fresh,Lays,7.05,4.63,True
1044,FRO-001044-367,Lays Frozen Berries Blend 16oz,Frozen,Frozen,Lays,9.73,7.16,True
1045,GRO-001045-540,Kirkland Signature Salsa Medium 16oz,Grocery,Pantry,Kirkland Signature,11.59,6.69,True
1046,BAK-001046-136,365 Whole Foods Cinnamon Rolls 8ct,Bakery,Bakery,365 Whole Foods,1.67,1.13,True
1047,BEV-001047-541,Nature Valley Orange Juice Pulp Free 52oz,Beverages,Drinks,Nature Valley,5.04,3.6,True
1048,PRO-001048-602,Oscar Mayer Lemons 2lb Bag,Produce,Fresh,Oscar Mayer,9.01,6.38,True
1049,FRO-001049-618,Kraft Frozen Lasagna Family Size,Frozen,Frozen,Kraft,4.13,2.52,True
1050,BAK-001050-461,Oscar Mayer Whole Wheat Bread,Bakery,Bakery,Oscar Mayer,10.26,6.31,True
1051,GRO-001051-457,Bounty Peanut Butter Creamy 16oz,Grocery,Pantry,Bounty,10.76,7.36,True
1052,HOU-001052-538,Coca-Cola Sponges Scrub 6ct,Household,Cleaning,Coca-Cola,15.34,9.7,True
1053,MEA-001053-763,General Mills Pork Chops Bone-In 1lb,Meat,Butcher,General Mills,14.35,8.17,True
1054,BEV-001054-273,Chiquita Pepsi Cola 12x12oz Cans,Beverages,Drinks,Chiquita,3.72,2.33,True
1055,BAK-001055-531,Lays Whole Wheat Bread,Bakery,Bakery,Lays,4.41,3.13,True
1056,HOU-001056-499,Heinz Sponges Scrub 6ct,Household,Cleaning,Heinz,14.66,8.39,True
1057,MEA-001057-614,Nature Valley Ground Turkey 1lb,Meat,Butcher,Nature Valley,29.33,20.63,True
1058,BEV-001058-306,Private Selection Green Tea Bags 20ct,Beverages,Drinks,Private Selection,9.2,6.85,True
1059,SNA-001059-371,Dole Pretzels Mini 16oz,Snacks,Snacks,Dole,1.85,1.44,True
1060,MEA-001060-834,Horizon Organic Deli Ham Sliced 1lb,Meat,Butcher,Horizon Organic,30.32,17.34,True
1061,PRO-001061-586,Lays Lemons 2lb Bag,Produce,Fresh,Lays,6.29,3.96,True
1062,BEV-001062-543,Dole Apple Juice 64oz Bottle,Beverages,Drinks,Dole,11.12,6.92,True
1063,BEV-001063-564,Lays Sports Drink Variety 6x20oz,Beverages,Drinks,Lays,11.21,7.58,True
1064,SNA-001064-611,Heinz Popcorn Microwave Butter 6ct,Snacks,Snacks,Heinz,3.78,2.92,True
1065,FRO-001065-645,Wonder Bread Frozen Waffles 10ct,Frozen,Frozen,Wonder Bread,12.79,9.54,True
1066,GRO-001066-473,Nestle Granulated Sugar 4lb Bag,Grocery,Pantry,Nestle,6.7,4.06,True
1067,BEV-001067-426,Private Selection Energy Drink Original 4x16oz,Beverages,Drinks,Private Selection,13.38,10.16,True
1068,BAK-001068-761,Dole Donuts Glazed 12ct,Bakery,Bakery,Dole,3.17,2.24,True
1069,MEA-001069-296,Pepsi Ground Beef 80/20 1lb,Meat,Butcher,Pepsi,5.82,4.27,True
1070,FRO-001070-532,Private Selection Frozen Lasagna Family Size,Frozen,Frozen,Private Selection,10.93,6.1,True
1071,DAI-001071-908,Tyson Whole Milk Gallon,Dairy,Dairy,Tyson,10.69,7.5,True
1072,GRO-001072-901,Nature Valley Chicken Broth 32oz,Grocery,Pantry,Nature Valley,1.52,1.14,True
1073,BEV-001073-472,Private Selection Pepsi Cola 12x12oz Cans,Beverages,Drinks,Private Selection,11.21,8.45,True
1074,DAI-001074-684,Coca-Cola Greek Yogurt Plain 32oz,Dairy,Dairy,Coca-Cola,9.88,7.55,True
1075,SNA-001075-192,Nature Valley Mixed Nuts Roasted 15oz,Snacks,Snacks,Nature Valley,4.08,2.36,True
1076,HOU-001076-925,Tide Batteries AA 24ct,Household,Cleaning,Tide,27.44,16.58,True
1077,DAI-001077-319,Kraft Large Grade A Eggs 12ct,Dairy,Dairy,Kraft,12.64,8.23,True
1078,GRO-001078-483,Doritos Corn Flakes Cereal 12oz,Grocery,Pantry,Doritos,9.48,5.46,True
1079,FRO-001079-903,Tyson Chicken Nuggets 24oz,Frozen,Frozen,Tyson,14.27,9.04,True
1080,BEV-001080-720,Wonder Bread Coca-Cola Classic 12x12oz Cans,Beverages,Drinks,Wonder Bread,3.89,2.8,True
1081,GRO-001081-345,Oscar Mayer Chicken Broth 32oz,Grocery,Pantry,Oscar Mayer,4.25,2.71,True
1082,HOU-001082-647,Coca-Cola Mop Refills 2ct,Household,Cleaning,Coca-Cola,31.0,23.17,True
1083,BAK-001083-192,Dole Donuts Glazed 12ct,Bakery,Bakery,Dole,12.24,8.86,True
1084,DAI-001084-424,Wonder Bread Half and Half Quart,Dairy,Dairy,Wonder Bread,11.58,8.41,True
1085,GRO-001085-942,Horizon Organic Canned Black Beans 15oz,Grocery,Pantry,Horizon Organic,10.41,6.9,True
1086,HOU-001086-997,Private Selection Fabric Softener 60oz,Household,Cleaning,Private Selection,32.55,18.65,True
1087,BEV-001087-460,Horizon Organic Apple Juice 64oz Bottle,Beverages,Drinks,Horizon Organic,8.33,5.98,True
1088,HOU-001088-128,Folgers Aluminum Foil 200sq ft,Household,Cleaning,Folgers,27.85,19.43,True
1089,FRO-001089-510,Great Value Frozen Mixed Vegetables 12oz,Frozen,Frozen,Great Value,5.79,3.59,True
1090,PRO-001090-628,General Mills Gala Apples 3lb Bag,Produce,Fresh,General Mills,9.64,7.0,True
1091,DAI-001091-520,Oscar Mayer Vanilla Ice Cream Gallon,Dairy,Dairy,Oscar Mayer,10.56,6.58,True
1092,DAI-001092-803,Kraft Salted Butter Sticks 16oz,Dairy,Dairy,Kraft,8.23,5.15,True
1093,PRO-001093-286,Bounty Russet Potatoes 5lb Bag,Produce,Fresh,Bounty,5.89,3.75,True
1094,MEA-001094-671,Great Value Boneless Chicken Breast 1lb,Meat,Butcher,Great Value,24.4,16.94,True
1095,FRO-001095-818,Tyson Chicken Nuggets 24oz,Frozen,Frozen,Tyson,13.29,7.46,True
1096,BEV-001096-476,Horizon Organic Orange Juice Pulp Free 52oz,Beverages,Drinks,Horizon Organic,5.45,3.71,True
1097,SNA-001097-947,365 Whole Foods Chocolate Bar Milk 1.55oz,Snacks,Snacks,365 Whole Foods,9.17,5.29,True
1098,MEA-001098-864,Dole Bacon Sliced 12oz,Meat,Butcher,Dole,19.82,11.49,True
1099,MEA-001099-293,Oscar Mayer Bacon Sliced 12oz,Meat,Butcher,Oscar Mayer,17.54,11.3,True
1100,BEV-001100-732,General Mills Coffee Ground Medium Roast 12oz,Beverages,Drinks,General Mills,8.68,5.27,True
1101,FRO-001101-580,Great Value Vanilla Ice Cream Bars 6ct,Frozen,Frozen,Great Value,5.02,3.13,True
1102,MEA-001102-825,Tide Ground Pork 1lb,Meat,Butcher,Tide,17.69,12.16,True
1103,SNA-001103-440,Kirkland Signature Potato Chips Classic 10oz,Snacks,Snacks,Kirkland Signature,12.18,8.02,True
1104,GRO-001104-616,Tyson Long Grain White Rice 2lb Bag,Grocery,Pantry,Tyson,8.54,5.29,True
1105,HOU-001105-142,Doritos Dish Soap Liquid 24oz,Household,Cleaning,Doritos,22.4,13.66,True
1106,HOU-001106-191,Pepsi Aluminum Foil 200sq ft,Household,Cleaning,Pepsi,14.51,9.75,True
1107,PRO-001107-230,Kirkland Signature Yellow Onions 3lb Bag,Produce,Fresh,Kirkland Signature,7.13,5.52,True
1108,HOU-001108-997,Dole Sponges Scrub 6ct,Household,Cleaning,Dole,12.89,9.55,True
1109,SNA-001109-268,Private Selection Granola Bars Chewy 6ct,Snacks,Snacks,Private Selection,4.98,3.88,True
1110,DAI-001110-751,Oscar Mayer Cream Cheese 8oz Bar,Dairy,Dairy,Oscar Mayer,10.63,5.98,True
1111,MEA-001111-581,Kirkland Signature Atlantic Salmon Fillet 1lb,Meat,Butcher,Kirkland Signature,12.8,9.12,True
1112,FRO-001112-465,365 Whole Foods Frozen Pizza Pepperoni 12in,Frozen,Frozen,365 Whole Foods,14.86,10.09,True
1113,PRO-001113-226,Pepsi Cucumber 3ct,Produce,Fresh,Pepsi,5.38,3.21,True
1114,DAI-001114-942,Lays String Cheese 12ct,Dairy,Dairy,Lays,4.48,3.38,True
1115,GRO-001115-284,Heinz Granulated Sugar 4lb Bag,Grocery,Pantry,Heinz,6.16,3.5,True
1116,PRO-001116-126,Chiquita Blueberries 6oz,Produce,Fresh,Chiquita,4.62,3.58,True
1117,HOU-001117-957,Coca-Cola Batteries AA 24ct,Household,Cleaning,Coca-Cola,14.7,8.18,True
1118,FRO-001118-375,Wonder Bread Frozen Berries Blend 16oz,Frozen,Frozen,Wonder Bread,10.32,5.69,False
1119,FRO-001119-232,Heinz French Fries Crinkle 32oz,Frozen,Frozen,Heinz,5.92,3.32,True
1120,HOU-001120-660,Horizon Organic Paper Towels 6 Rolls,Household,Cleaning,Horizon Organic,33.55,21.4,True
1121,DAI-001121-191,Tide Greek Yogurt Plain 32oz,Dairy,Dairy,Tide,1.53,0.91,True
1122,BAK-001122-870,Wonder Bread Donuts Glazed 12ct,Bakery,Bakery,Wonder Bread,12.46,7.29,True
1123,BAK-001123-717,Oscar Mayer Donuts Glazed 12ct,Bakery,Bakery,Oscar Mayer,2.83,1.99,True
1124,SNA-001124-556,Nature Valley Pretzels Mini 16oz,Snacks,Snacks,Nature Valley,11.65,7.68,True
1125,BAK-001125-930,Private Selection Bagels Plain 6ct,Bakery,Bakery,Private Selection,5.6,3.32,True
1126,PRO-001126-449,Lays Organic Bananas Bunch,Produce,Fresh,Lays,12.68,8.95,True
1127,DAI-001127-744,Lays Half and Half Quart,Dairy,Dairy,Lays,8.86,5.04,True
1128,PRO-001128-407,Nature Valley Blueberries 6oz,Produce,Fresh,Nature Valley,3.03,1.76,True
1129,MEA-001129-402,Private Selection Rotisserie Chicken Whole,Meat,Butcher,Private Selection,22.05,14.92,True
1130,SNA-001130-535,Lays Tortilla Chips Restaurant Style 13oz,Snacks,Snacks,Lays,6.12,4.02,True
1131,BEV-001131-699,Tyson Green Tea Bags 20ct,Beverages,Drinks,Tyson,4.43,2.95,True
1132,FRO-001132-963,Kraft Frozen Mixed Vegetables 12oz,Frozen,Frozen,Kraft,8.01,4.56,True
1133,BEV-001133-841,Heinz Green Tea Bags 20ct,Beverages,Drinks,Heinz,8.72,6.14,True
1134,BEV-001134-316,Kraft Green Tea Bags 20ct,Beverages,Drinks,Kraft,5.62,4.06,True
1135,PRO-001135-118,Doritos Russet Potatoes 5lb Bag,Produce,Fresh,Doritos,1.36,0.78,True
1136,FRO-001136-514,Folgers Frozen Berries Blend 16oz,Frozen,Frozen,Folgers,13.48,10.41,True
1137,FRO-001137-932,Hellmanns Frozen Waffles 10ct,Frozen,Frozen,Hellmanns,14.69,9.3,True
1138,BAK-001138-228,Horizon Organic Donuts Glazed 12ct,Bakery,Bakery,Horizon Organic,2.87,1.7,True
1139,MEA-001139-592,Nestle Boneless Chicken Breast 1lb,Meat,Butcher,Nestle,24.45,17.1,True
1140,SNA-001140-408,Horizon Organic Pretzels Mini 16oz,Snacks,Snacks,Horizon Organic,10.3,6.02,True
1141,PRO-001141-856,Pepsi Gala Apples 3lb Bag,Produce,Fresh,Pepsi,9.51,7.34,True
1142,FRO-001142-401,Nestle Chicken Nuggets 24oz,Frozen,Frozen,Nestle,10.04,7.45,True
1143,GRO-001143-967,Wonder Bread Spaghetti Pasta 16oz,Grocery,Pantry,Wonder Bread,9.63,7.47,True
1144,SNA-001144-599,Kirkland Signature Mixed Nuts Roasted 15oz,Snacks,Snacks,Kirkland Signature,5.97,3.99,True
1145,FRO-001145-162,Folgers Chicken Nuggets 24oz,Frozen,Frozen,Folgers,9.57,6.19,True
1146,PRO-001146-527,Wonder Bread Roma Tomatoes 2lb Package,Produce,Fresh,Wonder Bread,11.69,6.74,True
1147,HOU-001147-546,Folgers Aluminum Foil 200sq ft,Household,Cleaning,Folgers,5.61,3.46,True
1148,HOU-001148-619,General Mills Aluminum Foil 200sq ft,Household,Cleaning,General Mills,11.58,8.79,True
1149,FRO-001149-840,Dole Frozen Mixed Vegetables 12oz,Frozen,Frozen,Dole,11.67,8.99,True
1150,HOU-001150-736,Kraft Aluminum Foil 200sq ft,Household,Cleaning,Kraft,11.21,7.95,True
1151,FRO-001151-304,Kraft Frozen Mixed Vegetables 12oz,Frozen,Frozen,Kraft,5.29,3.51,True
1152,FRO-001152-314,General Mills Frozen Waffles 10ct,Frozen,Frozen,General Mills,9.89,7.71,True
1153,BEV-001153-262,Oscar Mayer Green Tea Bags 20ct,Beverages,Drinks,Oscar Mayer,5.5,4.11,True
1154,PRO-001154-216,Private Selection Yellow Onions 3lb Bag,Produce,Fresh,Private Selection,8.52,4.92,True
1155,BEV-001155-887,Bounty Green Tea Bags 20ct,Beverages,Drinks,Bounty,4.03,3.03,True
1156,DAI-001156-718,Lays String Cheese 12ct,Dairy,Dairy,Lays,9.12,6.5,True
1157,FRO-001157-208,Coca-Cola Frozen Berries Blend 16oz,Frozen,Frozen,Coca-Cola,12.48,8.61,True
1158,PRO-001158-142,Doritos Cucumber 3ct,Produce,Fresh,Doritos,7.23,4.25,True
1159,MEA-001159-845,Kraft Ground Turkey 1lb,Meat,Butcher,Kraft,13.75,8.96,True
1160,PRO-001160-472,Wonder Bread Gala Apples 3lb Bag,Produce,Fresh,Wonder Bread,5.2,3.02,True
1161,FRO-001161-351,Great Value Fish Sticks 15oz,Frozen,Frozen,Great Value,13.09,8.63,True
1162,DAI-001162-481,Tyson Large Grade A Eggs 12ct,Dairy,Dairy,Tyson,9.66,6.24,True
1163,MEA-001163-531,Lays Atlantic Salmon Fillet 1lb,Meat,Butcher,Lays,28.61,16.64,True
1164,BAK-001164-913,Lays Cinnamon Rolls 8ct,Bakery,Bakery,Lays,9.27,7.11,True
1165,GRO-001165-171,Lays Chicken Broth 32oz,Grocery,Pantry,Lays,2.28,1.42,False
1166,DAI-001166-502,Kirkland Signature Mozzarella Shredded 8oz,Dairy,Dairy,Kirkland Signature,10.17,7.14,True
1167,GRO-001167-918,Folgers Mac & Cheese Dinner 7.25oz,Grocery,Pantry,Folgers,9.02,6.04,True
1168,BAK-001168-838,Dole Baguette French,Bakery,Bakery,Dole,9.98,7.58,True
1169,BEV-001169-250,Hellmanns Apple Juice 64oz Bottle,Beverages,Drinks,Hellmanns,11.54,7.53,True
1170,SNA-001170-453,Folgers Beef Jerky Original 2.85oz,Snacks,Snacks,Folgers,11.68,8.52,True
1171,MEA-001171-137,Horizon Organic Bacon Sliced 12oz,Meat,Butcher,Horizon Organic,21.11,13.5,True
1172,DAI-001172-390,Doritos Cream Cheese 8oz Bar,Dairy,Dairy,Doritos,3.79,2.53,True
1173,HOU-001173-123,Kraft Mop Refills 2ct,Household,Cleaning,Kraft,5.83,4.27,True
1174,MEA-001174-617,Private Selection Bacon Sliced 12oz,Meat,Butcher,Private Selection,8.3,4.68,True
1175,SNA-001175-148,Coca-Cola Granola Bars Chewy 6ct,Snacks,Snacks,Coca-Cola,10.14,7.77,True
1176,GRO-001176-341,Chiquita Corn Flakes Cereal 12oz,Grocery,Pantry,Chiquita,10.71,8.33,True
1177,SNA-001177-406,Bounty Pretzels Mini 16oz,Snacks,Snacks,Bounty,4.62,3.37,True
1178,DAI-001178-632,Tide String Cheese 12ct,Dairy,Dairy,Tide,9.92,5.7,True
1179,MEA-001179-200,365 Whole Foods Ground Turkey 1lb,Meat,Butcher,365 Whole Foods,9.39,6.08,True
1180,PRO-001180-233,Private Selection Organic Bananas Bunch,Produce,Fresh,Private Selection,6.86,4.48,True
1181,SNA-001181-672,Heinz Chocolate Bar Milk 1.55oz,Snacks,Snacks,Heinz,7.36,4.72,True
1182,FRO-001182-805,365 Whole Foods Fish Sticks 15oz,Frozen,Frozen,365 Whole Foods,14.2,9.41,False
1183,DAI-001183-230,Lays Sharp Cheddar Cheese Block 8oz,Dairy,Dairy,Lays,6.96,4.56,False
1184,SNA-001184-811,Coca-Cola Cookies Sandwich 15.25oz,Snacks,Snacks,Coca-Cola,3.78,2.49,True
1185,SNA-001185-716,Coca-Cola Granola Bars Chewy 6ct,Snacks,Snacks,Coca-Cola,11.26,6.48,True
1186,BEV-001186-256,Lays Coca-Cola Classic 12x12oz Cans,Beverages,Drinks,Lays,4.84,3.0,True
1187,BEV-001187-910,Great Value Sparkling Water Lime 8x12oz,Beverages,Drinks,Great Value,5.13,3.75,True
1188,BEV-001188-287,Nestle Coffee Ground Medium Roast 12oz,Beverages,Drinks,Nestle,12.91,8.55,True
1189,HOU-001189-527,Kirkland Signature Laundry Detergent Liquid 100oz,Household,Cleaning,Kirkland Signature,19.43,12.07,True
1190,HOU-001190-954,Nature Valley Sponges Scrub 6ct,Household,Cleaning,Nature Valley,26.59,18.33,True
1191,SNA-001191-783,365 Whole Foods Beef Jerky Original 2.85oz,Snacks,Snacks,365 Whole Foods,6.54,4.9,True
1192,BAK-001192-504,General Mills Tortillas Flour 10ct,Bakery,Bakery,General Mills,5.26,2.95,True
1193,FRO-001193-190,Wonder Bread Frozen Waffles 10ct,Frozen,Frozen,Wonder Bread,13.45,9.59,True
1194,BEV-001194-226,Wonder Bread Apple Juice 64oz Bottle,Beverages,Drinks,Wonder Bread,10.9,6.21,False
1195,SNA-001195-634,Heinz Potato Chips Classic 10oz,Snacks,Snacks,Heinz,3.51,2.31,True
1196,PRO-001196-284,Doritos Green Seedless Grapes 2lb,Produce,Fresh,Doritos,12.55,7.7,True
1197,FRO-001197-721,Doritos Vanilla Ice Cream Bars 6ct,Frozen,Frozen,Doritos,7.17,4.91,True
1198,GRO-001198-284,Private Selection Olive Oil Extra Virgin 16.9oz,Grocery,Pantry,Private Selection,6.14,4.59,True
1199,BEV-001199-201,Coca-Cola Pepsi Cola 12x12oz Cans,Beverages,Drinks,Coca-Cola,9.72,5.98,True
1200,PRO-001200-517,Dole Gala Apples 3lb Bag,Produce,Fresh,Dole,9.23,5.2,False
1201,DAI-001201-159,Folgers Whole Milk Gallon,Dairy,Dairy,Folgers,4.78,2.74,True
1202,HOU-001202-947,Tide Paper Plates 40ct,Household,Cleaning,Tide,31.98,17.97,True
1203,MEA-001203-870,Lays Italian Sausage Links 12oz,Meat,Butcher,Lays,20.12,15.46,True
1204,HOU-001204-516,Doritos Aluminum Foil 200sq ft,Household,Cleaning,Doritos,6.95,3.87,True
1205,GRO-001205-700,Doritos Canned Black Beans 15oz,Grocery,Pantry,Doritos,9.19,5.58,True
1206,DAI-001206-516,Heinz Salted Butter Sticks 16oz,Dairy,Dairy,Heinz,6.51,4.85,True
1207,DAI-001207-272,Doritos Sour Cream 16oz,Dairy,Dairy,Doritos,10.44,7.03,True
1208,SNA-001208-101,Kirkland Signature Beef Jerky Original 2.85oz,Snacks,Snacks,Kirkland Signature,10.8,8.33,True
1209,DAI-001209-593,Kirkland Signature Whole Milk Gallon,Dairy,Dairy,Kirkland Signature,4.49,2.73,True
1210,HOU-001210-699,Nestle Mop Refills 2ct,Household,Cleaning,Nestle,30.21,18.57,True
1211,SNA-001211-191,Dole Tortilla Chips Restaurant Style 13oz,Snacks,Snacks,Dole,5.92,3.42,True
1212,SNA-001212-315,Private Selection Mixed Nuts Roasted 15oz,Snacks,Snacks,Private Selection,8.43,6.49,True
1213,HOU-001213-870,Tyson Mop Refills 2ct,Household,Cleaning,Tyson,26.22,16.07,True
1214,HOU-001214-570,Nestle Surface Cleaner Spray 22oz,Household,Cleaning,Nestle,33.76,21.12,True
1215,DAI-001215-723,Great Value Almond Milk Unsweetened 64oz,Dairy,Dairy,Great Value,6.87,5.2,True
1216,BAK-001216-820,Folgers Baguette French,Bakery,Bakery,Folgers,7.01,4.49,True
1217,PRO-001217-952,Great Value Organic Carrots 2lb Bag,Produce,Fresh,Great Value,10.84,7.07,True
1218,BAK-001218-496,Bounty Whole Wheat Bread,Bakery,Bakery,Bounty,3.36,2.44,True
1219,GRO-001219-479,365 Whole Foods Spaghetti Pasta 16oz,Grocery,Pantry,365 Whole Foods,12.24,7.98,True
1220,GRO-001220-796,Tyson Salsa Medium 16oz,Grocery,Pantry,Tyson,12.07,7.63,True
1221,BEV-001221-605,General Mills Spring Water 24x16.9oz Bottles,Beverages,Drinks,General Mills,14.61,8.16,True
1222,MEA-001222-940,Nestle Boneless Chicken Breast 1lb,Meat,Butcher,Nestle,24.14,13.89,True
1223,SNA-001223-665,Kraft Beef Jerky Original 2.85oz,Snacks,Snacks,Kraft,3.56,2.56,True
1224,DAI-001224-231,Heinz Large Grade A Eggs 12ct,Dairy,Dairy,Heinz,10.02,5.8,True
1225,MEA-001225-296,Tyson Rotisserie Chicken Whole,Meat,Butcher,Tyson,30.42,16.89,False
1226,SNA-001226-673,Oscar Mayer Mixed Nuts Roasted 15oz,Snacks,Snacks,Oscar Mayer,11.62,6.4,True
1227,GRO-001227-542,Chiquita Ketchup 20oz,Grocery,Pantry,Chiquita,11.17,7.19,True
1228,SNA-001228-470,Nature Valley Beef Jerky Original 2.85oz,Snacks,Snacks,Nature Valley,7.34,4.11,True
1229,GRO-001229-645,Private Selection Canned Black Beans 15oz,Grocery,Pantry,Private Selection,6.54,3.6,True
1230,PRO-001230-927,Heinz Blueberries 6oz,Produce,Fresh,Heinz,1.59,1.14,False
1231,BAK-001231-301,General Mills Bagels Plain 6ct,Bakery,Bakery,General Mills,3.21,1.99,True
1232,PRO-001232-542,Nature Valley Organic Bananas Bunch,Produce,Fresh,Nature Valley,10.74,7.37,True
1233,HOU-001233-210,General Mills Paper Plates 40ct,Household,Cleaning,General Mills,19.2,14.79,True
1234,HOU-001234-174,General Mills LED Light Bulbs 4ct,Household,Cleaning,General Mills,28.26,19.57,True
1235,FRO-001235-162,Horizon Organic Vanilla Ice Cream Bars 6ct,Frozen,Frozen,Horizon Organic,14.03,8.93,True
1236,PRO-001236-163,Pepsi Romaine Hearts 3ct,Produce,Fresh,Pepsi,12.04,7.85,True
1237,BAK-001237-793,Coca-Cola Bagels Plain 6ct,Bakery,Bakery,Coca-Cola,1.94,1.09,True
1238,BAK-001238-870,Hellmanns Bagels Plain 6ct,Bakery,Bakery,Hellmanns,6.1,4.57,True
1239,GRO-001239-575,Tide Corn Flakes Cereal 12oz,Grocery,Pantry,Tide,10.59,7.97,True
1240,HOU-001240-901,Oscar Mayer Mop Refills 2ct,Household,Cleaning,Oscar Mayer,5.77,3.86,True
1241,PRO-001241-709,Great Value Hass Avocados 4ct,Produce,Fresh,Great Value,9.64,6.62,True
1242,DAI-001242-362,Lays Almond Milk Unsweetened 64oz,Dairy,Dairy,Lays,5.45,3.6,True
1243,DAI-001243-916,Pepsi Greek Yogurt Plain 32oz,Dairy,Dairy,Pepsi,1.81,1.05,True
1244,SNA-001244-697,Dole Granola Bars Chewy 6ct,Snacks,Snacks,Dole,11.65,8.49,True
1245,BEV-001245-398,Chiquita Sports Drink Variety 6x20oz,Beverages,Drinks,Chiquita,7.73,4.27,True
1246,DAI-001246-619,General Mills Whole Milk Gallon,Dairy,Dairy,General Mills,10.87,7.38,True
1247,HOU-001247-755,Nestle Trash Bags Tall Kitchen 80ct,Household,Cleaning,Nestle,32.25,23.56,True
1248,FRO-001248-809,Hellmanns Frozen Berries Blend 16oz,Frozen,Frozen,Hellmanns,7.3,4.99,False
1249,BEV-001249-266,Chiquita Energy Drink Original 4x16oz,Beverages,Drinks,Chiquita,4.7,3.53,True
1250,FRO-001250-754,Great Value Chicken Nuggets 24oz,Frozen,Frozen,Great Value,6.05,3.65,True
1251,MEA-001251-926,Chiquita Italian Sausage Links 12oz,Meat,Butcher,Chiquita,27.19,16.24,True
1252,GRO-001252-175,Great Value Olive Oil Extra Virgin 16.9oz,Grocery,Pantry,Great Value,5.48,3.71,True
1253,FRO-001253-699,Wonder Bread Chicken Nuggets 24oz,Frozen,Frozen,Wonder Bread,13.99,8.85,False
1254,MEA-001254-278,Dole Pork Chops Bone-In 1lb,Meat,Butcher,Dole,11.56,7.05,True
1255,SNA-001255-300,Kraft Pretzels Mini 16oz,Snacks,Snacks,Kraft,1.54,1.15,True
1256,GRO-001256-240,Oscar Mayer Ketchup 20oz,Grocery,Pantry,Oscar Mayer,5.72,4.18,True
1257,MEA-001257-345,365 Whole Foods Bacon Sliced 12oz,Meat,Butcher,365 Whole Foods,16.08,10.22,True
1258,SNA-001258-166,Folgers Chocolate Bar Milk 1.55oz,Snacks,Snacks,Folgers,2.68,2.02,True
1259,MEA-001259-487,Doritos Pork Chops Bone-In 1lb,Meat,Butcher,Doritos,25.82,16.09,True
1260,MEA-001260-701,Hellmanns Boneless Chicken Breast 1lb,Meat,Butcher,Hellmanns,10.66,7.18,True
1261,HOU-001261-744,Kirkland Signature Trash Bags Tall Kitchen 80ct,Household,Cleaning,Kirkland Signature,28.86,21.67,True
1262,FRO-001262-903,Horizon Organic Chicken Nuggets 24oz,Frozen,Frozen,Horizon Organic,8.9,6.25,True
1263,SNA-001263-869,Wonder Bread Chocolate Bar Milk 1.55oz,Snacks,Snacks,Wonder Bread,7.25,4.82,True
1264,HOU-001264-638,Bounty Fabric Softener 60oz,Household,Cleaning,Bounty,25.83,18.46,True
1265,BEV-001265-753,Tide Sports Drink Variety 6x20oz,Beverages,Drinks,Tide,14.08,9.64,True
1266,MEA-001266-983,365 Whole Foods Pork Chops Bone-In 1lb,Meat,Butcher,365 Whole Foods,12.02,7.22,True
1267,BAK-001267-962,Kraft Whole Wheat Bread,Bakery,Bakery,Kraft,5.67,3.84,True
1268,PRO-001268-631,365 Whole Foods Roma Tomatoes 2lb Package,Produce,Fresh,365 Whole Foods,5.4,3.7,True
1269,HOU-001269-578,365 Whole Foods Sponges Scrub 6ct,Household,Cleaning,365 Whole Foods,17.97,11.4,True
1270,BEV-001270-283,Great Value Energy Drink Original 4x16oz,Beverages,Drinks,Great Value,8.57,5.24,True
1271,PRO-001271-625,Lays Roma Tomatoes 2lb Package,Produce,Fresh,Lays,7.69,4.37,True
1272,MEA-001272-173,Coca-Cola Ground Beef 80/20 1lb,Meat,Butcher,Coca-Cola,15.8,10.67,True
1273,HOU-001273-863,Dole Paper Plates 40ct,Household,Cleaning,Dole,29.46,20.83,True
1274,DAI-001274-857,Folgers Cottage Cheese 16oz,Dairy,Dairy,Folgers,7.64,4.66,True
1275,BEV-001275-515,Tide Green Tea Bags 20ct,Beverages,Drinks,Tide,12.94,9.37,True
1276,SNA-001276-333,Tide Popcorn Microwave Butter 6ct,Snacks,Snacks,Tide,3.95,2.85,True
1277,SNA-001277-839,365 Whole Foods Cookies Sandwich 15.25oz,Snacks,Snacks,365 Whole Foods,10.82,6.8,True
1278,MEA-001278-527,Folgers Ribeye Steak 12oz,Meat,Butcher,Folgers,11.28,7.37,True
1279,HOU-001279-994,Heinz Dish Soap Liquid 24oz,Household,Cleaning,Heinz,8.84,6.78,True
1280,HOU-001280-529,General Mills Surface Cleaner Spray 22oz,Household,Cleaning,General Mills,17.76,12.84,True
1281,SNA-001281-701,Chiquita Mixed Nuts Roasted 15oz,Snacks,Snacks,Chiquita,1.56,1.14,True
1282,DAI-001282-744,Heinz Sour Cream 16oz,Dairy,Dairy,Heinz,10.64,8.09,True
1283,BAK-001283-500,Nestle Tortillas Flour 10ct,Bakery,Bakery,Nestle,2.04,1.3,True
1284,HOU-001284-754,365 Whole Foods Batteries AA 24ct,Household,Cleaning,365 Whole Foods,31.83,18.19,True
1285,SNA-001285-946,Kirkland Signature Popcorn Microwave Butter 6ct,Snacks,Snacks,Kirkland Signature,9.35,6.19,True
1286,PRO-001286-390,Tide Blueberries 6oz,Produce,Fresh,Tide,3.7,2.28,True
1287,FRO-001287-630,Bounty Frozen Pizza Pepperoni 12in,Frozen,Frozen,Bounty,3.62,2.26,True
1288,BAK-001288-232,Coca-Cola Chocolate Chip Cookies 12ct,Bakery,Bakery,Coca-Cola,7.57,5.0,True
1289,MEA-001289-417,Nestle Atlantic Salmon Fillet 1lb,Meat,Butcher,Nestle,17.96,12.81,True
1290,BEV-001290-614,Nestle Sports Drink Variety 6x20oz,Beverages,Drinks,Nestle,11.73,7.69,True
1291,DAI-001291-944,Horizon Organic Half and Half Quart,Dairy,Dairy,Horizon Organic,5.96,4.39,True
1292,FRO-001292-689,365 Whole Foods Frozen Berries Blend 16oz,Frozen,Frozen,365 Whole Foods,3.94,2.25,True
1293,FRO-001293-962,Folgers French Fries Crinkle 32oz,Frozen,Frozen,Folgers,11.67,7.22,True
1294,DAI-001294-283,General Mills Mozzarella Shredded 8oz,Dairy,Dairy,General Mills,11.82,8.49,True
1295,DAI-001295-197,Heinz String Cheese 12ct,Dairy,Dairy,Heinz,5.89,4.52,True
1296,DAI-001296-650,Wonder Bread Salted Butter Sticks 16oz,Dairy,Dairy,Wonder Bread,4.71,3.58,True
1297,MEA-001297-880,Private Selection Italian Sausage Links 12oz,Meat,Butcher,Private Selection,21.57,16.8,True
1298,PRO-001298-519,Chiquita Organic Carrots 2lb Bag,Produce,Fresh,Chiquita,6.57,4.0,True
1299,FRO-001299-754,Horizon Organic Frozen Pizza Pepperoni 12in,Frozen,Frozen,Horizon Organic,11.48,8.29,True
1300,BAK-001300-138,Tide Sourdough Bread Loaf,Bakery,Bakery,Tide,1.42,0.82,True
1301,HOU-001301-596,365 Whole Foods Mop Refills 2ct,Household,Cleaning,365 Whole Foods,18.83,10.71,True
1302,FRO-001302-940,Nature Valley Frozen Mixed Vegetables 12oz,Frozen,Frozen,Nature Valley,6.7,3.93,True
1303,PRO-001303-227,Dole Gala Apples 3lb Bag,Produce,Fresh,Dole,7.55,4.83,True
1304,GRO-001304-257,Tyson Mac & Cheese Dinner 7.25oz,Grocery,Pantry,Tyson,6.45,3.81,True
1305,SNA-001305-813,365 Whole Foods Pretzels Mini 16oz,Snacks,Snacks,365 Whole Foods,1.85,1.29,True
1306,PRO-001306-415,Folgers Russet Potatoes 5lb Bag,Produce,Fresh,Folgers,6.48,4.46,True
1307,BAK-001307-483,General Mills Sourdough Bread Loaf,Bakery,Bakery,General Mills,11.92,7.1,True
1308,GRO-001308-940,Chiquita Long Grain White Rice 2lb Bag,Grocery,Pantry,Chiquita,3.54,2.49,True
1309,PRO-001309-271,Oscar Mayer Romaine Hearts 3ct,Produce,Fresh,Oscar Mayer,9.76,5.47,True
1310,HOU-001310-741,Doritos Surface Cleaner Spray 22oz,Household,Cleaning,Doritos,10.68,6.38,True
1311,BAK-001311-318,General Mills Bagels Plain 6ct,Bakery,Bakery,General Mills,2.53,1.58,True
1312,HOU-001312-317,Tide Paper Towels 6 Rolls,Household,Cleaning,Tide,18.75,10.6,True
1313,HOU-001313-323,Horizon Organic Paper Towels 6 Rolls,Household,Cleaning,Horizon Organic,17.32,12.58,True
1314,PRO-001314-910,Doritos Clementines 3lb Bag,Produce,Fresh,Doritos,12.88,9.6,True
1315,PRO-001315-746,Chiquita Lemons 2lb Bag,Produce,Fresh,Chiquita,9.44,6.66,False
1316,DAI-001316-750,Kraft Sour Cream 16oz,Dairy,Dairy,Kraft,10.2,7.22,False
1317,FRO-001317-118,Chiquita Vanilla Ice Cream Bars 6ct,Frozen,Frozen,Chiquita,10.49,7.18,True
1318,MEA-001318-821,Heinz Rotisserie Chicken Whole,Meat,Butcher,Heinz,34.64,20.91,True
1319,PRO-001319-855,General Mills Roma Tomatoes 2lb Package,Produce,Fresh,General Mills,6.3,3.82,True
1320,DAI-001320-403,Nature Valley Sour Cream 16oz,Dairy,Dairy,Nature Valley,3.65,2.32,True
1321,MEA-001321-554,Hellmanns Ground Pork 1lb,Meat,Butcher,Hellmanns,27.17,17.0,True
1322,GRO-001322-763,Private Selection Granulated Sugar 4lb Bag,Grocery,Pantry,Private Selection,10.8,7.8,True
1323,HOU-001323-310,General Mills Surface Cleaner Spray 22oz,Household,Cleaning,General Mills,21.17,16.06,True
1324,MEA-001324-836,Folgers Chicken Thighs Family Pack,Meat,Butcher,Folgers,11.66,8.75,True
1325,DAI-001325-106,Wonder Bread Half and Half Quart,Dairy,Dairy,Wonder Bread,2.05,1.36,False
1326,GRO-001326-309,Pepsi Mac & Cheese Dinner 7.25oz,Grocery,Pantry,Pepsi,2.76,1.63,True
1327,MEA-001327-180,Lays Pork Chops Bone-In 1lb,Meat,Butcher,Lays,17.78,11.69,True
1328,MEA-001328-280,Private Selection Pork Chops Bone-In 1lb,Meat,Butcher,Private Selection,23.17,14.36,True
1329,MEA-001329-181,Nature Valley Bacon Sliced 12oz,Meat,Butcher,Nature Valley,33.52,21.21,True
1330,FRO-001330-617,Private Selection Frozen Berries Blend 16oz,Frozen,Frozen,Private Selection,10.5,6.82,True
1331,FRO-001331-537,Tide Frozen Pizza Pepperoni 12in,Frozen,Frozen,Tide,13.31,9.64,True
1332,SNA-001332-844,Doritos Popcorn Microwave Butter 6ct,Snacks,Snacks,Doritos,3.35,2.14,True
1333,BEV-001333-720,Doritos Energy Drink Original 4x16oz,Beverages,Drinks,Doritos,9.02,5.65,True
1334,MEA-001334-104,Nestle Atlantic Salmon Fillet 1lb,Meat,Butcher,Nestle,5.38,3.58,True
1335,FRO-001335-504,Private Selection Fish Sticks 15oz,Frozen,Frozen,Private Selection,14.65,9.31,True
1336,PRO-001336-227,Kirkland Signature Russet Potatoes 5lb Bag,Produce,Fresh,Kirkland Signature,5.79,3.94,True
1337,BAK-001337-621,Bounty Donuts Glazed 12ct,Bakery,Bakery,Bounty,9.59,6.68,True
1338,GRO-001338-534,Tide Mac & Cheese Dinner 7.25oz,Grocery,Pantry,Tide,9.9,6.0,True
1339,HOU-001339-792,Folgers Mop Refills 2ct,Household,Cleaning,Folgers,5.84,4.11,True
1340,FRO-001340-353,Tyson Frozen Mixed Vegetables 12oz,Frozen,Frozen,Tyson,10.41,8.0,True
1341,GRO-001341-759,Horizon Organic Spaghetti Pasta 16oz,Grocery,Pantry,Horizon Organic,9.62,6.14,True
1342,PRO-001342-997,Nestle Organic Carrots 2lb Bag,Produce,Fresh,Nestle,6.24,4.62,True
1343,BEV-001343-774,Doritos Apple Juice 64oz Bottle,Beverages,Drinks,Doritos,13.69,9.37,True
1344,PRO-001344-686,Wonder Bread Hass Avocados 4ct,Produce,Fresh,Wonder Bread,10.38,6.53,True
1345,MEA-001345-815,Tide Ground Pork 1lb,Meat,Butcher,Tide,14.23,11.06,True
1346,GRO-001346-892,Horizon Organic Spaghetti Pasta 16oz,Grocery,Pantry,Horizon Organic,9.44,6.33,True
1347,BAK-001347-483,Kraft Chocolate Chip Cookies 12ct,Bakery,Bakery,Kraft,3.47,2.02,True
1348,SNA-001348-680,365 Whole Foods Tortilla Chips Restaurant Style 13oz,Snacks,Snacks,365 Whole Foods,10.82,6.41,True
1349,DAI-001349-365,Nestle Cottage Cheese 16oz,Dairy,Dairy,Nestle,12.79,9.6,True
1350,PRO-001350-270,Wonder Bread Cucumber 3ct,Produce,Fresh,Wonder Bread,2.22,1.26,True
1351,PRO-001351-699,Great Value Yellow Onions 3lb Bag,Produce,Fresh,Great Value,4.04,2.67,True
1352,GRO-001352-869,Tyson Long Grain White Rice 2lb Bag,Grocery,Pantry,Tyson,12.47,8.77,True
1353,GRO-001353-634,Nestle Spaghetti Pasta 16oz,Grocery,Pantry,Nestle,10.55,6.71,True
1354,BEV-001354-875,Nature Valley Sparkling Water Lime 8x12oz,Beverages,Drinks,Nature Valley,7.37,4.78,True
1355,HOU-001355-469,General Mills Surface Cleaner Spray 22oz,Household,Cleaning,General Mills,24.94,15.89,True
1356,HOU-001356-103,Coca-Cola Surface Cleaner Spray 22oz,Household,Cleaning,Coca-Cola,18.7,13.29,True
1357,DAI-001357-225,Hellmanns Whole Milk Gallon,Dairy,Dairy,Hellmanns,11.46,7.04,True
1358,MEA-001358-733,365 Whole Foods Ground Turkey 1lb,Meat,Butcher,365 Whole Foods,25.58,19.19,True
1359,MEA-001359-932,Wonder Bread Boneless Chicken Breast 1lb,Meat,Butcher,Wonder Bread,14.66,10.2,True
1360,HOU-001360-339,365 Whole Foods Mop Refills 2ct,Household,Cleaning,365 Whole Foods,23.19,14.89,True
1361,PRO-001361-587,Private Selection Yellow Onions 3lb Bag,Produce,Fresh,Private Selection,12.84,9.59,True
1362,BAK-001362-299,Hellmanns Donuts Glazed 12ct,Bakery,Bakery,Hellmanns,9.62,7.22,True
1363,SNA-001363-609,Pepsi Potato Chips Classic 10oz,Snacks,Snacks,Pepsi,10.61,6.57,True
1364,SNA-001364-556,Kraft Beef Jerky Original 2.85oz,Snacks,Snacks,Kraft,12.46,8.23,True
1365,MEA-001365-871,Kraft Pork Chops Bone-In 1lb,Meat,Butcher,Kraft,33.32,23.69,True
1366,GRO-001366-492,Chiquita Peanut Butter Creamy 16oz,Grocery,Pantry,Chiquita,10.26,6.16,True
1367,FRO-001367-239,Oscar Mayer Vanilla Ice Cream Bars 6ct,Frozen,Frozen,Oscar Mayer,14.1,9.81,True
1368,HOU-001368-884,Heinz Trash Bags Tall Kitchen 80ct,Household,Cleaning,Heinz,32.71,18.48,True
1369,BAK-001369-927,Private Selection Baguette French,Bakery,Bakery,Private Selection,4.02,2.45,True
1370,PRO-001370-858,Chiquita Hass Avocados 4ct,Produce,Fresh,Chiquita,8.22,4.88,True
1371,HOU-001371-489,Chiquita Dish Soap Liquid 24oz,Household,Cleaning,Chiquita,22.3,12.27,True
1372,SNA-001372-533,Tide Pretzels Mini 16oz,Snacks,Snacks,Tide,5.03,3.19,True
1373,DAI-001373-716,Oscar Mayer Cream Cheese 8oz Bar,Dairy,Dairy,Oscar Mayer,8.2,4.71,True
1374,FRO-001374-935,Pepsi French Fries Crinkle 32oz,Frozen,Frozen,Pepsi,14.33,10.64,True
1375,FRO-001375-390,Hellmanns Frozen Mixed Vegetables 12oz,Frozen,Frozen,Hellmanns,5.17,3.63,True
1376,GRO-001376-416,Chiquita All-Purpose Flour 5lb Bag,Grocery,Pantry,Chiquita,7.17,5.08,True
1377,FRO-001377-398,Nature Valley Chicken Nuggets 24oz,Frozen,Frozen,Nature Valley,11.59,7.38,False
1378,HOU-001378-315,Folgers Dish Soap Liquid 24oz,Household,Cleaning,Folgers,30.43,23.28,True
1379,GRO-001379-977,Kraft Mayonnaise 30oz,Grocery,Pantry,Kraft,6.99,4.47,False
1380,DAI-001380-501,Doritos Whole Milk Gallon,Dairy,Dairy,Doritos,5.24,3.7,False
1381,BAK-001381-640,Horizon Organic Tortillas Flour 10ct,Bakery,Bakery,Horizon Organic,9.79,6.02,True
1382,SNA-001382-234,Coca-Cola Chocolate Bar Milk 1.55oz,Snacks,Snacks,Coca-Cola,5.07,3.71,True
1383,GRO-001383-411,Folgers Ketchup 20oz,Grocery,Pantry,Folgers,6.64,3.9,True
1384,FRO-001384-314,Pepsi Frozen Waffles 10ct,Frozen,Frozen,Pepsi,6.0,4.33,True
1385,GRO-001385-204,Heinz Olive Oil Extra Virgin 16.9oz,Grocery,Pantry,Heinz,9.23,7.17,True
1386,BAK-001386-198,Kirkland Signature Chocolate Chip Cookies 12ct,Bakery,Bakery,Kirkland Signature,5.45,3.59,True
1387,PRO-001387-446,Wonder Bread Organic Carrots 2lb Bag,Produce,Fresh,Wonder Bread,8.23,6.36,True
1388,BAK-001388-221,Kirkland Signature Sourdough Bread Loaf,Bakery,Bakery,Kirkland Signature,4.11,2.72,True
1389,DAI-001389-894,Tide Almond Milk Unsweetened 64oz,Dairy,Dairy,Tide,9.38,6.87,True
1390,FRO-001390-747,Tyson Fish Sticks 15oz,Frozen,Frozen,Tyson,11.0,6.98,True
1391,PRO-001391-756,Nature Valley Hass Avocados 4ct,Produce,Fresh,Nature Valley,9.11,6.08,True
1392,FRO-001392-863,Folgers Frozen Waffles 10ct,Frozen,Frozen,Folgers,4.58,3.14,True
1393,BAK-001393-228,Heinz Donuts Glazed 12ct,Bakery,Bakery,Heinz,2.45,1.38,True
1394,SNA-001394-932,Tide Popcorn Microwave Butter 6ct,Snacks,Snacks,Tide,9.49,6.08,True
1395,SNA-001395-631,Horizon Organic Beef Jerky Original 2.85oz,Snacks,Snacks,Horizon Organic,11.08,7.47,True
1396,PRO-001396-774,Nestle Romaine Hearts 3ct,Produce,Fresh,Nestle,11.79,6.97,True
1397,DAI-001397-557,Doritos Whole Milk Gallon,Dairy,Dairy,Doritos,10.66,6.16,True
1398,MEA-001398-189,Kraft Chicken Thighs Family Pack,Meat,Butcher,Kraft,21.86,16.3,True
1399,PRO-001399-472,Dole Organic Carrots 2lb Bag,Produce,Fresh,Dole,12.6,7.43,False
1400,GRO-001400-147,Dole Tomato Sauce 15oz,Grocery,Pantry,Dole,12.36,8.27,True
1401,SNA-001401-690,Pepsi Beef Jerky Original 2.85oz,Snacks,Snacks,Pepsi,7.03,4.37,True
1402,HOU-001402-622,Doritos Batteries AA 24ct,Household,Cleaning,Doritos,11.29,6.47,True
1403,MEA-001403-245,Nestle Boneless Chicken Breast 1lb,Meat,Butcher,Nestle,13.98,10.37,False
1404,SNA-001404-467,Heinz Pretzels Mini 16oz,Snacks,Snacks,Heinz,4.54,3.26,True
1405,SNA-001405-490,Tyson Mixed Nuts Roasted 15oz,Snacks,Snacks,Tyson,8.89,5.22,True
1406,BEV-001406-811,Private Selection Cold Brew Coffee 48oz,Beverages,Drinks,Private Selection,5.14,3.07,True
1407,BEV-001407-761,Folgers Cold Brew Coffee 48oz,Beverages,Drinks,Folgers,5.71,3.63,True
1408,SNA-001408-941,Private Selection Popcorn Microwave Butter 6ct,Snacks,Snacks,Private Selection,3.09,2.4,True
1409,GRO-001409-179,General Mills All-Purpose Flour 5lb Bag,Grocery,Pantry,General Mills,4.45,2.99,True
1410,BAK-001410-755,Chiquita Bagels Plain 6ct,Bakery,Bakery,Chiquita,2.33,1.77,True
1411,DAI-001411-380,General Mills Cottage Cheese 16oz,Dairy,Dairy,General Mills,1.41,0.9,False
1412,BAK-001412-279,Coca-Cola Bagels Plain 6ct,Bakery,Bakery,Coca-Cola,7.45,5.6,True
1413,FRO-001413-457,Lays Vanilla Ice Cream Bars 6ct,Frozen,Frozen,Lays,11.55,8.65,True
1414,PRO-001414-274,Kirkland Signature Blueberries 6oz,Produce,Fresh,Kirkland Signature,5.01,3.62,True
1415,SNA-001415-970,Hellmanns Cookies Sandwich 15.25oz,Snacks,Snacks,Hellmanns,6.0,4.12,True
1416,SNA-001416-229,Oscar Mayer Popcorn Microwave Butter 6ct,Snacks,Snacks,Oscar Mayer,2.96,2.01,True
1417,HOU-001417-794,General Mills Fabric Softener 60oz,Household,Cleaning,General Mills,23.25,16.57,True
1418,HOU-001418-393,Lays Aluminum Foil 200sq ft,Household,Cleaning,Lays,13.26,8.6,True
1419,MEA-001419-978,Wonder Bread Bacon Sliced 12oz,Meat,Butcher,Wonder Bread,7.6,4.71,True
1420,PRO-001420-178,Horizon Organic Green Seedless Grapes 2lb,Produce,Fresh,Horizon Organic,9.83,7.54,True
1421,GRO-001421-667,Dole Spaghetti Pasta 16oz,Grocery,Pantry,Dole,12.17,8.96,True
1422,BAK-001422-591,Pepsi Baguette French,Bakery,Bakery,Pepsi,7.11,5.03,True
1423,SNA-001423-114,Tide Tortilla Chips Restaurant Style 13oz,Snacks,Snacks,Tide,8.5,6.46,True
1424,BAK-001424-350,Bounty Baguette French,Bakery,Bakery,Bounty,12.92,9.07,True
1425,SNA-001425-559,Hellmanns Potato Chips Classic 10oz,Snacks,Snacks,Hellmanns,12.58,8.87,True
1426,SNA-001426-176,Kraft Pretzels Mini 16oz,Snacks,Snacks,Kraft,5.58,3.24,True
1427,GRO-001427-488,Nature Valley Honey Wheat Bread Loaf,Grocery,Pantry,Nature Valley,3.28,2.54,True
1428,MEA-001428-397,Coca-Cola Rotisserie Chicken Whole,Meat,Butcher,Coca-Cola,13.97,8.63,True
1429,BAK-001429-758,Dole Sourdough Bread Loaf,Bakery,Bakery,Dole,7.32,5.53,True
1430,FRO-001430-106,Bounty Frozen Pizza Pepperoni 12in,Frozen,Frozen,Bounty,10.57,6.61,True
1431,GRO-001431-511,Kraft Olive Oil Extra Virgin 16.9oz,Grocery,Pantry,Kraft,5.44,3.12,True
1432,PRO-001432-257,Lays Organic Carrots 2lb Bag,Produce,Fresh,Lays,6.1,4.64,True
1433,BEV-001433-504,Nature Valley Spring Water 24x16.9oz Bottles,Beverages,Drinks,Nature Valley,7.79,4.94,True
1434,SNA-001434-549,Coca-Cola Mixed Nuts Roasted 15oz,Snacks,Snacks,Coca-Cola,8.97,5.84,True
1435,BAK-001435-991,Bounty Croissants 4ct,Bakery,Bakery,Bounty,9.59,5.52,True
1436,DAI-001436-861,Private Selection Mozzarella Shredded 8oz,Dairy,Dairy,Private Selection,5.17,2.88,True
1437,FRO-001437-531,Coca-Cola Frozen Waffles 10ct,Frozen,Frozen,Coca-Cola,9.11,6.05,True
1438,DAI-001438-613,Tide Sour Cream 16oz,Dairy,Dairy,Tide,9.78,7.05,True
1439,DAI-001439-911,Coca-Cola Large Grade A Eggs 12ct,Dairy,Dairy,Coca-Cola,1.54,0.9,True
1440,MEA-001440-949,Oscar Mayer Boneless Chicken Breast 1lb,Meat,Butcher,Oscar Mayer,15.25,11.81,True
1441,BAK-001441-388,Dole Cinnamon Rolls 8ct,Bakery,Bakery,Dole,6.98,5.06,True
1442,DAI-001442-291,Lays String Cheese 12ct,Dairy,Dairy,Lays,4.21,3.06,True
1443,MEA-001443-303,Private Selection Chicken Thighs Family Pack,Meat,Butcher,Private Selection,19.21,14.02,True
1444,SNA-001444-975,Nestle Popcorn Microwave Butter 6ct,Snacks,Snacks,Nestle,8.21,5.71,True
1445,DAI-001445-380,Kirkland Signature Mozzarella Shredded 8oz,Dairy,Dairy,Kirkland Signature,12.88,9.84,True
1446,MEA-001446-489,Kirkland Signature Ground Beef 80/20 1lb,Meat,Butcher,Kirkland Signature,17.21,10.68,True
1447,MEA-001447-536,Chiquita Pork Chops Bone-In 1lb,Meat,Butcher,Chiquita,19.37,12.92,True
1448,BEV-001448-472,Tyson Pepsi Cola 12x12oz Cans,Beverages,Drinks,Tyson,6.72,4.24,True
1449,HOU-001449-141,Kraft Paper Towels 6 Rolls,Household,Cleaning,Kraft,5.01,3.52,True
1450,BEV-001450-721,Tyson Sparkling Water Lime 8x12oz,Beverages,Drinks,Tyson,4.65,2.76,True
1451,HOU-001451-214,Dole Surface Cleaner Spray 22oz,Household,Cleaning,Dole,7.9,4.37,True
1452,DAI-001452-859,Bounty Sour Cream 16oz,Dairy,Dairy,Bounty,10.77,7.76,True
1453,HOU-001453-382,Wonder Bread Trash Bags Tall Kitchen 80ct,Household,Cleaning,Wonder Bread,11.29,7.21,True
1454,DAI-001454-223,Hellmanns Almond Milk Unsweetened 64oz,Dairy,Dairy,Hellmanns,1.77,1.37,True
1455,MEA-001455-556,Folgers Pork Chops Bone-In 1lb,Meat,Butcher,Folgers,32.76,18.58,True
1456,HOU-001456-879,Nature Valley Paper Plates 40ct,Household,Cleaning,Nature Valley,11.05,7.91,True
1457,MEA-001457-828,Doritos Ribeye Steak 12oz,Meat,Butcher,Doritos,12.57,9.45,True
1458,SNA-001458-559,Bounty Granola Bars Chewy 6ct,Snacks,Snacks,Bounty,8.66,5.0,True
1459,FRO-001459-615,Lays Fish Sticks 15oz,Frozen,Frozen,Lays,12.59,7.41,True
1460,DAI-001460-679,Kirkland Signature Salted Butter Sticks 16oz,Dairy,Dairy,Kirkland Signature,2.0,1.55,True
1461,BAK-001461-645,Oscar Mayer Cinnamon Rolls 8ct,Bakery,Bakery,Oscar Mayer,11.47,8.87,True
1462,SNA-001462-898,Doritos Chocolate Bar Milk 1.55oz,Snacks,Snacks,Doritos,5.86,4.04,True
1463,GRO-001463-323,Heinz Peanut Butter Creamy 16oz,Grocery,Pantry,Heinz,8.22,4.54,True
1464,SNA-001464-824,Lays Beef Jerky Original 2.85oz,Snacks,Snacks,Lays,9.72,5.92,True
1465,BEV-001465-221,Doritos Coffee Ground Medium Roast 12oz,Beverages,Drinks,Doritos,5.46,3.06,True
1466,GRO-001466-384,Pepsi Mac & Cheese Dinner 7.25oz,Grocery,Pantry,Pepsi,12.14,7.43,True
1467,MEA-001467-218,Doritos Pork Chops Bone-In 1lb,Meat,Butcher,Doritos,5.03,3.17,True
1468,HOU-001468-822,Horizon Organic Surface Cleaner Spray 22oz,Household,Cleaning,Horizon Organic,31.51,19.24,True
1469,BEV-001469-740,Kirkland Signature Green Tea Bags 20ct,Beverages,Drinks,Kirkland Signature,12.87,9.52,True
1470,BEV-001470-116,Tyson Orange Juice Pulp Free 52oz,Beverages,Drinks,Tyson,9.67,7.5,True
1471,PRO-001471-491,Folgers Clementines 3lb Bag,Produce,Fresh,Folgers,12.35,7.52,True
1472,SNA-001472-325,365 Whole Foods Pretzels Mini 16oz,Snacks,Snacks,365 Whole Foods,5.08,3.03,True
1473,BAK-001473-337,365 Whole Foods Chocolate Chip Cookies 12ct,Bakery,Bakery,365 Whole Foods,9.83,6.39,True
1474,FRO-001474-285,Nature Valley Vanilla Ice Cream Bars 6ct,Frozen,Frozen,Nature Valley,8.77,6.47,True
1475,FRO-001475-388,Wonder Bread Frozen Mixed Vegetables 12oz,Frozen,Frozen,Wonder Bread,3.73,2.19,True
1476,BAK-001476-171,Nestle Whole Wheat Bread,Bakery,Bakery,Nestle,2.97,1.92,True
1477,BAK-001477-240,Lays Bagels Plain 6ct,Bakery,Bakery,Lays,9.79,7.2,True
1478,BAK-001478-212,Great Value Tortillas Flour 10ct,Bakery,Bakery,Great Value,10.96,7.95,True
1479,GRO-001479-888,General Mills Peanut Butter Creamy 16oz,Grocery,Pantry,General Mills,2.27,1.32,True
1480,GRO-001480-910,Great Value Salsa Medium 16oz,Grocery,Pantry,Great Value,2.53,1.82,True
1481,PRO-001481-591,Pepsi Baby Spinach 5oz Clamshell,Produce,Fresh,Pepsi,10.18,7.69,True
1482,BEV-001482-258,Nature Valley Green Tea Bags 20ct,Beverages,Drinks,Nature Valley,6.29,4.25,True
1483,SNA-001483-944,Great Value Tortilla Chips Restaurant Style 13oz,Snacks,Snacks,Great Value,1.81,1.22,True
1484,BAK-001484-329,Great Value Chocolate Chip Cookies 12ct,Bakery,Bakery,Great Value,1.57,1.02,True
1485,BEV-001485-493,Oscar Mayer Spring Water 24x16.9oz Bottles,Beverages,Drinks,Oscar Mayer,11.39,8.14,True
1486,FRO-001486-329,Coca-Cola Frozen Mixed Vegetables 12oz,Frozen,Frozen,Coca-Cola,4.66,3.59,True
1487,HOU-001487-186,Bounty Laundry Detergent Liquid 100oz,Household,Cleaning,Bounty,31.86,21.95,True
1488,SNA-001488-285,Hellmanns Granola Bars Chewy 6ct,Snacks,Snacks,Hellmanns,9.24,5.4,True
1489,BEV-001489-456,Dole Sports Drink Variety 6x20oz,Beverages,Drinks,Dole,13.56,8.3,True
1490,HOU-001490-917,Folgers Paper Plates 40ct,Household,Cleaning,Folgers,7.28,4.01,True
1491,DAI-001491-250,Wonder Bread Cottage Cheese 16oz,Dairy,Dairy,Wonder Bread,5.04,3.22,True
1492,FRO-001492-691,Coca-Cola Vanilla Ice Cream Bars 6ct,Frozen,Frozen,Coca-Cola,8.41,6.03,True
1493,HOU-001493-885,Kraft Dish Soap Liquid 24oz,Household,Cleaning,Kraft,16.54,10.31,True
1494,BAK-001494-441,Wonder Bread Whole Wheat Bread,Bakery,Bakery,Wonder Bread,2.91,2.23,True
1495,BAK-001495-609,Doritos Tortillas Flour 10ct,Bakery,Bakery,Doritos,7.59,5.03,True
1496,MEA-001496-694,Horizon Organic Ribeye Steak 12oz,Meat,Butcher,Horizon Organic,26.44,17.75,True
1497,MEA-001497-340,Horizon Organic Ground Pork 1lb,Meat,Butcher,Horizon Organic,15.84,9.45,True
1498,HOU-001498-236,Nature Valley LED Light Bulbs 4ct,Household,Cleaning,Nature Valley,32.62,18.39,True
1499,DAI-001499-247,365 Whole Foods Salted Butter Sticks 16oz,Dairy,Dairy,365 Whole Foods,11.06,7.49,True
1500,BAK-001500-947,Nestle Sourdough Bread Loaf,Bakery,Bakery,Nestle,3.92,2.83,True
1501,DAI-001501-812,Great Value Mozzarella Shredded 8oz,Dairy,Dairy,Great Value,12.58,7.99,True
1502,PRO-001502-991,Hellmanns Fresh Strawberries 16oz,Produce,Fresh,Hellmanns,3.14,1.83,True
1503,MEA-001503-682,Great Value Ground Beef 80/20 1lb,Meat,Butcher,Great Value,29.92,19.32,True
1504,FRO-001504-815,Lays Frozen Mixed Vegetables 12oz,Frozen,Frozen,Lays,14.4,9.48,True
1505,FRO-001505-213,Dole Frozen Pizza Pepperoni 12in,Frozen,Frozen,Dole,5.28,3.97,True
1506,DAI-001506-111,Kraft Cream Cheese 8oz Bar,Dairy,Dairy,Kraft,5.93,3.84,True
1507,FRO-001507-949,Folgers Frozen Lasagna Family Size,Frozen,Frozen,Folgers,6.46,4.4,True
1508,MEA-001508-378,Kraft Ribeye Steak 12oz,Meat,Butcher,Kraft,34.18,22.9,False
1509,DAI-001509-510,Nestle String Cheese 12ct,Dairy,Dairy,Nestle,8.53,5.12,True
1510,SNA-001510-579,Folgers Tortilla Chips Restaurant Style 13oz,Snacks,Snacks,Folgers,6.88,4.82,True
1511,BAK-001511-922,Kirkland Signature Chocolate Chip Cookies 12ct,Bakery,Bakery,Kirkland Signature,5.64,3.65,True
1512,PRO-001512-717,Bounty Hass Avocados 4ct,Produce,Fresh,Bounty,10.4,6.52,True
1513,DAI-001513-166,Coca-Cola Cream Cheese 8oz Bar,Dairy,Dairy,Coca-Cola,3.77,2.08,True
1514,MEA-001514-753,Nestle Rotisserie Chicken Whole,Meat,Butcher,Nestle,32.87,19.9,True
1515,GRO-001515-146,Nature Valley All-Purpose Flour 5lb Bag,Grocery,Pantry,Nature Valley,1.85,1.06,True
1516,HOU-001516-612,Tide Paper Plates 40ct,Household,Cleaning,Tide,10.84,7.84,True
1517,DAI-001517-199,Oscar Mayer String Cheese 12ct,Dairy,Dairy,Oscar Mayer,5.17,3.91,True
1518,SNA-001518-701,Great Value Popcorn Microwave Butter 6ct,Snacks,Snacks,Great Value,10.6,6.99,True
1519,GRO-001519-255,Kraft Canned Black Beans 15oz,Grocery,Pantry,Kraft,9.27,5.27,True
1520,MEA-001520-769,Oscar Mayer Pork Chops Bone-In 1lb,Meat,Butcher,Oscar Mayer,9.22,6.59,False
1521,SNA-001521-767,Hellmanns Cookies Sandwich 15.25oz,Snacks,Snacks,Hellmanns,7.41,5.39,True
1522,DAI-001522-468,Dole Sour Cream 16oz,Dairy,Dairy,Dole,8.58,6.57,True
1523,BAK-001523-725,Nestle Sourdough Bread Loaf,Bakery,Bakery,Nestle,8.39,6.46,True
1524,FRO-001524-246,Great Value Vanilla Ice Cream Bars 6ct,Frozen,Frozen,Great Value,12.3,7.64,True
1525,PRO-001525-565,Coca-Cola Fresh Strawberries 16oz,Produce,Fresh,Coca-Cola,4.96,3.79,True
1526,BEV-001526-461,Bounty Sports Drink Variety 6x20oz,Beverages,Drinks,Bounty,4.52,2.67,True
1527,BEV-001527-881,Tyson Sparkling Water Lime 8x12oz,Beverages,Drinks,Tyson,13.57,9.49,True
1528,PRO-001528-140,Nature Valley Lemons 2lb Bag,Produce,Fresh,Nature Valley,5.54,3.41,True
1529,DAI-001529-624,Bounty Half and Half Quart,Dairy,Dairy,Bounty,11.17,8.59,True
1530,BAK-001530-369,365 Whole Foods Baguette French,Bakery,Bakery,365 Whole Foods,11.56,8.99,True
1531,GRO-001531-816,General Mills Chicken Broth 32oz,Grocery,Pantry,General Mills,10.9,6.01,True
1532,BEV-001532-683,Kraft Energy Drink Original 4x16oz,Beverages,Drinks,Kraft,8.08,4.58,True
1533,FRO-001533-577,Bounty Vanilla Ice Cream Bars 6ct,Frozen,Frozen,Bounty,8.88,5.98,True
1534,PRO-001534-849,Kraft Hass Avocados 4ct,Produce,Fresh,Kraft,2.56,1.97,True
1535,BAK-001535-436,Tide Sourdough Bread Loaf,Bakery,Bakery,Tide,2.04,1.28,True
1536,MEA-001536-217,Nature Valley Ground Pork 1lb,Meat,Butcher,Nature Valley,13.34,7.45,True
1537,FRO-001537-318,Wonder Bread Frozen Mixed Vegetables 12oz,Frozen,Frozen,Wonder Bread,7.17,4.0,True
1538,BAK-001538-908,Bounty Croissants 4ct,Bakery,Bakery,Bounty,6.32,4.16,True
1539,GRO-001539-533,Oscar Mayer Salsa Medium 16oz,Grocery,Pantry,Oscar Mayer,4.45,3.1,True
1540,PRO-001540-183,Tide Roma Tomatoes 2lb Package,Produce,Fresh,Tide,4.78,3.41,True
1541,SNA-001541-365,Oscar Mayer Pretzels Mini 16oz,Snacks,Snacks,Oscar Mayer,3.44,1.93,True
1542,BAK-001542-268,Dole Blueberry Muffins 4ct,Bakery,Bakery,Dole,3.61,2.77,True
1543,SNA-001543-547,Folgers Popcorn Microwave Butter 6ct,Snacks,Snacks,Folgers,5.44,3.86,True
1544,GRO-001544-303,Hellmanns Granulated Sugar 4lb Bag,Grocery,Pantry,Hellmanns,2.2,1.55,True
1545,HOU-001545-114,Chiquita Mop Refills 2ct,Household,Cleaning,Chiquita,9.51,6.23,True
1546,HOU-001546-516,Oscar Mayer Laundry Detergent Liquid 100oz,Household,Cleaning,Oscar Mayer,12.87,9.22,False
1547,DAI-001547-754,365 Whole Foods Almond Milk Unsweetened 64oz,Dairy,Dairy,365 Whole Foods,12.63,7.23,True
1548,MEA-001548-659,Folgers Ribeye Steak 12oz,Meat,Butcher,Folgers,28.22,19.42,True
1549,MEA-001549-690,Oscar Mayer Pork Chops Bone-In 1lb,Meat,Butcher,Oscar Mayer,33.64,21.37,True
1550,BEV-001550-938,Lays Coffee Ground Medium Roast 12oz,Beverages,Drinks,Lays,13.47,9.58,True
1551,FRO-001551-460,Private Selection Fish Sticks 15oz,Frozen,Frozen,Private Selection,7.54,5.09,True
1552,HOU-001552-569,Kraft Laundry Detergent Liquid 100oz,Household,Cleaning,Kraft,17.84,10.54,True
1553,SNA-001553-391,Tide Chocolate Bar Milk 1.55oz,Snacks,Snacks,Tide,11.18,7.92,True
1554,BEV-001554-189,Coca-Cola Sports Drink Variety 6x20oz,Beverages,Drinks,Coca-Cola,12.76,7.32,True
1555,BAK-001555-867,Nature Valley Bagels Plain 6ct,Bakery,Bakery,Nature Valley,10.09,7.7,True
1556,FRO-001556-925,Heinz Frozen Lasagna Family Size,Frozen,Frozen,Heinz,3.87,2.39,True
1557,MEA-001557-490,Doritos Italian Sausage Links 12oz,Meat,Butcher,Doritos,8.43,6.3,False
1558,HOU-001558-940,Private Selection Aluminum Foil 200sq ft,Household,Cleaning,Private Selection,24.34,17.78,True
1559,HOU-001559-390,Lays Trash Bags Tall Kitchen 80ct,Household,Cleaning,Lays,13.02,9.13,True
1560,BAK-001560-524,Great Value Sourdough Bread Loaf,Bakery,Bakery,Great Value,1.67,0.93,True
1561,SNA-001561-274,Chiquita Granola Bars Chewy 6ct,Snacks,Snacks,Chiquita,12.51,9.74,True
1562,BAK-001562-759,Hellmanns Sourdough Bread Loaf,Bakery,Bakery,Hellmanns,5.89,3.31,True
1563,BAK-001563-499,Wonder Bread Chocolate Chip Cookies 12ct,Bakery,Bakery,Wonder Bread,12.73,7.51,True
1564,SNA-001564-336,Private Selection Popcorn Microwave Butter 6ct,Snacks,Snacks,Private Selection,2.46,1.81,True
1565,BAK-001565-262,Doritos Donuts Glazed 12ct,Bakery,Bakery,Doritos,12.39,7.4,True
1566,BAK-001566-888,Wonder Bread Croissants 4ct,Bakery,Bakery,Wonder Bread,8.23,4.58,True
1567,PRO-001567-125,Tide Lemons 2lb Bag,Produce,Fresh,Tide,9.98,5.79,True
1568,HOU-001568-768,General Mills Dish Soap Liquid 24oz,Household,Cleaning,General Mills,31.93,19.74,True
1569,MEA-001569-888,Tide Ground Pork 1lb,Meat,Butcher,Tide,12.8,7.19,True
1570,DAI-001570-753,Great Value Almond Milk Unsweetened 64oz,Dairy,Dairy,Great Value,12.81,9.6,True
1571,PRO-001571-389,Pepsi Hass Avocados 4ct,Produce,Fresh,Pepsi,4.36,2.58,True
1572,HOU-001572-203,Tide Trash Bags Tall Kitchen 80ct,Household,Cleaning,Tide,19.72,10.95,True
1573,PRO-001573-529,Oscar Mayer Baby Spinach 5oz Clamshell,Produce,Fresh,Oscar Mayer,5.68,3.53,True
1574,DAI-001574-110,Dole Sharp Cheddar Cheese Block 8oz,Dairy,Dairy,Dole,11.86,8.32,True
1575,GRO-001575-455,Chiquita Spaghetti Pasta 16oz,Grocery,Pantry,Chiquita,6.95,4.8,True
1576,DAI-001576-224,Tyson Cream Cheese 8oz Bar,Dairy,Dairy,Tyson,3.55,1.98,True
1577,SNA-001577-987,Nestle Popcorn Microwave Butter 6ct,Snacks,Snacks,Nestle,5.56,4.21,True
1578,DAI-001578-845,Horizon Organic Greek Yogurt Plain 32oz,Dairy,Dairy,Horizon Organic,9.38,5.43,True
1579,MEA-001579-825,Bounty Ground Beef 80/20 1lb,Meat,Butcher,Bounty,21.53,13.3,True
1580,FRO-001580-509,Lays Fish Sticks 15oz,Frozen,Frozen,Lays,14.1,8.57,True
1581,BEV-001581-697,Coca-Cola Energy Drink Original 4x16oz,Beverages,Drinks,Coca-Cola,12.61,8.64,True
1582,MEA-001582-543,Nature Valley Ground Pork 1lb,Meat,Butcher,Nature Valley,31.48,20.38,True
1583,HOU-001583-721,Coca-Cola Batteries AA 24ct,Household,Cleaning,Coca-Cola,16.48,9.82,True
1584,PRO-001584-134,Kraft Fresh Strawberries 16oz,Produce,Fresh,Kraft,12.5,7.6,True
1585,SNA-001585-130,Tide Granola Bars Chewy 6ct,Snacks,Snacks,Tide,2.63,1.94,True
1586,DAI-001586-174,General Mills Sour Cream 16oz,Dairy,Dairy,General Mills,3.81,2.42,True
1587,HOU-001587-426,Great Value Laundry Detergent Liquid 100oz,Household,Cleaning,Great Value,25.64,18.33,True
1588,HOU-001588-167,Doritos Trash Bags Tall Kitchen 80ct,Household,Cleaning,Doritos,16.56,11.4,True
1589,PRO-001589-833,Tyson Organic Carrots 2lb Bag,Produce,Fresh,Tyson,8.4,6.33,True
1590,PRO-001590-531,Wonder Bread Lemons 2lb Bag,Produce,Fresh,Wonder Bread,9.27,6.03,True
1591,MEA-001591-921,Kirkland Signature Pork Chops Bone-In 1lb,Meat,Butcher,Kirkland Signature,19.81,11.11,True
1592,PRO-001592-275,365 Whole Foods Hass Avocados 4ct,Produce,Fresh,365 Whole Foods,8.33,5.71,True
1593,GRO-001593-759,Great Value Canned Black Beans 15oz,Grocery,Pantry,Great Value,10.45,7.13,True
1594,FRO-001594-961,Pepsi Frozen Waffles 10ct,Frozen,Frozen,Pepsi,14.61,8.16,True
1595,SNA-001595-760,Chiquita Potato Chips Classic 10oz,Snacks,Snacks,Chiquita,1.48,0.97,True
1596,BAK-001596-424,Tyson Donuts Glazed 12ct,Bakery,Bakery,Tyson,10.11,6.49,True
1597,HOU-001597-148,Hellmanns Aluminum Foil 200sq ft,Household,Cleaning,Hellmanns,16.79,11.92,True
1598,PRO-001598-732,Bounty Cucumber 3ct,Produce,Fresh,Bounty,2.49,1.5,True
1599,DAI-001599-982,Chiquita Large Grade A Eggs 12ct,Dairy,Dairy,Chiquita,9.33,6.07,True
1600,MEA-001600-935,Bounty Ground Pork 1lb,Meat,Butcher,Bounty,32.08,24.95,True
1601,GRO-001601-213,Kirkland Signature Canned Black Beans 15oz,Grocery,Pantry,Kirkland Signature,1.85,1.15,True
1602,BAK-001602-274,Folgers Donuts Glazed 12ct,Bakery,Bakery,Folgers,12.11,8.29,True
1603,HOU-001603-970,Heinz Dish Soap Liquid 24oz,Household,Cleaning,Heinz,33.97,21.91,True
1604,PRO-001604-346,Lays Organic Carrots 2lb Bag,Produce,Fresh,Lays,8.05,5.65,False
1605,HOU-001605-331,Nature Valley Fabric Softener 60oz,Household,Cleaning,Nature Valley,7.74,5.62,True
1606,HOU-001606-775,General Mills LED Light Bulbs 4ct,Household,Cleaning,General Mills,24.4,18.22,True
1607,PRO-001607-317,Kirkland Signature Fresh Strawberries 16oz,Produce,Fresh,Kirkland Signature,1.44,0.86,True
1608,MEA-001608-448,Coca-Cola Italian Sausage Links 12oz,Meat,Butcher,Coca-Cola,11.25,7.72,True
1609,HOU-001609-564,Folgers Paper Plates 40ct,Household,Cleaning,Folgers,24.65,18.36,True
1610,DAI-001610-494,Bounty Greek Yogurt Plain 32oz,Dairy,Dairy,Bounty,12.7,9.52,True
1611,BAK-001611-384,Horizon Organic Sourdough Bread Loaf,Bakery,Bakery,Horizon Organic,6.24,4.42,False
1612,PRO-001612-997,365 Whole Foods Gala Apples 3lb Bag,Produce,Fresh,365 Whole Foods,2.54,1.46,True
1613,FRO-001613-129,Tyson Frozen Mixed Vegetables 12oz,Frozen,Frozen,Tyson,8.97,6.03,True
1614,PRO-001614-186,Doritos Blueberries 6oz,Produce,Fresh,Doritos,5.44,3.26,True
1615,BAK-001615-154,Chiquita Baguette French,Bakery,Bakery,Chiquita,6.45,4.1,True
1616,BAK-001616-401,Nestle Tortillas Flour 10ct,Bakery,Bakery,Nestle,3.51,2.07,True
1617,FRO-001617-211,Private Selection Frozen Lasagna Family Size,Frozen,Frozen,Private Selection,11.32,7.91,False
1618,MEA-001618-136,Kirkland Signature Ground Beef 80/20 1lb,Meat,Butcher,Kirkland Signature,22.25,13.46,True
1619,BEV-001619-816,Hellmanns Spring Water 24x16.9oz Bottles,Beverages,Drinks,Hellmanns,11.72,7.5,True
1620,BEV-001620-275,Nestle Sparkling Water Lime 8x12oz,Beverages,Drinks,Nestle,12.53,7.89,True
1621,BEV-001621-289,Coca-Cola Coca-Cola Classic 12x12oz Cans,Beverages,Drinks,Coca-Cola,9.28,6.6,True
1622,BEV-001622-422,Kraft Spring Water 24x16.9oz Bottles,Beverages,Drinks,Kraft,11.33,6.67,True
1623,FRO-001623-782,Great Value Frozen Mixed Vegetables 12oz,Frozen,Frozen,Great Value,8.95,5.61,True
1624,BEV-001624-795,Kraft Pepsi Cola 12x12oz Cans,Beverages,Drinks,Kraft,12.23,6.75,True
1625,FRO-001625-994,Nature Valley Frozen Pizza Pepperoni 12in,Frozen,Frozen,Nature Valley,6.34,3.65,True
1626,BEV-001626-615,Lays Spring Water 24x16.9oz Bottles,Beverages,Drinks,Lays,5.41,3.16,True
1627,BEV-001627-602,365 Whole Foods Green Tea Bags 20ct,Beverages,Drinks,365 Whole Foods,11.94,9.29,True
1628,FRO-001628-569,Bounty Frozen Waffles 10ct,Frozen,Frozen,Bounty,3.65,2.3,True
1629,SNA-001629-376,Coca-Cola Beef Jerky Original 2.85oz,Snacks,Snacks,Coca-Cola,9.31,6.68,True
1630,BAK-001630-245,Oscar Mayer Sourdough Bread Loaf,Bakery,Bakery,Oscar Mayer,5.47,3.05,True
1631,BAK-001631-862,Nestle Blueberry Muffins 4ct,Bakery,Bakery,Nestle,2.33,1.77,True
1632,PRO-001632-795,Wonder Bread Roma Tomatoes 2lb Package,Produce,Fresh,Wonder Bread,7.67,5.83,False
1633,SNA-001633-795,Tyson Popcorn Microwave Butter 6ct,Snacks,Snacks,Tyson,5.37,3.36,True
1634,BEV-001634-142,Nestle Coffee Ground Medium Roast 12oz,Beverages,Drinks,Nestle,10.15,7.22,True
1635,PRO-001635-680,365 Whole Foods Russet Potatoes 5lb Bag,Produce,Fresh,365 Whole Foods,12.62,9.24,True
1636,GRO-001636-250,Oscar Mayer Corn Flakes Cereal 12oz,Grocery,Pantry,Oscar Mayer,6.75,3.95,False
1637,SNA-001637-598,Dole Popcorn Microwave Butter 6ct,Snacks,Snacks,Dole,4.66,3.42,True
1638,GRO-001638-945,Dole Tomato Sauce 15oz,Grocery,Pantry,Dole,8.23,4.63,True
1639,BAK-001639-954,Oscar Mayer Blueberry Muffins 4ct,Bakery,Bakery,Oscar Mayer,1.3,0.79,True
1640,BEV-001640-887,Oscar Mayer Apple Juice 64oz Bottle,Beverages,Drinks,Oscar Mayer,9.94,7.65,True
1641,DAI-001641-542,Nestle String Cheese 12ct,Dairy,Dairy,Nestle,8.14,4.63,True
1642,FRO-001642-931,General Mills French Fries Crinkle 32oz,Frozen,Frozen,General Mills,11.29,7.21,True
1643,PRO-001643-409,Tyson Blueberries 6oz,Produce,Fresh,Tyson,8.28,4.88,True
1644,HOU-001644-799,Pepsi Batteries AA 24ct,Household,Cleaning,Pepsi,28.02,17.02,True
1645,MEA-001645-187,Dole Bacon Sliced 12oz,Meat,Butcher,Dole,13.91,10.62,True
1646,DAI-001646-198,Private Selection Mozzarella Shredded 8oz,Dairy,Dairy,Private Selection,2.91,1.9,True
1647,HOU-001647-537,Bounty Aluminum Foil 200sq ft,Household,Cleaning,Bounty,18.99,14.64,True
1648,SNA-001648-190,Private Selection Potato Chips Classic 10oz,Snacks,Snacks,Private Selection,10.13,7.0,True
1649,MEA-001649-482,Lays Deli Ham Sliced 1lb,Meat,Butcher,Lays,8.81,5.95,True
1650,BEV-001650-228,Tide Coca-Cola Classic 12x12oz Cans,Beverages,Drinks,Tide,8.12,4.48,True
1651,SNA-001651-186,Kirkland Signature Beef Jerky Original 2.85oz,Snacks,Snacks,Kirkland Signature,1.93,1.43,True
1652,HOU-001652-941,Coca-Cola Batteries AA 24ct,Household,Cleaning,Coca-Cola,13.71,9.06,True
1653,GRO-001653-790,Heinz Spaghetti Pasta 16oz,Grocery,Pantry,Heinz,7.27,5.2,True
1654,SNA-001654-858,Doritos Popcorn Microwave Butter 6ct,Snacks,Snacks,Doritos,12.61,7.33,True
1655,DAI-001655-418,Wonder Bread Salted Butter Sticks 16oz,Dairy,Dairy,Wonder Bread,9.7,7.42,True
1656,MEA-001656-100,Horizon Organic Ground Beef 80/20 1lb,Meat,Butcher,Horizon Organic,9.58,7.21,True
1657,MEA-001657-585,Coca-Cola Pork Chops Bone-In 1lb,Meat,Butcher,Coca-Cola,5.73,3.82,True
1658,PRO-001658-595,Tide Roma Tomatoes 2lb Package,Produce,Fresh,Tide,12.79,9.45,True
1659,SNA-001659-797,Hellmanns Mixed Nuts Roasted 15oz,Snacks,Snacks,Hellmanns,6.43,4.51,True
1660,DAI-001660-289,Great Value Almond Milk Unsweetened 64oz,Dairy,Dairy,Great Value,2.95,2.13,True
1661,SNA-001661-587,Nestle Cookies Sandwich 15.25oz,Snacks,Snacks,Nestle,6.91,4.26,True
1662,FRO-001662-381,Oscar Mayer French Fries Crinkle 32oz,Frozen,Frozen,Oscar Mayer,7.99,5.68,True
1663,BAK-001663-128,Pepsi Tortillas Flour 10ct,Bakery,Bakery,Pepsi,4.61,2.66,True
1664,BEV-001664-766,Wonder Bread Coca-Cola Classic 12x12oz Cans,Beverages,Drinks,Wonder Bread,13.76,9.53,True
1665,HOU-001665-840,365 Whole Foods Dish Soap Liquid 24oz,Household,Cleaning,365 Whole Foods,18.74,10.35,True
1666,SNA-001666-457,Nestle Cookies Sandwich 15.25oz,Snacks,Snacks,Nestle,11.85,7.95,True
1667,DAI-001667-460,Pepsi Almond Milk Unsweetened 64oz,Dairy,Dairy,Pepsi,8.96,6.09,True
1668,DAI-001668-410,Oscar Mayer Salted Butter Sticks 16oz,Dairy,Dairy,Oscar Mayer,12.09,6.84,True
1669,FRO-001669-720,Nature Valley Fish Sticks 15oz,Frozen,Frozen,Nature Valley,11.07,7.56,True
1670,SNA-001670-814,Pepsi Mixed Nuts Roasted 15oz,Snacks,Snacks,Pepsi,5.08,3.91,True
1671,BAK-001671-130,Kirkland Signature Bagels Plain 6ct,Bakery,Bakery,Kirkland Signature,11.26,6.61,True
1672,PRO-001672-587,Oscar Mayer Fresh Strawberries 16oz,Produce,Fresh,Oscar Mayer,5.08,3.06,True
1673,MEA-001673-845,Kraft Ground Beef 80/20 1lb,Meat,Butcher,Kraft,31.76,22.99,True
1674,PRO-001674-356,Hellmanns Organic Bananas Bunch,Produce,Fresh,Hellmanns,2.63,1.96,True
1675,HOU-001675-960,Wonder Bread Batteries AA 24ct,Household,Cleaning,Wonder Bread,5.87,3.46,True
1676,FRO-001676-752,Pepsi Fish Sticks 15oz,Frozen,Frozen,Pepsi,10.09,6.01,True
1677,FRO-001677-306,General Mills Frozen Waffles 10ct,Frozen,Frozen,General Mills,12.02,7.81,True
1678,MEA-001678-124,Heinz Ground Beef 80/20 1lb,Meat,Butcher,Heinz,23.86,16.79,True
1679,DAI-001679-892,Bounty Whole Milk Gallon,Dairy,Dairy,Bounty,6.06,4.09,True
1680,DAI-001680-640,Wonder Bread Almond Milk Unsweetened 64oz,Dairy,Dairy,Wonder Bread,7.1,5.26,True
1681,FRO-001681-465,Bounty Frozen Lasagna Family Size,Frozen,Frozen,Bounty,10.6,7.19,True
1682,PRO-001682-740,Private Selection Fresh Strawberries 16oz,Produce,Fresh,Private Selection,5.69,3.22,True
1683,SNA-001683-220,Coca-Cola Mixed Nuts Roasted 15oz,Snacks,Snacks,Coca-Cola,7.12,4.0,True
1684,GRO-001684-948,Dole Tomato Sauce 15oz,Grocery,Pantry,Dole,4.23,3.01,True
1685,DAI-001685-647,Horizon Organic Salted Butter Sticks 16oz,Dairy,Dairy,Horizon Organic,8.02,5.98,True
1686,SNA-001686-733,Tide Mixed Nuts Roasted 15oz,Snacks,Snacks,Tide,1.95,1.39,True
1687,FRO-001687-130,Wonder Bread Frozen Waffles 10ct,Frozen,Frozen,Wonder Bread,3.86,2.5,True
1688,GRO-001688-660,Nestle Peanut Butter Creamy 16oz,Grocery,Pantry,Nestle,10.85,6.79,True
1689,GRO-001689-174,Nature Valley Tomato Sauce 15oz,Grocery,Pantry,Nature Valley,10.72,7.29,True
1690,GRO-001690-526,Horizon Organic Olive Oil Extra Virgin 16.9oz,Grocery,Pantry,Horizon Organic,8.29,5.73,True
1691,SNA-001691-377,Pepsi Beef Jerky Original 2.85oz,Snacks,Snacks,Pepsi,9.75,5.6,True
1692,MEA-001692-541,Bounty Chicken Thighs Family Pack,Meat,Butcher,Bounty,19.32,14.1,True
1693,MEA-001693-126,Kirkland Signature Boneless Chicken Breast 1lb,Meat,Butcher,Kirkland Signature,28.2,20.77,True
1694,BAK-001694-593,Doritos Croissants 4ct,Bakery,Bakery,Doritos,1.9,1.38,True
1695,BAK-001695-241,Doritos Tortillas Flour 10ct,Bakery,Bakery,Doritos,2.64,1.52,True
1696,HOU-001696-451,Nestle Surface Cleaner Spray 22oz,Household,Cleaning,Nestle,18.09,10.19,True
1697,GRO-001697-865,Private Selection Tomato Sauce 15oz,Grocery,Pantry,Private Selection,10.1,7.43,True
1698,GRO-001698-994,Great Value Salsa Medium 16oz,Grocery,Pantry,Great Value,9.71,7.16,True
1699,DAI-001699-389,Kraft Half and Half Quart,Dairy,Dairy,Kraft,1.8,1.13,True
1700,MEA-001700-720,Pepsi Bacon Sliced 12oz,Meat,Butcher,Pepsi,16.92,11.87,True
1701,PRO-001701-310,Doritos Roma Tomatoes 2lb Package,Produce,Fresh,Doritos,7.08,5.09,True
1702,MEA-001702-409,Folgers Italian Sausage Links 12oz,Meat,Butcher,Folgers,33.23,24.24,True
1703,MEA-001703-426,Tyson Rotisserie Chicken Whole,Meat,Butcher,Tyson,25.92,17.26,True
1704,BAK-001704-386,Nature Valley Whole Wheat Bread,Bakery,Bakery,Nature Valley,2.21,1.68,True
1705,SNA-001705-859,Dole Pretzels Mini 16oz,Snacks,Snacks,Dole,7.76,4.49,True
1706,DAI-001706-815,General Mills Whole Milk Gallon,Dairy,Dairy,General Mills,6.44,4.67,False
1707,GRO-001707-376,Kirkland Signature Corn Flakes Cereal 12oz,Grocery,Pantry,Kirkland Signature,4.54,2.9,True
1708,PRO-001708-975,Tyson Organic Bananas Bunch,Produce,Fresh,Tyson,8.42,5.59,True
1709,BAK-001709-329,Kirkland Signature Cinnamon Rolls 8ct,Bakery,Bakery,Kirkland Signature,3.7,2.19,True
1710,GRO-001710-132,Dole Mac & Cheese Dinner 7.25oz,Grocery,Pantry,Dole,7.63,4.81,True
1711,HOU-001711-321,Heinz Paper Plates 40ct,Household,Cleaning,Heinz,27.71,17.41,True
1712,BAK-001712-926,Kirkland Signature Tortillas Flour 10ct,Bakery,Bakery,Kirkland Signature,2.57,1.64,True
1713,BEV-001713-534,365 Whole Foods Apple Juice 64oz Bottle,Beverages,Drinks,365 Whole Foods,10.07,6.85,True
1714,DAI-001714-863,365 Whole Foods Mozzarella Shredded 8oz,Dairy,Dairy,365 Whole Foods,12.9,7.8,True
1715,BEV-001715-187,Tyson Cold Brew Coffee 48oz,Beverages,Drinks,Tyson,14.98,10.9,True
1716,BAK-001716-380,Hellmanns Croissants 4ct,Bakery,Bakery,Hellmanns,5.52,3.87,True
1717,GRO-001717-682,Dole Spaghetti Pasta 16oz,Grocery,Pantry,Dole,9.02,6.7,True
1718,FRO-001718-550,Great Value Frozen Berries Blend 16oz,Frozen,Frozen,Great Value,3.59,2.01,True
1719,SNA-001719-159,Private Selection Pretzels Mini 16oz,Snacks,Snacks,Private Selection,8.07,4.59,True
1720,SNA-001720-551,Horizon Organic Granola Bars Chewy 6ct,Snacks,Snacks,Horizon Organic,3.39,2.46,True
1721,FRO-001721-745,General Mills Frozen Mixed Vegetables 12oz,Frozen,Frozen,General Mills,5.5,4.13,True
1722,MEA-001722-139,Wonder Bread Ground Beef 80/20 1lb,Meat,Butcher,Wonder Bread,10.52,7.01,True
1723,HOU-001723-834,Doritos Paper Towels 6 Rolls,Household,Cleaning,Doritos,11.83,9.1,False
1724,BEV-001724-965,Oscar Mayer Coca-Cola Classic 12x12oz Cans,Beverages,Drinks,Oscar Mayer,13.35,8.43,True
1725,MEA-001725-179,Coca-Cola Ground Turkey 1lb,Meat,Butcher,Coca-Cola,20.2,11.64,True
1726,MEA-001726-480,Heinz Ground Turkey 1lb,Meat,Butcher,Heinz,29.86,21.1,True
1727,BAK-001727-125,Pepsi Donuts Glazed 12ct,Bakery,Bakery,Pepsi,5.11,3.74,True
1728,BAK-001728-401,Nature Valley Blueberry Muffins 4ct,Bakery,Bakery,Nature Valley,8.57,5.03,True
1729,DAI-001729-208,Great Value Vanilla Ice Cream Gallon,Dairy,Dairy,Great Value,8.42,6.2,True
1730,SNA-001730-487,Nestle Granola Bars Chewy 6ct,Snacks,Snacks,Nestle,11.01,6.14,True
1731,BAK-001731-329,Horizon Organic Bagels Plain 6ct,Bakery,Bakery,Horizon Organic,7.91,6.17,True
1732,BAK-001732-967,Coca-Cola Baguette French,Bakery,Bakery,Coca-Cola,11.57,8.49,True
1733,SNA-001733-424,365 Whole Foods Cookies Sandwich 15.25oz,Snacks,Snacks,365 Whole Foods,4.44,3.3,True
1734,MEA-001734-918,General Mills Ground Turkey 1lb,Meat,Butcher,General Mills,28.02,17.74,True
1735,PRO-001735-555,General Mills Clementines 3lb Bag,Produce,Fresh,General Mills,9.86,7.42,True
1736,HOU-001736-178,Lays LED Light Bulbs 4ct,Household,Cleaning,Lays,32.43,22.71,True
1737,FRO-001737-683,General Mills Fish Sticks 15oz,Frozen,Frozen,General Mills,13.01,10.11,True
1738,MEA-001738-698,Oscar Mayer Ribeye Steak 12oz,Meat,Butcher,Oscar Mayer,24.97,17.21,True
1739,HOU-001739-183,Coca-Cola Surface Cleaner Spray 22oz,Household,Cleaning,Coca-Cola,17.25,11.49,True
1740,FRO-001740-997,Kraft Chicken Nuggets 24oz,Frozen,Frozen,Kraft,8.71,5.12,True
1741,SNA-001741-229,Coca-Cola Beef Jerky Original 2.85oz,Snacks,Snacks,Coca-Cola,11.46,8.5,True
1742,DAI-001742-627,Pepsi Large Grade A Eggs 12ct,Dairy,Dairy,Pepsi,11.43,8.7,True
1743,HOU-001743-813,Tide Dish Soap Liquid 24oz,Household,Cleaning,Tide,21.7,15.49,True
1744,HOU-001744-731,Hellmanns Batteries AA 24ct,Household,Cleaning,Hellmanns,8.22,5.89,True
1745,HOU-001745-745,Private Selection Aluminum Foil 200sq ft,Household,Cleaning,Private Selection,18.48,13.71,True
1746,FRO-001746-841,Kraft Frozen Mixed Vegetables 12oz,Frozen,Frozen,Kraft,12.3,9.36,True
1747,PRO-001747-707,Great Value Gala Apples 3lb Bag,Produce,Fresh,Great Value,8.23,5.8,True
1748,HOU-001748-620,Kraft Aluminum Foil 200sq ft,Household,Cleaning,Kraft,26.67,16.38,True
1749,MEA-001749-449,Nature Valley Bacon Sliced 12oz,Meat,Butcher,Nature Valley,6.44,4.31,True
1750,SNA-001750-430,Dole Chocolate Bar Milk 1.55oz,Snacks,Snacks,Dole,5.78,4.19,False
1751,GRO-001751-540,Nestle Ketchup 20oz,Grocery,Pantry,Nestle,7.36,5.02,True
1752,PRO-001752-269,Dole Yellow Onions 3lb Bag,Produce,Fresh,Dole,2.68,1.64,True
1753,DAI-001753-720,Tyson Salted Butter Sticks 16oz,Dairy,Dairy,Tyson,10.11,7.71,True
1754,DAI-001754-665,Nestle Large Grade A Eggs 12ct,Dairy,Dairy,Nestle,11.1,8.03,True
1755,GRO-001755-650,Doritos Mayonnaise 30oz,Grocery,Pantry,Doritos,10.64,5.87,True
1756,GRO-001756-388,Nestle Olive Oil Extra Virgin 16.9oz,Grocery,Pantry,Nestle,12.31,8.39,True
1757,SNA-001757-402,365 Whole Foods Popcorn Microwave Butter 6ct,Snacks,Snacks,365 Whole Foods,12.03,8.6,True
1758,PRO-001758-605,Private Selection Fresh Strawberries 16oz,Produce,Fresh,Private Selection,4.37,3.27,False
1759,PRO-001759-862,Horizon Organic Yellow Onions 3lb Bag,Produce,Fresh,Horizon Organic,10.57,7.58,True
1760,SNA-001760-564,Tyson Granola Bars Chewy 6ct,Snacks,Snacks,Tyson,8.67,5.79,True
1761,HOU-001761-202,Private Selection Paper Towels 6 Rolls,Household,Cleaning,Private Selection,32.96,24.15,True
1762,SNA-001762-742,Wonder Bread Potato Chips Classic 10oz,Snacks,Snacks,Wonder Bread,1.38,0.8,True
1763,MEA-001763-371,Nestle Chicken Thighs Family Pack,Meat,Butcher,Nestle,19.09,12.63,True
1764,FRO-001764-303,Pepsi Frozen Waffles 10ct,Frozen,Frozen,Pepsi,10.79,6.15,True
1765,MEA-001765-168,Private Selection Boneless Chicken Breast 1lb,Meat,Butcher,Private Selection,19.71,13.61,True
1766,GRO-001766-369,Folgers Honey Wheat Bread Loaf,Grocery,Pantry,Folgers,8.47,5.89,True
1767,HOU-001767-772,Lays Aluminum Foil 200sq ft,Household,Cleaning,Lays,33.62,25.28,True
1768,BEV-001768-601,Nature Valley Cold Brew Coffee 48oz,Beverages,Drinks,Nature Valley,12.65,8.1,True
1769,FRO-001769-324,Coca-Cola Frozen Waffles 10ct,Frozen,Frozen,Coca-Cola,4.78,3.6,True
1770,BEV-001770-433,365 Whole Foods Energy Drink Original 4x16oz,Beverages,Drinks,365 Whole Foods,6.34,4.11,True
1771,HOU-001771-455,Coca-Cola Mop Refills 2ct,Household,Cleaning,Coca-Cola,25.9,18.44,True
1772,FRO-001772-521,Hellmanns Frozen Berries Blend 16oz,Frozen,Frozen,Hellmanns,11.39,6.34,True
1773,MEA-001773-675,Kirkland Signature Ribeye Steak 12oz,Meat,Butcher,Kirkland Signature,28.14,17.17,True
1774,BAK-001774-508,Private Selection Cinnamon Rolls 8ct,Bakery,Bakery,Private Selection,4.34,2.44,True
1775,MEA-001775-938,Wonder Bread Ground Turkey 1lb,Meat,Butcher,Wonder Bread,6.36,4.15,True
1776,DAI-001776-898,Nestle Cream Cheese 8oz Bar,Dairy,Dairy,Nestle,8.61,6.61,True
1777,HOU-001777-652,Hellmanns Dish Soap Liquid 24oz,Household,Cleaning,Hellmanns,5.59,4.0,True
1778,PRO-001778-441,Folgers Romaine Hearts 3ct,Produce,Fresh,Folgers,11.96,8.69,True
1779,GRO-001779-470,Nestle Granulated Sugar 4lb Bag,Grocery,Pantry,Nestle,7.56,5.87,True
1780,BAK-001780-920,Dole Sourdough Bread Loaf,Bakery,Bakery,Dole,3.18,2.02,True
1781,SNA-001781-136,Great Value Pretzels Mini 16oz,Snacks,Snacks,Great Value,11.18,8.09,True
1782,SNA-001782-143,Nature Valley Chocolate Bar Milk 1.55oz,Snacks,Snacks,Nature Valley,3.13,1.94,True
1783,MEA-001783-867,Tyson Boneless Chicken Breast 1lb,Meat,Butcher,Tyson,8.7,6.35,True
1784,DAI-001784-982,Tyson String Cheese 12ct,Dairy,Dairy,Tyson,2.28,1.29,True
1785,BAK-001785-860,Great Value Croissants 4ct,Bakery,Bakery,Great Value,11.0,7.58,True
1786,BAK-001786-979,Hellmanns Sourdough Bread Loaf,Bakery,Bakery,Hellmanns,4.94,3.08,True
1787,GRO-001787-569,Tyson Canned Black Beans 15oz,Grocery,Pantry,Tyson,3.66,2.24,True
1788,FRO-001788-539,Dole Fish Sticks 15oz,Frozen,Frozen,Dole,4.56,3.52,True
1789,FRO-001789-646,Folgers Frozen Waffles 10ct,Frozen,Frozen,Folgers,9.32,5.95,False
1790,BAK-001790-831,Doritos Blueberry Muffins 4ct,Bakery,Bakery,Doritos,2.56,1.54,False
1791,BAK-001791-478,365 Whole Foods Sourdough Bread Loaf,Bakery,Bakery,365 Whole Foods,6.87,3.95,True
1792,DAI-001792-185,Wonder Bread Cottage Cheese 16oz,Dairy,Dairy,Wonder Bread,2.41,1.42,True
1793,FRO-001793-244,Horizon Organic Chicken Nuggets 24oz,Frozen,Frozen,Horizon Organic,8.13,6.04,True
1794,MEA-001794-358,Nature Valley Boneless Chicken Breast 1lb,Meat,Butcher,Nature Valley,17.35,12.5,True
1795,GRO-001795-678,Folgers Olive Oil Extra Virgin 16.9oz,Grocery,Pantry,Folgers,8.3,6.23,True
1796,MEA-001796-658,Nature Valley Rotisserie Chicken Whole,Meat,Butcher,Nature Valley,19.98,15.4,True
1797,FRO-001797-668,Lays Frozen Berries Blend 16oz,Frozen,Frozen,Lays,13.36,10.4,True
1798,PRO-001798-179,Folgers Russet Potatoes 5lb Bag,Produce,Fresh,Folgers,5.69,4.12,True
1799,PRO-001799-548,Nestle Gala Apples 3lb Bag,Produce,Fresh,Nestle,11.47,6.61,True
1800,FRO-001800-922,Wonder Bread Frozen Mixed Vegetables 12oz,Frozen,Frozen,Wonder Bread,9.52,5.54,True
1801,BAK-001801-403,Great Value Tortillas Flour 10ct,Bakery,Bakery,Great Value,2.67,2.08,True
1802,BEV-001802-729,Chiquita Apple Juice 64oz Bottle,Beverages,Drinks,Chiquita,13.72,9.33,True
1803,BEV-001803-309,Oscar Mayer Apple Juice 64oz Bottle,Beverages,Drinks,Oscar Mayer,12.72,9.78,True
1804,BEV-001804-315,365 Whole Foods Sparkling Water Lime 8x12oz,Beverages,Drinks,365 Whole Foods,14.26,10.88,True
1805,DAI-001805-832,Lays Sharp Cheddar Cheese Block 8oz,Dairy,Dairy,Lays,10.99,6.07,True
1806,DAI-001806-105,Horizon Organic Half and Half Quart,Dairy,Dairy,Horizon Organic,4.94,2.93,True
1807,SNA-001807-196,Chiquita Beef Jerky Original 2.85oz,Snacks,Snacks,Chiquita,2.0,1.32,True
1808,HOU-001808-331,Doritos Mop Refills 2ct,Household,Cleaning,Doritos,15.34,8.49,True
1809,BEV-001809-846,Heinz Energy Drink Original 4x16oz,Beverages,Drinks,Heinz,7.01,4.86,True
1810,BEV-001810-756,Doritos Apple Juice 64oz Bottle,Beverages,Drinks,Doritos,11.07,6.29,True
1811,MEA-001811-369,Kraft Bacon Sliced 12oz,Meat,Butcher,Kraft,21.9,12.68,True
1812,BAK-001812-890,Heinz Blueberry Muffins 4ct,Bakery,Bakery,Heinz,11.27,7.77,False
1813,FRO-001813-102,Kraft Chicken Nuggets 24oz,Frozen,Frozen,Kraft,12.5,9.72,True
1814,DAI-001814-586,Kraft Sharp Cheddar Cheese Block 8oz,Dairy,Dairy,Kraft,11.52,7.19,True
1815,GRO-001815-926,Lays Peanut Butter Creamy 16oz,Grocery,Pantry,Lays,6.43,4.52,True
1816,SNA-001816-673,General Mills Tortilla Chips Restaurant Style 13oz,Snacks,Snacks,General Mills,5.89,4.29,True
1817,HOU-001817-424,Lays Paper Plates 40ct,Household,Cleaning,Lays,20.91,15.75,True
1818,DAI-001818-828,Tyson Almond Milk Unsweetened 64oz,Dairy,Dairy,Tyson,2.96,1.93,True
1819,BEV-001819-671,Coca-Cola Cold Brew Coffee 48oz,Beverages,Drinks,Coca-Cola,13.84,9.69,True
1820,HOU-001820-454,Oscar Mayer Aluminum Foil 200sq ft,Household,Cleaning,Oscar Mayer,26.84,16.08,True
1821,MEA-001821-283,Bounty Ribeye Steak 12oz,Meat,Butcher,Bounty,32.99,25.7,True
1822,HOU-001822-105,Nestle LED Light Bulbs 4ct,Household,Cleaning,Nestle,22.58,14.12,True
1823,BEV-001823-721,Great Value Apple Juice 64oz Bottle,Beverages,Drinks,Great Value,6.63,4.63,True
1824,BAK-001824-821,Folgers Croissants 4ct,Bakery,Bakery,Folgers,4.25,2.95,False
1825,GRO-001825-582,Folgers Ketchup 20oz,Grocery,Pantry,Folgers,12.96,9.01,True
1826,FRO-001826-139,Coca-Cola Frozen Lasagna Family Size,Frozen,Frozen,Coca-Cola,7.74,5.35,True
1827,DAI-001827-529,Horizon Organic Sharp Cheddar Cheese Block 8oz,Dairy,Dairy,Horizon Organic,11.05,6.38,True
1828,GRO-001828-978,Coca-Cola Olive Oil Extra Virgin 16.9oz,Grocery,Pantry,Coca-Cola,7.66,5.95,True
1829,GRO-001829-968,Oscar Mayer Olive Oil Extra Virgin 16.9oz,Grocery,Pantry,Oscar Mayer,11.82,8.94,True
1830,HOU-001830-780,Great Value LED Light Bulbs 4ct,Household,Cleaning,Great Value,17.09,12.69,True
1831,PRO-001831-251,Lays Baby Spinach 5oz Clamshell,Produce,Fresh,Lays,9.82,5.59,True
1832,BEV-001832-805,Nestle Sports Drink Variety 6x20oz,Beverages,Drinks,Nestle,9.3,5.48,True
1833,GRO-001833-674,Tyson Canned Black Beans 15oz,Grocery,Pantry,Tyson,5.39,3.39,True
1834,PRO-001834-190,365 Whole Foods Lemons 2lb Bag,Produce,Fresh,365 Whole Foods,2.65,1.51,True
1835,DAI-001835-741,Heinz Sour Cream 16oz,Dairy,Dairy,Heinz,12.59,9.14,True
1836,MEA-001836-571,Bounty Chicken Thighs Family Pack,Meat,Butcher,Bounty,7.43,5.32,True
1837,MEA-001837-417,Pepsi Ground Pork 1lb,Meat,Butcher,Pepsi,6.59,4.69,True
1838,DAI-001838-523,Chiquita Vanilla Ice Cream Gallon,Dairy,Dairy,Chiquita,3.93,2.33,True
1839,DAI-001839-814,Tyson Salted Butter Sticks 16oz,Dairy,Dairy,Tyson,6.43,3.67,True
1840,HOU-001840-635,Wonder Bread Surface Cleaner Spray 22oz,Household,Cleaning,Wonder Bread,18.48,12.85,True
1841,GRO-001841-494,Heinz Ketchup 20oz,Grocery,Pantry,Heinz,3.11,2.12,False
1842,BAK-001842-930,Wonder Bread Blueberry Muffins 4ct,Bakery,Bakery,Wonder Bread,9.27,5.71,True
1843,SNA-001843-192,Tyson Cookies Sandwich 15.25oz,Snacks,Snacks,Tyson,7.3,4.37,True
1844,BEV-001844-629,Coca-Cola Coca-Cola Classic 12x12oz Cans,Beverages,Drinks,Coca-Cola,11.06,6.56,True
1845,HOU-001845-486,Heinz Surface Cleaner Spray 22oz,Household,Cleaning,Heinz,24.74,18.74,True
1846,PRO-001846-990,Bounty Green Seedless Grapes 2lb,Produce,Fresh,Bounty,11.83,6.94,True
1847,HOU-001847-291,Coca-Cola Mop Refills 2ct,Household,Cleaning,Coca-Cola,32.38,20.09,True
1848,DAI-001848-549,Great Value Cottage Cheese 16oz,Dairy,Dairy,Great Value,10.76,7.05,True
1849,BAK-001849-954,Nature Valley Tortillas Flour 10ct,Bakery,Bakery,Nature Valley,4.14,2.97,True
1850,FRO-001850-141,Dole Fish Sticks 15oz,Frozen,Frozen,Dole,14.65,11.01,True
1851,SNA-001851-536,Private Selection Tortilla Chips Restaurant Style 13oz,Snacks,Snacks,Private Selection,10.35,7.96,True
1852,GRO-001852-270,Lays Peanut Butter Creamy 16oz,Grocery,Pantry,Lays,12.08,9.11,False
1853,SNA-001853-869,Heinz Pretzels Mini 16oz,Snacks,Snacks,Heinz,2.92,2.05,True
1854,GRO-001854-911,Dole Spaghetti Pasta 16oz,Grocery,Pantry,Dole,10.25,7.53,True
1855,DAI-001855-774,Great Value Half and Half Quart,Dairy,Dairy,Great Value,3.02,2.27,True
1856,PRO-001856-978,General Mills Gala Apples 3lb Bag,Produce,Fresh,General Mills,3.67,2.09,True
1857,SNA-001857-588,Great Value Granola Bars Chewy 6ct,Snacks,Snacks,Great Value,3.15,1.8,True
1858,BAK-001858-784,Nature Valley Sourdough Bread Loaf,Bakery,Bakery,Nature Valley,5.69,3.74,True
1859,PRO-001859-425,Pepsi Russet Potatoes 5lb Bag,Produce,Fresh,Pepsi,10.22,5.93,True
1860,BEV-001860-711,Private Selection Cold Brew Coffee 48oz,Beverages,Drinks,Private Selection,8.02,4.54,True
1861,GRO-001861-282,Hellmanns Tomato Sauce 15oz,Grocery,Pantry,Hellmanns,10.27,6.52,True
1862,GRO-001862-869,Hellmanns All-Purpose Flour 5lb Bag,Grocery,Pantry,Hellmanns,5.95,3.38,True
1863,FRO-001863-316,Kirkland Signature Chicken Nuggets 24oz,Frozen,Frozen,Kirkland Signature,6.96,3.98,True
1864,DAI-001864-391,Pepsi Mozzarella Shredded 8oz,Dairy,Dairy,Pepsi,4.93,3.48,True
1865,BEV-001865-267,Kraft Energy Drink Original 4x16oz,Beverages,Drinks,Kraft,8.07,5.4,True
1866,PRO-001866-850,Oscar Mayer Yellow Onions 3lb Bag,Produce,Fresh,Oscar Mayer,2.48,1.86,True
1867,GRO-001867-231,Chiquita Peanut Butter Creamy 16oz,Grocery,Pantry,Chiquita,8.01,5.11,True
1868,FRO-001868-889,Private Selection Fish Sticks 15oz,Frozen,Frozen,Private Selection,4.12,2.67,True
1869,PRO-001869-614,365 Whole Foods Lemons 2lb Bag,Produce,Fresh,365 Whole Foods,5.65,3.72,True
1870,SNA-001870-904,Coca-Cola Granola Bars Chewy 6ct,Snacks,Snacks,Coca-Cola,3.38,2.19,True
1871,PRO-001871-445,Great Value Gala Apples 3lb Bag,Produce,Fresh,Great Value,12.38,8.82,True
1872,SNA-001872-149,Private Selection Beef Jerky Original 2.85oz,Snacks,Snacks,Private Selection,6.73,3.76,True
1873,FRO-001873-713,Kirkland Signature French Fries Crinkle 32oz,Frozen,Frozen,Kirkland Signature,11.38,6.92,True
1874,BEV-001874-373,Doritos Coca-Cola Classic 12x12oz Cans,Beverages,Drinks,Doritos,5.55,3.51,True
1875,HOU-001875-136,Wonder Bread Paper Plates 40ct,Household,Cleaning,Wonder Bread,22.86,14.45,True
1876,BAK-001876-186,Kraft Sourdough Bread Loaf,Bakery,Bakery,Kraft,7.55,4.37,True
1877,FRO-001877-453,Tyson Fish Sticks 15oz,Frozen,Frozen,Tyson,14.67,10.39,True
1878,SNA-001878-178,Kirkland Signature Beef Jerky Original 2.85oz,Snacks,Snacks,Kirkland Signature,5.11,2.86,True
1879,PRO-001879-842,Lays Russet Potatoes 5lb Bag,Produce,Fresh,Lays,2.21,1.69,True
1880,BAK-001880-288,Great Value Tortillas Flour 10ct,Bakery,Bakery,Great Value,12.41,7.56,True
1881,PRO-001881-219,Private Selection Cucumber 3ct,Produce,Fresh,Private Selection,10.58,7.21,False
1882,SNA-001882-810,General Mills Cookies Sandwich 15.25oz,Snacks,Snacks,General Mills,10.64,6.77,True
1883,BAK-001883-896,Folgers Donuts Glazed 12ct,Bakery,Bakery,Folgers,3.46,2.3,True
1884,BAK-001884-391,Oscar Mayer Chocolate Chip Cookies 12ct,Bakery,Bakery,Oscar Mayer,4.48,2.88,True
1885,BAK-001885-373,Tyson Chocolate Chip Cookies 12ct,Bakery,Bakery,Tyson,6.7,4.9,True
1886,PRO-001886-118,General Mills Baby Spinach 5oz Clamshell,Produce,Fresh,General Mills,9.59,5.76,True
1887,FRO-001887-709,Wonder Bread Fish Sticks 15oz,Frozen,Frozen,Wonder Bread,7.27,4.65,True
1888,GRO-001888-427,Chiquita Olive Oil Extra Virgin 16.9oz,Grocery,Pantry,Chiquita,5.34,3.48,True
1889,FRO-001889-814,Doritos Chicken Nuggets 24oz,Frozen,Frozen,Doritos,5.45,3.49,True
1890,PRO-001890-674,Nature Valley Green Seedless Grapes 2lb,Produce,Fresh,Nature Valley,12.81,7.29,True
1891,SNA-001891-398,Dole Granola Bars Chewy 6ct,Snacks,Snacks,Dole,10.08,6.59,True
1892,DAI-001892-270,Heinz Vanilla Ice Cream Gallon,Dairy,Dairy,Heinz,8.59,5.84,True
1893,GRO-001893-669,Dole Salsa Medium 16oz,Grocery,Pantry,Dole,10.0,7.78,True
1894,SNA-001894-721,Tide Popcorn Microwave Butter 6ct,Snacks,Snacks,Tide,12.39,7.17,True
1895,MEA-001895-396,Heinz Ground Beef 80/20 1lb,Meat,Butcher,Heinz,10.35,6.07,True
1896,BAK-001896-460,Private Selection Baguette French,Bakery,Bakery,Private Selection,10.08,6.51,True
1897,HOU-001897-208,Wonder Bread Surface Cleaner Spray 22oz,Household,Cleaning,Wonder Bread,24.92,17.64,True
1898,HOU-001898-645,Doritos LED Light Bulbs 4ct,Household,Cleaning,Doritos,16.76,12.53,True
1899,FRO-001899-260,365 Whole Foods Frozen Waffles 10ct,Frozen,Frozen,365 Whole Foods,14.11,8.34,True
1900,SNA-001900-771,365 Whole Foods Granola Bars Chewy 6ct,Snacks,Snacks,365 Whole Foods,3.31,2.51,True
1901,BAK-001901-293,Private Selection Tortillas Flour 10ct,Bakery,Bakery,Private Selection,8.74,6.05,True
1902,SNA-001902-684,Hellmanns Tortilla Chips Restaurant Style 13oz,Snacks,Snacks,Hellmanns,9.86,7.57,True
1903,MEA-001903-740,Heinz Atlantic Salmon Fillet 1lb,Meat,Butcher,Heinz,19.15,10.93,True
1904,BAK-001904-984,Lays Baguette French,Bakery,Bakery,Lays,3.55,2.7,True
1905,MEA-001905-829,Nature Valley Atlantic Salmon Fillet 1lb,Meat,Butcher,Nature Valley,32.63,20.37,True
1906,GRO-001906-572,Heinz Tomato Sauce 15oz,Grocery,Pantry,Heinz,6.66,4.71,True
1907,MEA-001907-612,365 Whole Foods Atlantic Salmon Fillet 1lb,Meat,Butcher,365 Whole Foods,24.23,17.81,True
1908,DAI-001908-839,365 Whole Foods Greek Yogurt Plain 32oz,Dairy,Dairy,365 Whole Foods,12.55,6.92,True
1909,BAK-001909-982,Nature Valley Baguette French,Bakery,Bakery,Nature Valley,5.8,4.23,False
1910,SNA-001910-895,Folgers Tortilla Chips Restaurant Style 13oz,Snacks,Snacks,Folgers,8.39,6.52,True
1911,FRO-001911-399,Kirkland Signature Frozen Berries Blend 16oz,Frozen,Frozen,Kirkland Signature,12.82,9.49,True
1912,GRO-001912-833,Tide Olive Oil Extra Virgin 16.9oz,Grocery,Pantry,Tide,12.14,8.43,True
1913,PRO-001913-967,Pepsi Hass Avocados 4ct,Produce,Fresh,Pepsi,4.36,3.23,True
1914,PRO-001914-475,Kraft Clementines 3lb Bag,Produce,Fresh,Kraft,6.12,3.84,True
1915,FRO-001915-199,Tyson Chicken Nuggets 24oz,Frozen,Frozen,Tyson,7.29,5.17,True
1916,FRO-001916-450,Tyson Chicken Nuggets 24oz,Frozen,Frozen,Tyson,6.89,4.49,True
1917,BEV-001917-708,Tyson Sports Drink Variety 6x20oz,Beverages,Drinks,Tyson,3.9,2.27,True
1918,GRO-001918-677,Bounty Tomato Sauce 15oz,Grocery,Pantry,Bounty,5.53,3.41,True
1919,DAI-001919-412,Wonder Bread Vanilla Ice Cream Gallon,Dairy,Dairy,Wonder Bread,6.85,4.46,True
1920,DAI-001920-399,Hellmanns Sharp Cheddar Cheese Block 8oz,Dairy,Dairy,Hellmanns,11.34,6.91,True
1921,MEA-001921-251,Dole Deli Ham Sliced 1lb,Meat,Butcher,Dole,22.52,13.73,True
1922,SNA-001922-733,Nature Valley Chocolate Bar Milk 1.55oz,Snacks,Snacks,Nature Valley,11.82,9.14,True
1923,SNA-001923-483,Lays Granola Bars Chewy 6ct,Snacks,Snacks,Lays,5.71,4.36,True
1924,SNA-001924-595,Kraft Beef Jerky Original 2.85oz,Snacks,Snacks,Kraft,11.79,6.52,True
1925,HOU-001925-311,Dole Trash Bags Tall Kitchen 80ct,Household,Cleaning,Dole,11.72,7.2,True
1926,PRO-001926-465,Nestle Green Seedless Grapes 2lb,Produce,Fresh,Nestle,7.13,4.86,True
1927,GRO-001927-333,Lays Ketchup 20oz,Grocery,Pantry,Lays,9.96,6.31,True
1928,PRO-001928-168,Lays Yellow Onions 3lb Bag,Produce,Fresh,Lays,4.47,3.45,True
1929,SNA-001929-557,Kirkland Signature Tortilla Chips Restaurant Style 13oz,Snacks,Snacks,Kirkland Signature,7.92,4.81,True
1930,DAI-001930-978,Wonder Bread String Cheese 12ct,Dairy,Dairy,Wonder Bread,4.16,2.95,True
1931,GRO-001931-665,Tyson All-Purpose Flour 5lb Bag,Grocery,Pantry,Tyson,4.54,3.27,True
1932,PRO-001932-635,Pepsi Blueberries 6oz,Produce,Fresh,Pepsi,4.83,2.89,True
1933,FRO-001933-649,Coca-Cola Frozen Berries Blend 16oz,Frozen,Frozen,Coca-Cola,13.63,7.66,True
1934,PRO-001934-219,Nature Valley Baby Spinach 5oz Clamshell,Produce,Fresh,Nature Valley,6.46,4.26,True
1935,MEA-001935-407,Nature Valley Deli Ham Sliced 1lb,Meat,Butcher,Nature Valley,22.07,15.09,True
1936,PRO-001936-896,365 Whole Foods Clementines 3lb Bag,Produce,Fresh,365 Whole Foods,8.81,6.04,True
1937,FRO-001937-872,Tyson Frozen Pizza Pepperoni 12in,Frozen,Frozen,Tyson,8.17,5.0,True
1938,HOU-001938-626,Nature Valley LED Light Bulbs 4ct,Household,Cleaning,Nature Valley,13.5,9.43,True
1939,SNA-001939-381,Chiquita Pretzels Mini 16oz,Snacks,Snacks,Chiquita,9.22,6.14,True
1940,PRO-001940-599,Kraft Romaine Hearts 3ct,Produce,Fresh,Kraft,1.37,1.04,True
1941,FRO-001941-167,Kraft Frozen Mixed Vegetables 12oz,Frozen,Frozen,Kraft,12.24,8.63,True
1942,FRO-001942-803,Wonder Bread French Fries Crinkle 32oz,Frozen,Frozen,Wonder Bread,9.68,5.73,True
1943,MEA-001943-613,Dole Pork Chops Bone-In 1lb,Meat,Butcher,Dole,14.15,10.28,True
1944,BEV-001944-684,Nestle Sports Drink Variety 6x20oz,Beverages,Drinks,Nestle,11.22,7.01,True
1945,BAK-001945-724,Kraft Chocolate Chip Cookies 12ct,Bakery,Bakery,Kraft,9.04,5.65,True
1946,FRO-001946-334,Tyson Fish Sticks 15oz,Frozen,Frozen,Tyson,14.22,9.36,True
1947,BEV-001947-413,Pepsi Green Tea Bags 20ct,Beverages,Drinks,Pepsi,7.33,4.63,True
1948,FRO-001948-676,Private Selection Frozen Waffles 10ct,Frozen,Frozen,Private Selection,8.02,5.18,True
1949,BAK-001949-462,Private Selection Croissants 4ct,Bakery,Bakery,Private Selection,8.85,5.15,True
1950,BEV-001950-307,Folgers Coca-Cola Classic 12x12oz Cans,Beverages,Drinks,Folgers,5.89,4.21,True
1951,HOU-001951-537,Chiquita Paper Towels 6 Rolls,Household,Cleaning,Chiquita,28.72,17.95,True
1952,MEA-001952-615,Hellmanns Pork Chops Bone-In 1lb,Meat,Butcher,Hellmanns,18.19,11.15,True
1953,DAI-001953-838,Nature Valley Sour Cream 16oz,Dairy,Dairy,Nature Valley,8.23,6.33,True
1954,BAK-001954-386,General Mills Cinnamon Rolls 8ct,Bakery,Bakery,General Mills,12.84,8.79,True
1955,GRO-001955-382,Chiquita Mac & Cheese Dinner 7.25oz,Grocery,Pantry,Chiquita,7.58,4.93,True
1956,FRO-001956-432,Horizon Organic Frozen Mixed Vegetables 12oz,Frozen,Frozen,Horizon Organic,14.73,10.58,True
1957,DAI-001957-687,Dole Vanilla Ice Cream Gallon,Dairy,Dairy,Dole,3.63,2.07,True
1958,SNA-001958-643,Doritos Mixed Nuts Roasted 15oz,Snacks,Snacks,Doritos,10.85,7.69,True
1959,PRO-001959-828,Folgers Cucumber 3ct,Produce,Fresh,Folgers,9.94,7.66,True
1960,FRO-001960-428,Kraft Chicken Nuggets 24oz,Frozen,Frozen,Kraft,8.88,5.83,True
1961,BEV-001961-865,Hellmanns Coffee Ground Medium Roast 12oz,Beverages,Drinks,Hellmanns,14.22,8.28,True
1962,BAK-001962-917,Nature Valley Tortillas Flour 10ct,Bakery,Bakery,Nature Valley,1.85,1.24,True
1963,SNA-001963-679,Great Value Granola Bars Chewy 6ct,Snacks,Snacks,Great Value,6.41,3.57,True
1964,HOU-001964-389,Nature Valley LED Light Bulbs 4ct,Household,Cleaning,Nature Valley,22.23,15.47,True
1965,PRO-001965-644,Coca-Cola Organic Carrots 2lb Bag,Produce,Fresh,Coca-Cola,3.14,2.1,True
1966,FRO-001966-885,Horizon Organic Chicken Nuggets 24oz,Frozen,Frozen,Horizon Organic,11.36,8.38,True
1967,DAI-001967-174,Chiquita Almond Milk Unsweetened 64oz,Dairy,Dairy,Chiquita,3.42,2.33,True
1968,BAK-001968-688,Tide Croissants 4ct,Bakery,Bakery,Tide,4.73,3.28,True
1969,GRO-001969-537,Chiquita Tomato Sauce 15oz,Grocery,Pantry,Chiquita,3.05,2.28,True
1970,HOU-001970-769,365 Whole Foods LED Light Bulbs 4ct,Household,Cleaning,365 Whole Foods,24.95,18.14,True
1971,HOU-001971-256,Heinz Fabric Softener 60oz,Household,Cleaning,Heinz,10.66,6.23,True
1972,PRO-001972-716,Doritos Organic Bananas Bunch,Produce,Fresh,Doritos,12.34,6.9,True
1973,HOU-001973-991,Chiquita Laundry Detergent Liquid 100oz,Household,Cleaning,Chiquita,14.45,8.71,True
1974,BEV-001974-377,Private Selection Orange Juice Pulp Free 52oz,Beverages,Drinks,Private Selection,6.17,4.7,True
1975,GRO-001975-226,365 Whole Foods Peanut Butter Creamy 16oz,Grocery,Pantry,365 Whole Foods,11.05,7.03,True
1976,MEA-001976-557,Kirkland Signature Ribeye Steak 12oz,Meat,Butcher,Kirkland Signature,18.15,10.81,True
1977,PRO-001977-618,Kraft Hass Avocados 4ct,Produce,Fresh,Kraft,11.98,8.59,True
1978,MEA-001978-858,Nature Valley Ground Beef 80/20 1lb,Meat,Butcher,Nature Valley,23.14,16.72,True
1979,MEA-001979-918,Horizon Organic Pork Chops Bone-In 1lb,Meat,Butcher,Horizon Organic,20.2,13.33,True
1980,FRO-001980-489,Great Value Frozen Pizza Pepperoni 12in,Frozen,Frozen,Great Value,12.73,8.17,True
1981,HOU-001981-956,Dole Surface Cleaner Spray 22oz,Household,Cleaning,Dole,6.95,5.33,True
1982,MEA-001982-766,Horizon Organic Ground Pork 1lb,Meat,Butcher,Horizon Organic,24.3,15.54,True
1983,BEV-001983-146,Chiquita Cold Brew Coffee 48oz,Beverages,Drinks,Chiquita,5.11,3.1,True
1984,DAI-001984-243,Pepsi Cream Cheese 8oz Bar,Dairy,Dairy,Pepsi,9.42,6.83,True
1985,MEA-001985-400,Oscar Mayer Ground Pork 1lb,Meat,Butcher,Oscar Mayer,16.14,10.42,True
1986,DAI-001986-255,Lays Sharp Cheddar Cheese Block 8oz,Dairy,Dairy,Lays,9.97,7.34,True
1987,PRO-001987-130,Kraft Romaine Hearts 3ct,Produce,Fresh,Kraft,7.11,4.41,True
1988,BEV-001988-129,Chiquita Sports Drink Variety 6x20oz,Beverages,Drinks,Chiquita,12.5,7.83,True
1989,GRO-001989-517,Pepsi Chicken Broth 32oz,Grocery,Pantry,Pepsi,1.83,1.17,True
1990,SNA-001990-202,Kraft Popcorn Microwave Butter 6ct,Snacks,Snacks,Kraft,1.46,1.1,True
1991,PRO-001991-575,Nature Valley Hass Avocados 4ct,Produce,Fresh,Nature Valley,12.8,9.56,True
1992,DAI-001992-100,Wonder Bread Vanilla Ice Cream Gallon,Dairy,Dairy,Wonder Bread,4.93,3.24,True
1993,DAI-001993-652,Oscar Mayer Sour Cream 16oz,Dairy,Dairy,Oscar Mayer,5.57,3.85,True
1994,FRO-001994-300,Heinz Frozen Berries Blend 16oz,Frozen,Frozen,Heinz,4.94,3.3,True
1995,DAI-001995-184,Oscar Mayer Greek Yogurt Plain 32oz,Dairy,Dairy,Oscar Mayer,9.99,7.14,True
1996,PRO-001996-356,General Mills Baby Spinach 5oz Clamshell,Produce,Fresh,General Mills,3.45,2.42,True
1997,FRO-001997-691,Lays Frozen Lasagna Family Size,Frozen,Frozen,Lays,14.85,9.08,True
1998,HOU-001998-777,Bounty Sponges Scrub 6ct,Household,Cleaning,Bounty,9.35,6.73,True
1999,BAK-001999-286,Nestle Croissants 4ct,Bakery,Bakery,Nestle,1.46,1.02,True
2000,MEA-002000-430,Tide Atlantic Salmon Fillet 1lb,Meat,Butcher,Tide,5.34,3.53,True
2001,MEA-002001-515,Heinz Chicken Thighs Family Pack,Meat,Butcher,Heinz,18.55,11.12,True
2002,SNA-002002-862,Coca-Cola Beef Jerky Original 2.85oz,Snacks,Snacks,Coca-Cola,4.56,3.31,True
2003,HOU-002003-449,Tyson Dish Soap Liquid 24oz,Household,Cleaning,Tyson,29.2,19.33,True
2004,PRO-002004-881,Chiquita Green Seedless Grapes 2lb,Produce,Fresh,Chiquita,7.36,4.15,True
2005,GRO-002005-196,Pepsi Granulated Sugar 4lb Bag,Grocery,Pantry,Pepsi,3.95,2.59,True
2006,SNA-002006-994,Pepsi Mixed Nuts Roasted 15oz,Snacks,Snacks,Pepsi,5.36,3.51,True
2007,PRO-002007-286,Lays Cucumber 3ct,Produce,Fresh,Lays,5.94,4.55,False
2008,MEA-002008-327,Oscar Mayer Atlantic Salmon Fillet 1lb,Meat,Butcher,Oscar Mayer,28.27,16.84,True
2009,SNA-002009-980,Heinz Popcorn Microwave Butter 6ct,Snacks,Snacks,Heinz,7.5,4.21,True
2010,SNA-002010-643,Folgers Pretzels Mini 16oz,Snacks,Snacks,Folgers,3.24,1.9,True
2011,MEA-002011-653,Pepsi Ground Pork 1lb,Meat,Butcher,Pepsi,33.26,22.96,True
2012,BEV-002012-403,Tide Coca-Cola Classic 12x12oz Cans,Beverages,Drinks,Tide,7.97,5.34,True
2013,FRO-002013-239,Chiquita Frozen Berries Blend 16oz,Frozen,Frozen,Chiquita,11.79,7.3,True
2014,SNA-002014-851,Nestle Mixed Nuts Roasted 15oz,Snacks,Snacks,Nestle,8.46,6.52,True
2015,BAK-002015-592,Pepsi Chocolate Chip Cookies 12ct,Bakery,Bakery,Pepsi,10.91,7.92,True
2016,MEA-002016-761,Kraft Ribeye Steak 12oz,Meat,Butcher,Kraft,17.56,12.05,True
2017,HOU-002017-382,General Mills Laundry Detergent Liquid 100oz,Household,Cleaning,General Mills,9.2,5.91,True
2018,DAI-002018-245,365 Whole Foods Greek Yogurt Plain 32oz,Dairy,Dairy,365 Whole Foods,9.16,6.64,True
2019,PRO-002019-636,Dole Organic Carrots 2lb Bag,Produce,Fresh,Dole,2.49,1.73,True
2020,FRO-002020-654,Coca-Cola Frozen Waffles 10ct,Frozen,Frozen,Coca-Cola,12.03,7.87,True
2021,HOU-002021-490,Kirkland Signature Paper Plates 40ct,Household,Cleaning,Kirkland Signature,30.13,18.34,True
2022,BAK-002022-997,Kraft Whole Wheat Bread,Bakery,Bakery,Kraft,9.59,7.18,True
2023,BEV-002023-205,Lays Spring Water 24x16.9oz Bottles,Beverages,Drinks,Lays,4.51,3.24,False
2024,HOU-002024-606,Oscar Mayer Trash Bags Tall Kitchen 80ct,Household,Cleaning,Oscar Mayer,30.09,23.22,True
2025,PRO-002025-962,Tyson Cucumber 3ct,Produce,Fresh,Tyson,9.76,5.99,True
2026,SNA-002026-782,Private Selection Granola Bars Chewy 6ct,Snacks,Snacks,Private Selection,11.07,8.59,True
2027,PRO-002027-348,Nature Valley Clementines 3lb Bag,Produce,Fresh,Nature Valley,8.14,4.89,True
2028,BEV-002028-599,Folgers Pepsi Cola 12x12oz Cans,Beverages,Drinks,Folgers,9.94,7.38,True
2029,SNA-002029-716,Kirkland Signature Chocolate Bar Milk 1.55oz,Snacks,Snacks,Kirkland Signature,2.55,1.89,True
2030,PRO-002030-220,Coca-Cola Lemons 2lb Bag,Produce,Fresh,Coca-Cola,12.6,7.62,True
2031,BAK-002031-862,Folgers Tortillas Flour 10ct,Bakery,Bakery,Folgers,1.76,1.23,True
2032,FRO-002032-508,Kirkland Signature Frozen Lasagna Family Size,Frozen,Frozen,Kirkland Signature,12.84,8.92,True
2033,GRO-002033-285,Heinz Tomato Sauce 15oz,Grocery,Pantry,Heinz,1.57,1.21,True
2034,BAK-002034-969,365 Whole Foods Croissants 4ct,Bakery,Bakery,365 Whole Foods,11.71,7.41,True
2035,HOU-002035-556,Tyson Trash Bags Tall Kitchen 80ct,Household,Cleaning,Tyson,28.5,17.8,True
2036,BEV-002036-671,Nestle Orange Juice Pulp Free 52oz,Beverages,Drinks,Nestle,12.35,8.35,True
2037,BAK-002037-964,Kraft Blueberry Muffins 4ct,Bakery,Bakery,Kraft,7.14,4.07,True
2038,SNA-002038-948,Chiquita Pretzels Mini 16oz,Snacks,Snacks,Chiquita,4.87,3.7,True
2039,BAK-002039-609,Hellmanns Blueberry Muffins 4ct,Bakery,Bakery,Hellmanns,8.77,6.35,True
2040,FRO-002040-925,Chiquita French Fries Crinkle 32oz,Frozen,Frozen,Chiquita,8.52,5.39,True
2041,DAI-002041-214,Great Value Sour Cream 16oz,Dairy,Dairy,Great Value,3.51,2.18,True
2042,SNA-002042-651,Doritos Mixed Nuts Roasted 15oz,Snacks,Snacks,Doritos,3.37,2.33,True
2043,PRO-002043-712,Folgers Hass Avocados 4ct,Produce,Fresh,Folgers,11.99,8.42,True
2044,DAI-002044-645,Chiquita String Cheese 12ct,Dairy,Dairy,Chiquita,5.43,3.15,True
2045,BEV-002045-184,Heinz Sports Drink Variety 6x20oz,Beverages,Drinks,Heinz,7.21,4.34,True
2046,MEA-002046-783,Pepsi Rotisserie Chicken Whole,Meat,Butcher,Pepsi,34.77,19.33,True
2047,MEA-002047-550,General Mills Pork Chops Bone-In 1lb,Meat,Butcher,General Mills,24.43,14.65,True
2048,MEA-002048-594,Hellmanns Boneless Chicken Breast 1lb,Meat,Butcher,Hellmanns,30.13,19.44,True
2049,MEA-002049-968,Kraft Ribeye Steak 12oz,Meat,Butcher,Kraft,20.55,13.19,True
2050,BAK-002050-915,Folgers Donuts Glazed 12ct,Bakery,Bakery,Folgers,12.78,9.39,True
2051,HOU-002051-427,General Mills Surface Cleaner Spray 22oz,Household,Cleaning,General Mills,21.2,12.04,True
2052,HOU-002052-914,General Mills Fabric Softener 60oz,Household,Cleaning,General Mills,21.14,12.25,False
2053,SNA-002053-421,Doritos Beef Jerky Original 2.85oz,Snacks,Snacks,Doritos,2.52,1.86,True
2054,HOU-002054-760,Folgers Fabric Softener 60oz,Household,Cleaning,Folgers,34.28,25.33,True
2055,BEV-002055-571,Kirkland Signature Sports Drink Variety 6x20oz,Beverages,Drinks,Kirkland Signature,10.61,7.05,True
2056,DAI-002056-559,Doritos Whole Milk Gallon,Dairy,Dairy,Doritos,7.83,4.41,True
2057,DAI-002057-462,Oscar Mayer Large Grade A Eggs 12ct,Dairy,Dairy,Oscar Mayer,2.06,1.47,True
2058,GRO-002058-602,Hellmanns Chicken Broth 32oz,Grocery,Pantry,Hellmanns,6.33,4.59,True
2059,BAK-002059-562,Oscar Mayer Sourdough Bread Loaf,Bakery,Bakery,Oscar Mayer,4.91,3.49,True
2060,MEA-002060-516,Lays Deli Ham Sliced 1lb,Meat,Butcher,Lays,9.32,6.28,True
2061,HOU-002061-154,Hellmanns Paper Towels 6 Rolls,Household,Cleaning,Hellmanns,26.35,16.66,True
2062,PRO-002062-642,Horizon Organic Lemons 2lb Bag,Produce,Fresh,Horizon Organic,6.13,3.6,True
2063,DAI-002063-764,Great Value Sharp Cheddar Cheese Block 8oz,Dairy,Dairy,Great Value,12.16,8.73,True
2064,PRO-002064-817,Heinz Russet Potatoes 5lb Bag,Produce,Fresh,Heinz,12.39,7.92,True
2065,FRO-002065-287,Chiquita Frozen Mixed Vegetables 12oz,Frozen,Frozen,Chiquita,4.59,2.9,True
2066,BEV-002066-288,Horizon Organic Sparkling Water Lime 8x12oz,Beverages,Drinks,Horizon Organic,6.49,3.87,True
2067,PRO-002067-869,365 Whole Foods Yellow Onions 3lb Bag,Produce,Fresh,365 Whole Foods,2.39,1.46,True
2068,GRO-002068-799,Kirkland Signature Granulated Sugar 4lb Bag,Grocery,Pantry,Kirkland Signature,5.66,3.33,False
2069,SNA-002069-434,Great Value Potato Chips Classic 10oz,Snacks,Snacks,Great Value,5.79,3.22,True
2070,HOU-002070-293,Kraft Laundry Detergent Liquid 100oz,Household,Cleaning,Kraft,24.08,16.0,True
2071,HOU-002071-258,Oscar Mayer Laundry Detergent Liquid 100oz,Household,Cleaning,Oscar Mayer,22.98,15.67,True
2072,DAI-002072-933,Pepsi Cream Cheese 8oz Bar,Dairy,Dairy,Pepsi,10.87,6.05,True
2073,SNA-002073-398,Dole Tortilla Chips Restaurant Style 13oz,Snacks,Snacks,Dole,2.55,1.8,True
2074,DAI-002074-297,Nature Valley Large Grade A Eggs 12ct,Dairy,Dairy,Nature Valley,8.35,6.51,True
2075,FRO-002075-902,Tide Frozen Lasagna Family Size,Frozen,Frozen,Tide,8.64,4.98,True
2076,HOU-002076-244,Bounty Trash Bags Tall Kitchen 80ct,Household,Cleaning,Bounty,12.17,8.98,True
2077,BAK-002077-160,Bounty Croissants 4ct,Bakery,Bakery,Bounty,12.01,9.15,True
2078,PRO-002078-193,Lays Cucumber 3ct,Produce,Fresh,Lays,9.05,5.64,True
2079,SNA-002079-875,Tide Cookies Sandwich 15.25oz,Snacks,Snacks,Tide,7.68,4.58,True
2080,FRO-002080-741,Dole Chicken Nuggets 24oz,Frozen,Frozen,Dole,8.39,5.45,True
2081,GRO-002081-429,Coca-Cola Corn Flakes Cereal 12oz,Grocery,Pantry,Coca-Cola,7.86,5.43,True
2082,BEV-002082-156,Folgers Cold Brew Coffee 48oz,Beverages,Drinks,Folgers,9.56,5.35,True
2083,BEV-002083-655,Heinz Sports Drink Variety 6x20oz,Beverages,Drinks,Heinz,5.48,3.41,True
2084,GRO-002084-494,Dole Long Grain White Rice 2lb Bag,Grocery,Pantry,Dole,3.49,2.69,True
2085,BAK-002085-969,Lays Baguette French,Bakery,Bakery,Lays,3.38,2.15,True
2086,MEA-002086-290,365 Whole Foods Ground Beef 80/20 1lb,Meat,Butcher,365 Whole Foods,31.76,22.67,True
2087,MEA-002087-684,Nestle Italian Sausage Links 12oz,Meat,Butcher,Nestle,24.2,13.4,True
2088,MEA-002088-397,Coca-Cola Ground Pork 1lb,Meat,Butcher,Coca-Cola,5.13,3.11,True
2089,HOU-002089-946,Tide Dish Soap Liquid 24oz,Household,Cleaning,Tide,11.84,9.01,True
2090,DAI-002090-352,Hellmanns Sharp Cheddar Cheese Block 8oz,Dairy,Dairy,Hellmanns,8.56,5.22,True
2091,BEV-002091-854,Wonder Bread Spring Water 24x16.9oz Bottles,Beverages,Drinks,Wonder Bread,14.0,9.02,True
2092,BAK-002092-962,Tyson Tortillas Flour 10ct,Bakery,Bakery,Tyson,11.83,8.73,True
2093,GRO-002093-504,Folgers Mac & Cheese Dinner 7.25oz,Grocery,Pantry,Folgers,1.78,1.29,True
2094,MEA-002094-217,Wonder Bread Ground Beef 80/20 1lb,Meat,Butcher,Wonder Bread,8.45,6.4,True
2095,DAI-002095-271,Chiquita Cream Cheese 8oz Bar,Dairy,Dairy,Chiquita,12.33,7.51,True
2096,BAK-002096-393,Doritos Donuts Glazed 12ct,Bakery,Bakery,Doritos,4.62,3.15,True
2097,PRO-002097-188,Nestle Russet Potatoes 5lb Bag,Produce,Fresh,Nestle,7.78,5.17,True
2098,GRO-002098-211,Nature Valley Corn Flakes Cereal 12oz,Grocery,Pantry,Nature Valley,2.59,1.45,True
2099,PRO-002099-925,Folgers Romaine Hearts 3ct,Produce,Fresh,Folgers,2.08,1.35,True
2100,DAI-002100-887,Hellmanns Half and Half Quart,Dairy,Dairy,Hellmanns,1.77,1.35,True
2101,MEA-002101-144,Chiquita Pork Chops Bone-In 1lb,Meat,Butcher,Chiquita,22.05,16.94,True
2102,BEV-002102-573,Bounty Orange Juice Pulp Free 52oz,Beverages,Drinks,Bounty,5.8,4.05,True
2103,DAI-002103-165,Lays Salted Butter Sticks 16oz,Dairy,Dairy,Lays,3.93,2.73,True
2104,FRO-002104-171,365 Whole Foods Frozen Pizza Pepperoni 12in,Frozen,Frozen,365 Whole Foods,13.19,9.08,True
2105,DAI-002105-425,Doritos Sharp Cheddar Cheese Block 8oz,Dairy,Dairy,Doritos,1.95,1.38,True
2106,SNA-002106-837,Hellmanns Potato Chips Classic 10oz,Snacks,Snacks,Hellmanns,3.28,2.51,True
2107,DAI-002107-339,Oscar Mayer Large Grade A Eggs 12ct,Dairy,Dairy,Oscar Mayer,1.36,0.75,True
2108,BAK-002108-977,Coca-Cola Whole Wheat Bread,Bakery,Bakery,Coca-Cola,3.92,2.72,True
2109,PRO-002109-943,Wonder Bread Organic Bananas Bunch,Produce,Fresh,Wonder Bread,11.95,9.15,True
2110,BEV-002110-496,Hellmanns Cold Brew Coffee 48oz,Beverages,Drinks,Hellmanns,8.66,6.25,True
2111,BEV-002111-565,Wonder Bread Green Tea Bags 20ct,Beverages,Drinks,Wonder Bread,9.0,6.81,True
2112,HOU-002112-393,Pepsi Trash Bags Tall Kitchen 80ct,Household,Cleaning,Pepsi,24.1,14.22,False
2113,BEV-002113-857,Bounty Orange Juice Pulp Free 52oz,Beverages,Drinks,Bounty,3.73,2.74,True
2114,FRO-002114-654,Folgers Fish Sticks 15oz,Frozen,Frozen,Folgers,13.28,10.32,True
2115,HOU-002115-531,Tide Trash Bags Tall Kitchen 80ct,Household,Cleaning,Tide,31.5,20.66,True
2116,BAK-002116-445,Bounty Cinnamon Rolls 8ct,Bakery,Bakery,Bounty,5.1,3.27,True
2117,MEA-002117-829,Nestle Pork Chops Bone-In 1lb,Meat,Butcher,Nestle,10.72,6.38,True
2118,HOU-002118-983,Doritos Aluminum Foil 200sq ft,Household,Cleaning,Doritos,27.91,17.97,True
2119,MEA-002119-581,Pepsi Ribeye Steak 12oz,Meat,Butcher,Pepsi,8.25,5.78,True
2120,BAK-002120-322,Nestle Croissants 4ct,Bakery,Bakery,Nestle,5.24,3.95,True
2121,SNA-002121-553,Kraft Chocolate Bar Milk 1.55oz,Snacks,Snacks,Kraft,1.57,0.94,True
2122,DAI-002122-676,Oscar Mayer Salted Butter Sticks 16oz,Dairy,Dairy,Oscar Mayer,10.29,7.18,True
2123,MEA-002123-424,Private Selection Atlantic Salmon Fillet 1lb,Meat,Butcher,Private Selection,19.05,14.28,True
2124,FRO-002124-881,Hellmanns French Fries Crinkle 32oz,Frozen,Frozen,Hellmanns,10.53,7.57,True
2125,PRO-002125-187,Horizon Organic Romaine Hearts 3ct,Produce,Fresh,Horizon Organic,1.54,1.17,True
2126,HOU-002126-465,Chiquita Laundry Detergent Liquid 100oz,Household,Cleaning,Chiquita,11.08,6.48,True
2127,PRO-002127-423,Hellmanns Yellow Onions 3lb Bag,Produce,Fresh,Hellmanns,8.12,6.01,True
2128,DAI-002128-203,Dole Salted Butter Sticks 16oz,Dairy,Dairy,Dole,10.68,6.27,True
2129,DAI-002129-645,Coca-Cola Mozzarella Shredded 8oz,Dairy,Dairy,Coca-Cola,11.94,7.69,True
2130,FRO-002130-968,Folgers Frozen Waffles 10ct,Frozen,Frozen,Folgers,13.88,10.75,True
2131,DAI-002131-873,Coca-Cola Half and Half Quart,Dairy,Dairy,Coca-Cola,1.75,1.32,True
2132,FRO-002132-700,Great Value Frozen Mixed Vegetables 12oz,Frozen,Frozen,Great Value,11.4,8.41,True
2133,DAI-002133-603,Great Value Half and Half Quart,Dairy,Dairy,Great Value,12.37,8.42,True
2134,PRO-002134-170,Bounty Blueberries 6oz,Produce,Fresh,Bounty,3.36,2.33,True
2135,DAI-002135-301,Oscar Mayer Large Grade A Eggs 12ct,Dairy,Dairy,Oscar Mayer,12.54,7.82,True
2136,PRO-002136-918,Hellmanns Yellow Onions 3lb Bag,Produce,Fresh,Hellmanns,7.08,4.91,True
2137,DAI-002137-296,Tyson Sour Cream 16oz,Dairy,Dairy,Tyson,7.3,5.66,True
2138,GRO-002138-270,Chiquita Corn Flakes Cereal 12oz,Grocery,Pantry,Chiquita,1.9,1.15,True
2139,FRO-002139-141,Chiquita Fish Sticks 15oz,Frozen,Frozen,Chiquita,6.63,5.16,True
2140,PRO-002140-132,Doritos Yellow Onions 3lb Bag,Produce,Fresh,Doritos,2.82,2.19,True
2141,GRO-002141-304,Tide Canned Black Beans 15oz,Grocery,Pantry,Tide,11.87,7.57,True
2142,BEV-002142-475,Chiquita Energy Drink Original 4x16oz,Beverages,Drinks,Chiquita,12.73,9.5,True
2143,BAK-002143-454,Pepsi Blueberry Muffins 4ct,Bakery,Bakery,Pepsi,9.7,6.57,True
2144,BEV-002144-787,365 Whole Foods Pepsi Cola 12x12oz Cans,Beverages,Drinks,365 Whole Foods,4.47,3.14,True
2145,SNA-002145-930,Great Value Tortilla Chips Restaurant Style 13oz,Snacks,Snacks,Great Value,2.79,2.02,True
2146,DAI-002146-257,Horizon Organic Sour Cream 16oz,Dairy,Dairy,Horizon Organic,7.98,4.82,True
2147,PRO-002147-854,Great Value Organic Bananas Bunch,Produce,Fresh,Great Value,10.73,8.05,True
2148,DAI-002148-992,Wonder Bread Vanilla Ice Cream Gallon,Dairy,Dairy,Wonder Bread,12.63,8.78,True
2149,PRO-002149-157,Coca-Cola Lemons 2lb Bag,Produce,Fresh,Coca-Cola,9.53,5.68,True
2150,PRO-002150-835,Horizon Organic Gala Apples 3lb Bag,Produce,Fresh,Horizon Organic,12.42,6.84,True
2151,MEA-002151-834,Kirkland Signature Pork Chops Bone-In 1lb,Meat,Butcher,Kirkland Signature,7.37,4.6,True
2152,FRO-002152-607,Folgers Chicken Nuggets 24oz,Frozen,Frozen,Folgers,10.45,6.19,True
2153,GRO-002153-619,Kraft Corn Flakes Cereal 12oz,Grocery,Pantry,Kraft,1.36,0.8,True
2154,DAI-002154-293,Heinz Cream Cheese 8oz Bar,Dairy,Dairy,Heinz,9.48,6.75,True
2155,DAI-002155-266,General Mills Sour Cream 16oz,Dairy,Dairy,General Mills,5.91,4.39,True
2156,BAK-002156-392,Wonder Bread Baguette French,Bakery,Bakery,Wonder Bread,3.84,2.33,True
2157,MEA-002157-770,Great Value Rotisserie Chicken Whole,Meat,Butcher,Great Value,31.71,22.43,True
2158,DAI-002158-164,Kirkland Signature Large Grade A Eggs 12ct,Dairy,Dairy,Kirkland Signature,7.07,5.36,True
2159,BAK-002159-882,Oscar Mayer Bagels Plain 6ct,Bakery,Bakery,Oscar Mayer,11.8,7.7,False
2160,PRO-002160-889,Heinz Yellow Onions 3lb Bag,Produce,Fresh,Heinz,12.01,7.6,True
2161,PRO-002161-844,Tyson Lemons 2lb Bag,Produce,Fresh,Tyson,11.11,7.26,True
2162,FRO-002162-407,Nature Valley French Fries Crinkle 32oz,Frozen,Frozen,Nature Valley,12.27,7.63,False
2163,MEA-002163-274,Heinz Pork Chops Bone-In 1lb,Meat,Butcher,Heinz,6.27,3.96,True
2164,FRO-002164-574,Tide French Fries Crinkle 32oz,Frozen,Frozen,Tide,13.48,8.85,True
2165,BAK-002165-994,Great Value Tortillas Flour 10ct,Bakery,Bakery,Great Value,2.92,1.82,False
2166,DAI-002166-114,Bounty Mozzarella Shredded 8oz,Dairy,Dairy,Bounty,6.37,4.7,True
2167,DAI-002167-322,Kraft Vanilla Ice Cream Gallon,Dairy,Dairy,Kraft,2.4,1.54,True
2168,HOU-002168-609,Great Value Trash Bags Tall Kitchen 80ct,Household,Cleaning,Great Value,16.76,10.39,False
2169,SNA-002169-294,General Mills Mixed Nuts Roasted 15oz,Snacks,Snacks,General Mills,6.98,5.0,True
2170,DAI-002170-161,Oscar Mayer Half and Half Quart,Dairy,Dairy,Oscar Mayer,5.42,3.11,False
2171,FRO-002171-340,Pepsi Frozen Waffles 10ct,Frozen,Frozen,Pepsi,9.46,6.28,True
2172,FRO-002172-746,Dole Frozen Pizza Pepperoni 12in,Frozen,Frozen,Dole,5.31,3.69,True
2173,BAK-002173-713,Coca-Cola Whole Wheat Bread,Bakery,Bakery,Coca-Cola,2.8,1.72,True
2174,DAI-002174-584,Heinz Sour Cream 16oz,Dairy,Dairy,Heinz,2.03,1.33,True
2175,MEA-002175-339,Folgers Ground Turkey 1lb,Meat,Butcher,Folgers,32.29,24.46,True
2176,FRO-002176-448,Doritos Frozen Waffles 10ct,Frozen,Frozen,Doritos,10.13,6.34,True
2177,DAI-002177-686,Wonder Bread Sour Cream 16oz,Dairy,Dairy,Wonder Bread,12.65,7.62,True
2178,MEA-002178-676,Nature Valley Pork Chops Bone-In 1lb,Meat,Butcher,Nature Valley,19.08,10.58,True
2179,PRO-002179-738,Pepsi Russet Potatoes 5lb Bag,Produce,Fresh,Pepsi,5.05,3.39,True
2180,BEV-002180-498,365 Whole Foods Pepsi Cola 12x12oz Cans,Beverages,Drinks,365 Whole Foods,12.43,9.1,True
2181,DAI-002181-585,Kirkland Signature Sour Cream 16oz,Dairy,Dairy,Kirkland Signature,4.18,2.91,True
2182,FRO-002182-902,Pepsi Frozen Lasagna Family Size,Frozen,Frozen,Pepsi,6.63,4.13,False
2183,SNA-002183-292,Wonder Bread Pretzels Mini 16oz,Snacks,Snacks,Wonder Bread,12.5,8.59,True
2184,GRO-002184-636,Nestle Chicken Broth 32oz,Grocery,Pantry,Nestle,10.64,6.54,True
2185,BAK-002185-367,Dole Croissants 4ct,Bakery,Bakery,Dole,3.68,2.27,True
2186,BAK-002186-576,Bounty Bagels Plain 6ct,Bakery,Bakery,Bounty,10.37,8.07,True
2187,BAK-002187-708,Kraft Baguette French,Bakery,Bakery,Kraft,6.49,4.04,True
2188,FRO-002188-823,Nestle Frozen Waffles 10ct,Frozen,Frozen,Nestle,10.47,6.44,True
2189,HOU-002189-153,Coca-Cola Paper Towels 6 Rolls,Household,Cleaning,Coca-Cola,31.02,21.0,True
2190,HOU-002190-663,Tide Fabric Softener 60oz,Household,Cleaning,Tide,5.75,3.74,True
2191,DAI-002191-956,Hellmanns Sour Cream 16oz,Dairy,Dairy,Hellmanns,10.19,7.11,True
2192,GRO-002192-157,Lays Mayonnaise 30oz,Grocery,Pantry,Lays,9.75,6.96,True
2193,PRO-002193-204,Pepsi Gala Apples 3lb Bag,Produce,Fresh,Pepsi,7.41,5.68,True
2194,HOU-002194-183,Chiquita Surface Cleaner Spray 22oz,Household,Cleaning,Chiquita,17.37,12.55,True
2195,SNA-002195-526,Lays Potato Chips Classic 10oz,Snacks,Snacks,Lays,8.8,5.64,True
2196,PRO-002196-559,Nestle Cucumber 3ct,Produce,Fresh,Nestle,3.15,2.29,True
2197,MEA-002197-760,Kirkland Signature Pork Chops Bone-In 1lb,Meat,Butcher,Kirkland Signature,25.5,14.17,True
2198,MEA-002198-143,Kirkland Signature Italian Sausage Links 12oz,Meat,Butcher,Kirkland Signature,11.56,6.98,True
2199,DAI-002199-430,Chiquita Cream Cheese 8oz Bar,Dairy,Dairy,Chiquita,5.82,4.05,True
2200,SNA-002200-124,Nature Valley Mixed Nuts Roasted 15oz,Snacks,Snacks,Nature Valley,9.12,6.48,True
2201,GRO-002201-136,Heinz Tomato Sauce 15oz,Grocery,Pantry,Heinz,3.73,2.55,True
2202,PRO-002202-621,Bounty Lemons 2lb Bag,Produce,Fresh,Bounty,11.8,6.94,True
2203,SNA-002203-862,Wonder Bread Potato Chips Classic 10oz,Snacks,Snacks,Wonder Bread,8.58,5.24,True
2204,BAK-002204-872,Nestle Chocolate Chip Cookies 12ct,Bakery,Bakery,Nestle,8.4,5.27,True
2205,BEV-002205-766,Coca-Cola Energy Drink Original 4x16oz,Beverages,Drinks,Coca-Cola,6.77,3.77,True
2206,SNA-002206-289,Nestle Chocolate Bar Milk 1.55oz,Snacks,Snacks,Nestle,2.61,1.67,True
2207,MEA-002207-853,Heinz Pork Chops Bone-In 1lb,Meat,Butcher,Heinz,27.41,20.33,True
2208,BEV-002208-155,365 Whole Foods Green Tea Bags 20ct,Beverages,Drinks,365 Whole Foods,10.94,6.6,True
2209,BEV-002209-124,Lays Spring Water 24x16.9oz Bottles,Beverages,Drinks,Lays,7.05,4.23,True
2210,HOU-002210-837,Nature Valley Trash Bags Tall Kitchen 80ct,Household,Cleaning,Nature Valley,16.65,10.41,False
2211,DAI-002211-674,Nature Valley Half and Half Quart,Dairy,Dairy,Nature Valley,8.27,6.06,True
2212,MEA-002212-209,Hellmanns Ground Beef 80/20 1lb,Meat,Butcher,Hellmanns,31.52,23.52,True
2213,GRO-002213-410,Great Value Canned Black Beans 15oz,Grocery,Pantry,Great Value,6.5,4.66,False
2214,PRO-002214-320,Bounty Organic Bananas Bunch,Produce,Fresh,Bounty,8.85,6.84,True
2215,HOU-002215-527,Tyson Laundry Detergent Liquid 100oz,Household,Cleaning,Tyson,24.6,15.21,True
2216,PRO-002216-369,Pepsi Roma Tomatoes 2lb Package,Produce,Fresh,Pepsi,6.64,5.08,False
2217,MEA-002217-862,Wonder Bread Ground Beef 80/20 1lb,Meat,Butcher,Wonder Bread,33.56,24.58,True
2218,FRO-002218-215,Great Value Frozen Mixed Vegetables 12oz,Frozen,Frozen,Great Value,4.48,2.71,True
2219,SNA-002219-123,Tyson Mixed Nuts Roasted 15oz,Snacks,Snacks,Tyson,9.51,6.28,True
2220,DAI-002220-507,Horizon Organic Greek Yogurt Plain 32oz,Dairy,Dairy,Horizon Organic,9.22,5.13,True
2221,FRO-002221-113,Kraft Fish Sticks 15oz,Frozen,Frozen,Kraft,10.12,5.67,True
2222,BEV-002222-307,Nature Valley Coffee Ground Medium Roast 12oz,Beverages,Drinks,Nature Valley,12.71,7.06,True
2223,MEA-002223-558,Folgers Pork Chops Bone-In 1lb,Meat,Butcher,Folgers,29.3,22.83,True
2224,BAK-002224-600,Folgers Baguette French,Bakery,Bakery,Folgers,10.56,7.55,True
2225,BEV-002225-712,Horizon Organic Green Tea Bags 20ct,Beverages,Drinks,Horizon Organic,7.71,5.7,True
2226,HOU-002226-843,Bounty Mop Refills 2ct,Household,Cleaning,Bounty,21.52,12.56,True
2227,HOU-002227-694,Kraft Sponges Scrub 6ct,Household,Cleaning,Kraft,17.04,11.2,True
2228,BEV-002228-869,Oscar Mayer Orange Juice Pulp Free 52oz,Beverages,Drinks,Oscar Mayer,13.72,9.68,True
2229,BAK-002229-359,Hellmanns Bagels Plain 6ct,Bakery,Bakery,Hellmanns,11.64,7.29,True
2230,FRO-002230-982,Doritos Frozen Berries Blend 16oz,Frozen,Frozen,Doritos,11.31,8.53,True
2231,DAI-002231-653,Chiquita Vanilla Ice Cream Gallon,Dairy,Dairy,Chiquita,8.69,6.27,True
2232,DAI-002232-944,Nestle Cottage Cheese 16oz,Dairy,Dairy,Nestle,9.4,5.35,True
2233,PRO-002233-142,Doritos Organic Carrots 2lb Bag,Produce,Fresh,Doritos,7.37,5.03,True
2234,SNA-002234-800,General Mills Popcorn Microwave Butter 6ct,Snacks,Snacks,General Mills,9.59,6.01,True
2235,HOU-002235-635,Tide LED Light Bulbs 4ct,Household,Cleaning,Tide,24.7,15.82,True
2236,BAK-002236-755,General Mills Bagels Plain 6ct,Bakery,Bakery,General Mills,8.82,5.17,True
2237,MEA-002237-912,Great Value Ground Pork 1lb,Meat,Butcher,Great Value,34.07,25.01,True
2238,PRO-002238-347,Dole Clementines 3lb Bag,Produce,Fresh,Dole,10.13,6.28,True
2239,PRO-002239-124,Nestle Cucumber 3ct,Produce,Fresh,Nestle,1.48,0.91,True
2240,PRO-002240-563,Tyson Hass Avocados 4ct,Produce,Fresh,Tyson,12.42,8.04,True
2241,BAK-002241-711,Folgers Croissants 4ct,Bakery,Bakery,Folgers,4.8,3.07,True
2242,BAK-002242-589,Heinz Whole Wheat Bread,Bakery,Bakery,Heinz,8.72,5.99,True
2243,GRO-002243-459,Chiquita Corn Flakes Cereal 12oz,Grocery,Pantry,Chiquita,1.65,1.17,True
2244,BAK-002244-532,Coca-Cola Baguette French,Bakery,Bakery,Coca-Cola,9.35,6.48,True
2245,FRO-002245-139,Tide Frozen Pizza Pepperoni 12in,Frozen,Frozen,Tide,14.56,10.55,True
2246,BEV-002246-184,Horizon Organic Apple Juice 64oz Bottle,Beverages,Drinks,Horizon Organic,6.31,4.68,True
2247,PRO-002247-867,Tide Fresh Strawberries 16oz,Produce,Fresh,Tide,5.24,3.61,True
2248,HOU-002248-895,Doritos Paper Plates 40ct,Household,Cleaning,Doritos,26.11,17.07,True
2249,PRO-002249-231,Oscar Mayer Organic Bananas Bunch,Produce,Fresh,Oscar Mayer,8.23,5.8,True
2250,SNA-002250-614,Horizon Organic Beef Jerky Original 2.85oz,Snacks,Snacks,Horizon Organic,3.41,2.09,True
2251,SNA-002251-699,Tyson Potato Chips Classic 10oz,Snacks,Snacks,Tyson,2.67,1.79,True
2252,FRO-002252-140,Kraft Frozen Waffles 10ct,Frozen,Frozen,Kraft,6.83,4.28,True
2253,DAI-002253-593,Nestle Large Grade A Eggs 12ct,Dairy,Dairy,Nestle,6.98,3.85,True
2254,DAI-002254-144,Tide Cottage Cheese 16oz,Dairy,Dairy,Tide,4.83,2.9,True
2255,FRO-002255-555,Folgers Chicken Nuggets 24oz,Frozen,Frozen,Folgers,12.79,9.82,True
2256,DAI-002256-858,Pepsi Sharp Cheddar Cheese Block 8oz,Dairy,Dairy,Pepsi,12.74,8.78,True
2257,FRO-002257-540,Folgers French Fries Crinkle 32oz,Frozen,Frozen,Folgers,3.73,2.5,True
2258,SNA-002258-585,Private Selection Tortilla Chips Restaurant Style 13oz,Snacks,Snacks,Private Selection,1.68,1.09,True
2259,PRO-002259-369,Horizon Organic Hass Avocados 4ct,Produce,Fresh,Horizon Organic,11.56,8.13,True
2260,SNA-002260-223,Pepsi Pretzels Mini 16oz,Snacks,Snacks,Pepsi,1.57,0.89,True
2261,MEA-002261-659,Oscar Mayer Italian Sausage Links 12oz,Meat,Butcher,Oscar Mayer,16.19,9.88,True
2262,DAI-002262-218,Private Selection Vanilla Ice Cream Gallon,Dairy,Dairy,Private Selection,7.84,4.73,True
2263,DAI-002263-500,Folgers String Cheese 12ct,Dairy,Dairy,Folgers,1.42,0.8,True
2264,PRO-002264-372,Oscar Mayer Organic Carrots 2lb Bag,Produce,Fresh,Oscar Mayer,8.14,4.49,True
2265,DAI-002265-981,General Mills Sour Cream 16oz,Dairy,Dairy,General Mills,6.91,4.14,True
2266,FRO-002266-201,Nestle Frozen Berries Blend 16oz,Frozen,Frozen,Nestle,5.47,3.7,True
2267,PRO-002267-230,Oscar Mayer Gala Apples 3lb Bag,Produce,Fresh,Oscar Mayer,11.33,6.61,True
2268,FRO-002268-679,Horizon Organic Frozen Lasagna Family Size,Frozen,Frozen,Horizon Organic,5.38,3.73,True
2269,HOU-002269-516,Tyson Trash Bags Tall Kitchen 80ct,Household,Cleaning,Tyson,6.78,4.4,True
2270,BAK-002270-787,Nestle Croissants 4ct,Bakery,Bakery,Nestle,9.79,6.23,True
2271,MEA-002271-590,Pepsi Ground Pork 1lb,Meat,Butcher,Pepsi,23.44,17.15,True
2272,DAI-002272-633,Hellmanns Greek Yogurt Plain 32oz,Dairy,Dairy,Hellmanns,4.66,3.39,True
2273,GRO-002273-675,Horizon Organic Honey Wheat Bread Loaf,Grocery,Pantry,Horizon Organic,2.28,1.72,True
2274,GRO-002274-502,Tyson Olive Oil Extra Virgin 16.9oz,Grocery,Pantry,Tyson,4.58,3.2,False
2275,HOU-002275-719,Doritos Paper Plates 40ct,Household,Cleaning,Doritos,14.8,9.19,True
2276,SNA-002276-875,Tide Beef Jerky Original 2.85oz,Snacks,Snacks,Tide,11.48,8.13,True
2277,DAI-002277-193,Chiquita Half and Half Quart,Dairy,Dairy,Chiquita,9.38,7.26,True
2278,PRO-002278-374,Wonder Bread Roma Tomatoes 2lb Package,Produce,Fresh,Wonder Bread,12.22,9.18,True
2279,MEA-002279-345,Chiquita Ground Turkey 1lb,Meat,Butcher,Chiquita,21.97,13.84,True
2280,HOU-002280-521,Oscar Mayer LED Light Bulbs 4ct,Household,Cleaning,Oscar Mayer,13.35,9.18,True
2281,MEA-002281-921,Pepsi Deli Ham Sliced 1lb,Meat,Butcher,Pepsi,28.09,17.36,True
2282,HOU-002282-666,Doritos Fabric Softener 60oz,Household,Cleaning,Doritos,14.62,10.72,True
2283,DAI-002283-753,Dole Large Grade A Eggs 12ct,Dairy,Dairy,Dole,4.18,2.87,True
2284,HOU-002284-929,Wonder Bread Dish Soap Liquid 24oz,Household,Cleaning,Wonder Bread,19.9,12.07,True
2285,BEV-002285-650,365 Whole Foods Sports Drink Variety 6x20oz,Beverages,Drinks,365 Whole Foods,7.42,4.52,True
2286,PRO-002286-502,Doritos Russet Potatoes 5lb Bag,Produce,Fresh,Doritos,1.33,0.79,True
2287,FRO-002287-697,Doritos Frozen Berries Blend 16oz,Frozen,Frozen,Doritos,12.93,8.63,True
2288,BEV-002288-743,Private Selection Coca-Cola Classic 12x12oz Cans,Beverages,Drinks,Private Selection,14.78,10.15,True
2289,BAK-002289-243,Coca-Cola Blueberry Muffins 4ct,Bakery,Bakery,Coca-Cola,3.41,2.16,True
2290,GRO-002290-384,Horizon Organic Long Grain White Rice 2lb Bag,Grocery,Pantry,Horizon Organic,2.55,1.72,True
2291,PRO-002291-533,Oscar Mayer Blueberries 6oz,Produce,Fresh,Oscar Mayer,3.69,2.79,True
2292,GRO-002292-739,Chiquita Spaghetti Pasta 16oz,Grocery,Pantry,Chiquita,9.71,5.98,True
2293,MEA-002293-684,Hellmanns Deli Ham Sliced 1lb,Meat,Butcher,Hellmanns,27.54,21.02,True
2294,MEA-002294-666,Great Value Atlantic Salmon Fillet 1lb,Meat,Butcher,Great Value,22.51,16.33,True
2295,BAK-002295-731,Doritos Sourdough Bread Loaf,Bakery,Bakery,Doritos,1.49,0.87,True
2296,BEV-002296-197,Coca-Cola Sparkling Water Lime 8x12oz,Beverages,Drinks,Coca-Cola,6.32,4.07,True
2297,DAI-002297-386,General Mills Sharp Cheddar Cheese Block 8oz,Dairy,Dairy,General Mills,2.55,1.54,True
2298,BAK-002298-337,Nestle Cinnamon Rolls 8ct,Bakery,Bakery,Nestle,2.46,1.4,True
2299,FRO-002299-971,Tide Frozen Mixed Vegetables 12oz,Frozen,Frozen,Tide,10.56,6.73,True
2300,BEV-002300-603,Oscar Mayer Spring Water 24x16.9oz Bottles,Beverages,Drinks,Oscar Mayer,8.51,6.39,True
2301,GRO-002301-730,Lays Corn Flakes Cereal 12oz,Grocery,Pantry,Lays,5.83,3.8,True
2302,DAI-002302-715,Horizon Organic String Cheese 12ct,Dairy,Dairy,Horizon Organic,11.08,7.84,True
2303,BAK-002303-421,Nestle Sourdough Bread Loaf,Bakery,Bakery,Nestle,5.42,3.32,True
2304,MEA-002304-998,Hellmanns Ribeye Steak 12oz,Meat,Butcher,Hellmanns,19.08,10.6,True
2305,MEA-002305-166,Folgers Chicken Thighs Family Pack,Meat,Butcher,Folgers,18.56,13.62,True
2306,HOU-002306-120,Tide Surface Cleaner Spray 22oz,Household,Cleaning,Tide,19.72,14.13,True
2307,PRO-002307-456,Tyson Russet Potatoes 5lb Bag,Produce,Fresh,Tyson,3.96,2.51,False
2308,FRO-002308-324,Kraft Frozen Mixed Vegetables 12oz,Frozen,Frozen,Kraft,13.31,9.3,True
2309,MEA-002309-473,Tide Boneless Chicken Breast 1lb,Meat,Butcher,Tide,6.43,3.87,True
2310,DAI-002310-812,Hellmanns Large Grade A Eggs 12ct,Dairy,Dairy,Hellmanns,7.76,4.71,True
2311,BEV-002311-400,Pepsi Sparkling Water Lime 8x12oz,Beverages,Drinks,Pepsi,5.12,3.33,True
2312,DAI-002312-419,Private Selection Greek Yogurt Plain 32oz,Dairy,Dairy,Private Selection,3.24,1.83,True
2313,GRO-002313-901,Wonder Bread All-Purpose Flour 5lb Bag,Grocery,Pantry,Wonder Bread,10.47,8.06,True
2314,DAI-002314-581,Doritos Salted Butter Sticks 16oz,Dairy,Dairy,Doritos,12.31,9.3,True
2315,MEA-002315-178,Folgers Deli Ham Sliced 1lb,Meat,Butcher,Folgers,7.01,4.02,True
2316,DAI-002316-897,Coca-Cola Cream Cheese 8oz Bar,Dairy,Dairy,Coca-Cola,6.7,4.86,True
2317,DAI-002317-351,Kraft Cream Cheese 8oz Bar,Dairy,Dairy,Kraft,10.5,6.56,True
2318,BEV-002318-612,Great Value Apple Juice 64oz Bottle,Beverages,Drinks,Great Value,9.29,5.23,True
2319,GRO-002319-966,Pepsi Corn Flakes Cereal 12oz,Grocery,Pantry,Pepsi,2.84,2.12,True
2320,BEV-002320-565,General Mills Sparkling Water Lime 8x12oz,Beverages,Drinks,General Mills,5.5,3.16,True
2321,GRO-002321-239,Tide Spaghetti Pasta 16oz,Grocery,Pantry,Tide,1.3,0.85,True
2322,BAK-002322-843,Doritos Baguette French,Bakery,Bakery,Doritos,6.02,4.04,False
2323,SNA-002323-691,Hellmanns Granola Bars Chewy 6ct,Snacks,Snacks,Hellmanns,9.69,7.0,True
2324,SNA-002324-615,Kraft Chocolate Bar Milk 1.55oz,Snacks,Snacks,Kraft,11.33,6.56,True
2325,PRO-002325-962,Bounty Lemons 2lb Bag,Produce,Fresh,Bounty,4.78,3.29,True
2326,BAK-002326-124,Bounty Donuts Glazed 12ct,Bakery,Bakery,Bounty,4.97,2.96,True
2327,BAK-002327-985,365 Whole Foods Chocolate Chip Cookies 12ct,Bakery,Bakery,365 Whole Foods,8.2,5.94,True
2328,BEV-002328-245,General Mills Energy Drink Original 4x16oz,Beverages,Drinks,General Mills,3.68,2.22,True
2329,FRO-002329-829,365 Whole Foods Fish Sticks 15oz,Frozen,Frozen,365 Whole Foods,8.84,6.66,True
2330,BAK-002330-249,General Mills Croissants 4ct,Bakery,Bakery,General Mills,11.79,8.99,True
2331,GRO-002331-495,365 Whole Foods Olive Oil Extra Virgin 16.9oz,Grocery,Pantry,365 Whole Foods,11.67,8.76,True
2332,BEV-002332-664,Lays Green Tea Bags 20ct,Beverages,Drinks,Lays,8.98,6.87,True
2333,FRO-002333-439,Bounty Vanilla Ice Cream Bars 6ct,Frozen,Frozen,Bounty,5.72,4.36,True
2334,PRO-002334-675,Folgers Gala Apples 3lb Bag,Produce,Fresh,Folgers,4.44,2.47,True
2335,SNA-002335-559,Great Value Granola Bars Chewy 6ct,Snacks,Snacks,Great Value,6.01,4.41,True
2336,HOU-002336-152,Bounty Paper Plates 40ct,Household,Cleaning,Bounty,29.03,19.88,True
2337,FRO-002337-137,Lays Fish Sticks 15oz,Frozen,Frozen,Lays,11.15,7.54,True
2338,SNA-002338-944,Pepsi Tortilla Chips Restaurant Style 13oz,Snacks,Snacks,Pepsi,5.71,4.01,True
2339,BEV-002339-880,Pepsi Orange Juice Pulp Free 52oz,Beverages,Drinks,Pepsi,14.01,8.01,True
2340,BAK-002340-145,Kirkland Signature Sourdough Bread Loaf,Bakery,Bakery,Kirkland Signature,4.83,3.72,True
2341,MEA-002341-537,Pepsi Ribeye Steak 12oz,Meat,Butcher,Pepsi,21.4,13.03,True
2342,GRO-002342-979,Kraft Spaghetti Pasta 16oz,Grocery,Pantry,Kraft,1.73,1.24,True
2343,MEA-002343-788,Kraft Italian Sausage Links 12oz,Meat,Butcher,Kraft,19.79,11.25,True
2344,HOU-002344-971,Bounty Batteries AA 24ct,Household,Cleaning,Bounty,19.06,14.68,True
2345,SNA-002345-780,Wonder Bread Granola Bars Chewy 6ct,Snacks,Snacks,Wonder Bread,5.11,2.99,True
2346,SNA-002346-896,Hellmanns Mixed Nuts Roasted 15oz,Snacks,Snacks,Hellmanns,11.78,7.09,True
2347,FRO-002347-621,Chiquita Frozen Waffles 10ct,Frozen,Frozen,Chiquita,6.95,5.38,False
2348,GRO-002348-920,Dole All-Purpose Flour 5lb Bag,Grocery,Pantry,Dole,11.39,6.54,True
2349,MEA-002349-575,General Mills Pork Chops Bone-In 1lb,Meat,Butcher,General Mills,32.15,24.53,True
2350,SNA-002350-860,Private Selection Granola Bars Chewy 6ct,Snacks,Snacks,Private Selection,5.97,4.06,True
2351,MEA-002351-592,Hellmanns Atlantic Salmon Fillet 1lb,Meat,Butcher,Hellmanns,33.44,23.49,True
2352,GRO-002352-934,Tide Honey Wheat Bread Loaf,Grocery,Pantry,Tide,6.35,4.1,False
2353,HOU-002353-415,Coca-Cola Surface Cleaner Spray 22oz,Household,Cleaning,Coca-Cola,12.06,9.07,True
2354,BAK-002354-515,Nestle Whole Wheat Bread,Bakery,Bakery,Nestle,6.32,3.82,True
2355,DAI-002355-712,Kraft Sour Cream 16oz,Dairy,Dairy,Kraft,5.12,3.26,True
2356,PRO-002356-253,Great Value Hass Avocados 4ct,Produce,Fresh,Great Value,7.61,5.05,True
2357,DAI-002357-582,Great Value Whole Milk Gallon,Dairy,Dairy,Great Value,3.37,1.96,False
2358,HOU-002358-946,Oscar Mayer Mop Refills 2ct,Household,Cleaning,Oscar Mayer,25.99,18.28,True
2359,DAI-002359-202,Chiquita Salted Butter Sticks 16oz,Dairy,Dairy,Chiquita,1.75,1.2,False
2360,GRO-002360-908,Nestle Ketchup 20oz,Grocery,Pantry,Nestle,3.28,2.1,False
2361,PRO-002361-398,Heinz Roma Tomatoes 2lb Package,Produce,Fresh,Heinz,8.49,5.7,True
2362,BEV-002362-573,Horizon Organic Orange Juice Pulp Free 52oz,Beverages,Drinks,Horizon Organic,10.46,6.38,True
2363,SNA-002363-721,Nature Valley Tortilla Chips Restaurant Style 13oz,Snacks,Snacks,Nature Valley,3.91,2.41,True
2364,HOU-002364-811,Kraft Mop Refills 2ct,Household,Cleaning,Kraft,19.17,12.54,False
2365,BEV-002365-822,Wonder Bread Coffee Ground Medium Roast 12oz,Beverages,Drinks,Wonder Bread,12.86,8.31,True
2366,BEV-002366-315,Chiquita Cold Brew Coffee 48oz,Beverages,Drinks,Chiquita,6.26,3.66,True
2367,PRO-002367-996,Heinz Organic Bananas Bunch,Produce,Fresh,Heinz,2.67,1.53,True
2368,DAI-002368-389,Horizon Organic String Cheese 12ct,Dairy,Dairy,Horizon Organic,10.3,7.29,True
2369,FRO-002369-225,Private Selection Fish Sticks 15oz,Frozen,Frozen,Private Selection,14.18,9.98,True
2370,BEV-002370-771,Nature Valley Spring Water 24x16.9oz Bottles,Beverages,Drinks,Nature Valley,3.88,2.27,True
2371,PRO-002371-961,Kirkland Signature Organic Bananas Bunch,Produce,Fresh,Kirkland Signature,11.27,6.85,True
2372,FRO-002372-507,Oscar Mayer Frozen Berries Blend 16oz,Frozen,Frozen,Oscar Mayer,12.5,9.35,True
2373,HOU-002373-532,Folgers Fabric Softener 60oz,Household,Cleaning,Folgers,24.74,19.06,True
2374,DAI-002374-356,Kraft Whole Milk Gallon,Dairy,Dairy,Kraft,6.15,4.07,False
2375,DAI-002375-345,Pepsi Whole Milk Gallon,Dairy,Dairy,Pepsi,7.29,4.84,True
2376,MEA-002376-527,Kraft Ground Pork 1lb,Meat,Butcher,Kraft,6.14,3.39,True
2377,HOU-002377-445,Bounty Batteries AA 24ct,Household,Cleaning,Bounty,5.07,3.35,True
2378,SNA-002378-251,Nestle Pretzels Mini 16oz,Snacks,Snacks,Nestle,5.18,3.63,True
2379,SNA-002379-500,Lays Mixed Nuts Roasted 15oz,Snacks,Snacks,Lays,11.7,9.11,True
2380,MEA-002380-565,Kirkland Signature Ribeye Steak 12oz,Meat,Butcher,Kirkland Signature,33.91,23.26,True
2381,FRO-002381-440,Dole Frozen Pizza Pepperoni 12in,Frozen,Frozen,Dole,3.7,2.54,False
2382,PRO-002382-574,Private Selection Fresh Strawberries 16oz,Produce,Fresh,Private Selection,11.99,8.27,True
2383,HOU-002383-560,General Mills Batteries AA 24ct,Household,Cleaning,General Mills,12.93,9.76,True
2384,MEA-002384-360,Heinz Chicken Thighs Family Pack,Meat,Butcher,Heinz,16.83,9.27,True
2385,MEA-002385-506,General Mills Italian Sausage Links 12oz,Meat,Butcher,General Mills,5.06,2.84,True
2386,BEV-002386-526,Doritos Apple Juice 64oz Bottle,Beverages,Drinks,Doritos,3.68,2.76,True
2387,BEV-002387-152,Oscar Mayer Sports Drink Variety 6x20oz,Beverages,Drinks,Oscar Mayer,9.2,6.29,True
2388,SNA-002388-975,Coca-Cola Mixed Nuts Roasted 15oz,Snacks,Snacks,Coca-Cola,4.04,3.14,True
2389,HOU-002389-771,Doritos Dish Soap Liquid 24oz,Household,Cleaning,Doritos,11.0,7.78,True
2390,MEA-002390-201,Great Value Italian Sausage Links 12oz,Meat,Butcher,Great Value,8.89,6.42,True
2391,BEV-002391-525,Tyson Cold Brew Coffee 48oz,Beverages,Drinks,Tyson,5.35,3.47,True
2392,HOU-002392-416,Dole Laundry Detergent Liquid 100oz,Household,Cleaning,Dole,34.93,24.77,True
2393,PRO-002393-973,Coca-Cola Gala Apples 3lb Bag,Produce,Fresh,Coca-Cola,12.25,9.42,True
2394,BEV-002394-883,Coca-Cola Orange Juice Pulp Free 52oz,Beverages,Drinks,Coca-Cola,8.68,5.02,True
2395,SNA-002395-225,Lays Beef Jerky Original 2.85oz,Snacks,Snacks,Lays,6.92,4.78,True
2396,HOU-002396-280,Bounty Laundry Detergent Liquid 100oz,Household,Cleaning,Bounty,16.63,9.87,True
2397,GRO-002397-923,Hellmanns Mayonnaise 30oz,Grocery,Pantry,Hellmanns,12.63,9.17,False
2398,DAI-002398-264,Chiquita Sharp Cheddar Cheese Block 8oz,Dairy,Dairy,Chiquita,7.4,5.24,True
2399,HOU-002399-973,Chiquita Paper Towels 6 Rolls,Household,Cleaning,Chiquita,16.67,12.07,True
2400,SNA-002400-271,Nestle Chocolate Bar Milk 1.55oz,Snacks,Snacks,Nestle,3.51,2.45,True
2401,PRO-002401-954,General Mills Clementines 3lb Bag,Produce,Fresh,General Mills,8.98,6.82,True
2402,FRO-002402-757,Chiquita Fish Sticks 15oz,Frozen,Frozen,Chiquita,7.73,5.85,True
2403,MEA-002403-463,Heinz Boneless Chicken Breast 1lb,Meat,Butcher,Heinz,5.5,3.87,True
2404,HOU-002404-422,Great Value Sponges Scrub 6ct,Household,Cleaning,Great Value,30.85,17.57,True
2405,SNA-002405-707,Coca-Cola Cookies Sandwich 15.25oz,Snacks,Snacks,Coca-Cola,2.88,1.91,False
2406,HOU-002406-930,Hellmanns Laundry Detergent Liquid 100oz,Household,Cleaning,Hellmanns,5.96,4.42,True
2407,BEV-002407-400,Private Selection Apple Juice 64oz Bottle,Beverages,Drinks,Private Selection,3.94,2.26,True
2408,DAI-002408-935,Tyson String Cheese 12ct,Dairy,Dairy,Tyson,5.73,3.35,True
2409,BAK-002409-472,Lays Bagels Plain 6ct,Bakery,Bakery,Lays,2.17,1.35,True
2410,GRO-002410-435,Dole Long Grain White Rice 2lb Bag,Grocery,Pantry,Dole,3.45,1.97,True
2411,SNA-002411-216,Bounty Tortilla Chips Restaurant Style 13oz,Snacks,Snacks,Bounty,2.4,1.47,True
2412,PRO-002412-317,Heinz Gala Apples 3lb Bag,Produce,Fresh,Heinz,8.1,4.6,True
2413,BEV-002413-979,Doritos Apple Juice 64oz Bottle,Beverages,Drinks,Doritos,4.41,3.15,True
2414,SNA-002414-773,Doritos Mixed Nuts Roasted 15oz,Snacks,Snacks,Doritos,4.77,3.61,True
2415,GRO-002415-195,Private Selection Canned Black Beans 15oz,Grocery,Pantry,Private Selection,8.99,5.5,True
2416,PRO-002416-104,Heinz Hass Avocados 4ct,Produce,Fresh,Heinz,2.54,1.68,True
2417,HOU-002417-209,Doritos Sponges Scrub 6ct,Household,Cleaning,Doritos,12.92,8.86,True
2418,MEA-002418-272,Chiquita Ground Beef 80/20 1lb,Meat,Butcher,Chiquita,10.54,8.02,True
2419,PRO-002419-581,Great Value Green Seedless Grapes 2lb,Produce,Fresh,Great Value,3.85,2.74,True
2420,SNA-002420-105,Private Selection Pretzels Mini 16oz,Snacks,Snacks,Private Selection,9.26,6.96,True
2421,MEA-002421-343,Doritos Italian Sausage Links 12oz,Meat,Butcher,Doritos,6.77,4.05,True
2422,MEA-002422-452,Dole Rotisserie Chicken Whole,Meat,Butcher,Dole,9.08,7.03,True
2423,BEV-002423-731,General Mills Coffee Ground Medium Roast 12oz,Beverages,Drinks,General Mills,13.34,7.72,True
2424,FRO-002424-515,Coca-Cola Frozen Pizza Pepperoni 12in,Frozen,Frozen,Coca-Cola,10.28,7.42,True
2425,DAI-002425-222,Heinz Almond Milk Unsweetened 64oz,Dairy,Dairy,Heinz,12.61,7.66,True
2426,MEA-002426-848,Kirkland Signature Pork Chops Bone-In 1lb,Meat,Butcher,Kirkland Signature,7.16,4.59,False
2427,BEV-002427-102,Heinz Pepsi Cola 12x12oz Cans,Beverages,Drinks,Heinz,10.99,7.86,True
2428,GRO-002428-449,Coca-Cola Honey Wheat Bread Loaf,Grocery,Pantry,Coca-Cola,3.7,2.16,True
2429,PRO-002429-432,Bounty Cucumber 3ct,Produce,Fresh,Bounty,12.72,8.1,True
2430,BEV-002430-306,Oscar Mayer Sparkling Water Lime 8x12oz,Beverages,Drinks,Oscar Mayer,13.35,7.79,True
2431,MEA-002431-348,Oscar Mayer Chicken Thighs Family Pack,Meat,Butcher,Oscar Mayer,19.69,15.13,True
2432,BEV-002432-574,Private Selection Coca-Cola Classic 12x12oz Cans,Beverages,Drinks,Private Selection,5.31,3.87,True
2433,FRO-002433-308,Dole Frozen Lasagna Family Size,Frozen,Frozen,Dole,8.24,6.2,True
2434,BEV-002434-887,Private Selection Orange Juice Pulp Free 52oz,Beverages,Drinks,Private Selection,3.65,2.67,True
2435,FRO-002435-759,Dole French Fries Crinkle 32oz,Frozen,Frozen,Dole,6.07,3.62,True
2436,FRO-002436-264,Tyson Fish Sticks 15oz,Frozen,Frozen,Tyson,9.01,5.86,True
2437,MEA-002437-493,Nature Valley Chicken Thighs Family Pack,Meat,Butcher,Nature Valley,11.56,8.88,True
2438,DAI-002438-838,Tyson Large Grade A Eggs 12ct,Dairy,Dairy,Tyson,5.63,3.43,True
2439,SNA-002439-120,Tide Mixed Nuts Roasted 15oz,Snacks,Snacks,Tide,2.03,1.56,True
2440,BEV-002440-875,General Mills Coffee Ground Medium Roast 12oz,Beverages,Drinks,General Mills,14.5,11.08,True
2441,SNA-002441-608,Wonder Bread Popcorn Microwave Butter 6ct,Snacks,Snacks,Wonder Bread,12.73,7.01,False
2442,HOU-002442-529,Doritos Fabric Softener 60oz,Household,Cleaning,Doritos,22.03,12.12,True
2443,PRO-002443-838,Dole Clementines 3lb Bag,Produce,Fresh,Dole,10.23,6.22,True
2444,MEA-002444-785,Tide Chicken Thighs Family Pack,Meat,Butcher,Tide,30.25,20.82,True
2445,PRO-002445-739,Nature Valley Russet Potatoes 5lb Bag,Produce,Fresh,Nature Valley,3.59,2.18,True
2446,HOU-002446-877,Nature Valley Surface Cleaner Spray 22oz,Household,Cleaning,Nature Valley,12.23,7.66,True
2447,SNA-002447-178,Folgers Potato Chips Classic 10oz,Snacks,Snacks,Folgers,2.5,1.89,True
2448,GRO-002448-522,365 Whole Foods Tomato Sauce 15oz,Grocery,Pantry,365 Whole Foods,7.55,5.44,True
2449,SNA-002449-238,Folgers Beef Jerky Original 2.85oz,Snacks,Snacks,Folgers,3.87,2.32,True
2450,GRO-002450-701,Great Value Canned Black Beans 15oz,Grocery,Pantry,Great Value,6.08,4.73,True
2451,FRO-002451-448,Horizon Organic Chicken Nuggets 24oz,Frozen,Frozen,Horizon Organic,14.11,9.75,True
2452,BEV-002452-864,Doritos Sports Drink Variety 6x20oz,Beverages,Drinks,Doritos,10.72,7.77,True
2453,BEV-002453-773,Kraft Apple Juice 64oz Bottle,Beverages,Drinks,Kraft,12.2,8.75,True
2454,FRO-002454-438,Private Selection Chicken Nuggets 24oz,Frozen,Frozen,Private Selection,4.64,3.09,True
2455,BEV-002455-813,Private Selection Coca-Cola Classic 12x12oz Cans,Beverages,Drinks,Private Selection,7.5,4.74,True
2456,DAI-002456-742,Coca-Cola Whole Milk Gallon,Dairy,Dairy,Coca-Cola,7.98,5.61,True
2457,DAI-002457-850,Kirkland Signature Greek Yogurt Plain 32oz,Dairy,Dairy,Kirkland Signature,3.39,2.51,True
2458,BEV-002458-777,Kirkland Signature Sparkling Water Lime 8x12oz,Beverages,Drinks,Kirkland Signature,8.66,6.0,True
2459,MEA-002459-874,Wonder Bread Ground Turkey 1lb,Meat,Butcher,Wonder Bread,31.39,19.43,True
2460,DAI-002460-953,Horizon Organic String Cheese 12ct,Dairy,Dairy,Horizon Organic,11.83,7.8,True
2461,HOU-002461-279,Doritos Paper Towels 6 Rolls,Household,Cleaning,Doritos,25.52,19.28,True
2462,DAI-002462-257,Horizon Organic Greek Yogurt Plain 32oz,Dairy,Dairy,Horizon Organic,6.15,4.0,True
2463,DAI-002463-632,Folgers Salted Butter Sticks 16oz,Dairy,Dairy,Folgers,9.64,7.26,True
2464,HOU-002464-948,Kraft Aluminum Foil 200sq ft,Household,Cleaning,Kraft,34.91,23.48,True
2465,FRO-002465-725,Kraft Fish Sticks 15oz,Frozen,Frozen,Kraft,13.11,8.55,True
2466,MEA-002466-300,Great Value Ground Pork 1lb,Meat,Butcher,Great Value,17.16,10.92,True
2467,PRO-002467-218,Heinz Cucumber 3ct,Produce,Fresh,Heinz,10.61,6.14,True
2468,SNA-002468-590,Doritos Tortilla Chips Restaurant Style 13oz,Snacks,Snacks,Doritos,5.91,4.13,True
2469,DAI-002469-284,Lays Whole Milk Gallon,Dairy,Dairy,Lays,7.6,4.59,True
2470,GRO-002470-656,Hellmanns Granulated Sugar 4lb Bag,Grocery,Pantry,Hellmanns,11.64,7.05,True
2471,HOU-002471-195,Doritos LED Light Bulbs 4ct,Household,Cleaning,Doritos,12.78,8.01,True
2472,DAI-002472-602,Private Selection Whole Milk Gallon,Dairy,Dairy,Private Selection,11.24,6.71,True
2473,MEA-002473-191,Wonder Bread Ground Pork 1lb,Meat,Butcher,Wonder Bread,20.53,14.24,True
2474,SNA-002474-571,Chiquita Tortilla Chips Restaurant Style 13oz,Snacks,Snacks,Chiquita,3.22,1.98,True
2475,GRO-002475-898,Great Value Long Grain White Rice 2lb Bag,Grocery,Pantry,Great Value,1.61,1.13,True
2476,GRO-002476-268,Chiquita Spaghetti Pasta 16oz,Grocery,Pantry,Chiquita,10.15,7.47,True
2477,PRO-002477-592,Nestle Clementines 3lb Bag,Produce,Fresh,Nestle,12.44,7.12,True
2478,SNA-002478-906,Kirkland Signature Granola Bars Chewy 6ct,Snacks,Snacks,Kirkland Signature,8.67,6.7,True
2479,DAI-002479-488,Chiquita Sour Cream 16oz,Dairy,Dairy,Chiquita,9.15,6.7,True
2480,BEV-002480-263,Tyson Coffee Ground Medium Roast 12oz,Beverages,Drinks,Tyson,4.47,3.29,True
2481,SNA-002481-602,Dole Beef Jerky Original 2.85oz,Snacks,Snacks,Dole,7.4,5.38,True
2482,BEV-002482-907,Hellmanns Apple Juice 64oz Bottle,Beverages,Drinks,Hellmanns,3.98,2.54,True
2483,BAK-002483-145,Great Value Cinnamon Rolls 8ct,Bakery,Bakery,Great Value,8.3,4.57,True
2484,MEA-002484-751,Bounty Ribeye Steak 12oz,Meat,Butcher,Bounty,15.23,9.64,True
2485,SNA-002485-486,Tide Popcorn Microwave Butter 6ct,Snacks,Snacks,Tide,7.88,4.76,True
2486,BEV-002486-429,General Mills Apple Juice 64oz Bottle,Beverages,Drinks,General Mills,7.74,4.34,True
2487,DAI-002487-484,Heinz Cottage Cheese 16oz,Dairy,Dairy,Heinz,9.83,6.66,True
2488,FRO-002488-312,Private Selection Frozen Pizza Pepperoni 12in,Frozen,Frozen,Private Selection,6.25,4.3,True
2489,FRO-002489-890,Great Value French Fries Crinkle 32oz,Frozen,Frozen,Great Value,10.67,7.43,True
2490,SNA-002490-166,Pepsi Popcorn Microwave Butter 6ct,Snacks,Snacks,Pepsi,2.0,1.47,True
2491,BAK-002491-227,Lays Donuts Glazed 12ct,Bakery,Bakery,Lays,11.71,8.91,True
2492,BEV-002492-977,Tyson Cold Brew Coffee 48oz,Beverages,Drinks,Tyson,10.89,7.36,True
2493,MEA-002493-487,Nestle Rotisserie Chicken Whole,Meat,Butcher,Nestle,26.54,15.74,True
2494,BAK-002494-258,General Mills Donuts Glazed 12ct,Bakery,Bakery,General Mills,9.16,5.34,True
2495,BEV-002495-685,Lays Orange Juice Pulp Free 52oz,Beverages,Drinks,Lays,10.91,7.67,True
2496,BEV-002496-348,Great Value Orange Juice Pulp Free 52oz,Beverages,Drinks,Great Value,13.6,9.85,True
2497,SNA-002497-206,Nestle Chocolate Bar Milk 1.55oz,Snacks,Snacks,Nestle,4.91,3.58,True
2498,GRO-002498-398,Tide Ketchup 20oz,Grocery,Pantry,Tide,12.35,8.59,True
2499,HOU-002499-291,Kirkland Signature Paper Plates 40ct,Household,Cleaning,Kirkland Signature,17.09,10.3,True
2500,HOU-002500-291,Oscar Mayer LED Light Bulbs 4ct,Household,Cleaning,Oscar Mayer,13.8,10.63,True
